customer_id,region,age,household_size,tenure_months,contract_type,internet_service,monthly_charges,autopay,paperless_billing,streaming_services,support_tickets,late_payments,satisfaction_score,churned,predicted_churn_probability,revenue_at_risk
CUST-00001,West,28,5,7,month-to-month,fiber,116.21,1,1,4,4,1,6.3,1,0.8938604247549743,103.87551996077556
CUST-00002,Midwest,31,3,56,one-year,dsl,93.14,0,1,2,1,0,6.3,0,0.22196931754268817,20.674222235925978
CUST-00003,Midwest,30,2,48,two-year,fiber,117.0,0,0,4,3,0,6.3,0,0.3608756890922611,42.222455623794545
CUST-00004,Northeast,76,4,32,one-year,fiber,73.42,1,1,1,0,1,8.3,0,0.15347491856933163,11.268128521360328
CUST-00005,Northeast,47,2,32,month-to-month,dsl,49.75,1,0,1,1,0,8.9,0,0.19955976000455636,9.928098060226679
CUST-00006,Midwest,48,3,62,month-to-month,dsl,77.05,0,1,0,0,0,9.5,0,0.18394316765169222,14.172821067562884
CUST-00007,South,55,3,7,two-year,none,78.71,1,1,3,2,0,7.2,0,0.20252927956029196,15.94107959419058
CUST-00008,Northeast,27,4,51,two-year,dsl,97.93,1,0,3,0,0,7.5,0,0.04546233915047706,4.452126873006219
CUST-00009,Northeast,77,1,15,month-to-month,dsl,90.4,1,1,1,4,1,5.8,0,0.8496457270485362,76.80797372518768
CUST-00010,Midwest,42,2,7,one-year,dsl,74.11,1,0,1,3,0,7.0,0,0.30461415331383523,22.57495490208833
CUST-00011,West,48,4,38,month-to-month,dsl,65.79,0,1,2,1,0,8.4,0,0.375856846459196,24.727621928550505
CUST-00012,Northeast,33,3,71,month-to-month,dsl,103.11,0,0,3,1,2,6.4,0,0.5977054876423249,61.62941283080012
CUST-00013,Midwest,35,4,53,month-to-month,fiber,94.31,0,1,1,2,1,5.6,1,0.8072269404685093,76.12957275558512
CUST-00014,South,28,4,55,month-to-month,dsl,73.81,1,0,2,3,1,6.2,0,0.5646132425113519,41.67410342976289
CUST-00015,West,48,2,52,month-to-month,dsl,59.72,1,1,0,0,1,7.5,0,0.2907492365150148,17.36354440467668
CUST-00016,Midwest,76,3,57,two-year,fiber,104.75,1,0,4,0,0,8.1,0,0.06160196535337324,6.452805870765847
CUST-00017,South,19,1,37,month-to-month,dsl,108.35,1,1,4,0,0,7.3,0,0.37665604323009394,40.810682283980675
CUST-00018,South,44,4,10,month-to-month,dsl,123.99,0,0,3,1,0,6.2,1,0.7761970551485106,96.24067286786382
CUST-00019,Midwest,41,3,61,month-to-month,fiber,112.65,0,1,4,0,0,8.4,0,0.39110859584780794,44.058383322255565
CUST-00020,West,59,2,33,month-to-month,fiber,102.39,0,1,3,1,1,7.3,0,0.7496122475283604,76.75279802442883
CUST-00021,South,62,3,37,month-to-month,fiber,157.13,0,1,4,2,1,5.8,1,0.9110724166952626,143.15680883532661
CUST-00022,Midwest,71,1,27,one-year,fiber,102.65,1,1,2,2,1,7.8,0,0.36118063590462335,37.07519227560959
CUST-00023,South,33,3,14,month-to-month,fiber,88.09,1,1,1,0,0,6.4,1,0.6242458097148403,54.98981337778029
CUST-00024,South,30,5,67,one-year,fiber,116.16,0,1,4,0,0,7.8,0,0.15917660132867226,18.48995401033857
CUST-00025,Midwest,46,2,57,two-year,fiber,85.12,1,1,0,1,0,8.1,0,0.07367553736796752,6.271261740761395
CUST-00026,West,25,2,47,month-to-month,fiber,127.3,0,1,2,1,2,7.8,1,0.7555354288111491,96.17966008765927
CUST-00027,West,46,3,29,two-year,dsl,64.03,1,1,3,0,0,8.0,0,0.055332988447424146,3.542971250288568
CUST-00028,Northeast,33,2,60,two-year,dsl,103.55,0,1,3,2,0,8.1,0,0.10482213325419222,10.854331898471605
CUST-00029,West,36,2,40,one-year,fiber,112.8,1,1,3,0,0,7.9,0,0.1476194398855235,16.65147281908705
CUST-00030,Midwest,60,3,32,one-year,fiber,95.27,0,1,2,2,0,7.8,0,0.35493826606769446,33.81496860826925
CUST-00031,South,26,4,33,one-year,fiber,125.47,0,1,4,0,1,9.5,0,0.23195315357415794,29.103162178949596
CUST-00032,South,40,2,17,one-year,fiber,92.28,1,1,1,1,0,7.0,0,0.31056635085432693,28.65906285683729
CUST-00033,Midwest,58,2,7,one-year,fiber,82.41,0,0,0,0,1,8.1,0,0.3588184484495642,29.570228336728583
CUST-00034,South,47,4,40,month-to-month,fiber,104.51,1,0,3,1,1,7.8,0,0.5338025963150391,55.78770934088474
CUST-00035,South,69,3,64,two-year,fiber,100.16,0,0,1,1,0,6.5,0,0.19628651073865186,19.660056915583368
CUST-00036,Midwest,19,2,5,one-year,none,59.98,1,1,2,1,0,8.3,0,0.1386772700492683,8.317862657555112
CUST-00037,Midwest,42,5,62,one-year,fiber,136.55,0,1,2,0,1,7.4,0,0.2819038361645351,38.49396882826728
CUST-00038,West,18,5,60,month-to-month,dsl,95.77,1,0,1,2,1,6.0,1,0.5120110097632332,49.03529440502484
CUST-00039,West,21,5,20,month-to-month,fiber,125.03,1,1,4,0,0,7.7,0,0.5119607296403248,64.0104500269298
CUST-00040,South,42,2,46,month-to-month,fiber,87.35,1,1,1,3,1,5.8,0,0.7832181189426055,68.4141026896366
CUST-00041,Northeast,33,5,12,month-to-month,none,100.81,0,1,3,0,0,8.6,0,0.4572795983163763,46.0983563062739
CUST-00042,West,27,2,55,month-to-month,fiber,105.33,1,0,0,1,0,7.5,0,0.39224201115122354,41.31485103455837
CUST-00043,West,75,1,51,month-to-month,dsl,99.59,0,0,4,0,0,9.9,0,0.21894785510630746,21.805016890037162
CUST-00044,Midwest,65,3,26,month-to-month,none,75.47,1,0,4,1,0,7.1,0,0.4181001968046172,31.554021852844457
CUST-00045,Midwest,44,5,5,month-to-month,dsl,75.93,1,1,0,1,0,8.0,0,0.44404416637232075,33.716273552650314
CUST-00046,South,75,1,70,month-to-month,fiber,143.29,1,0,3,3,1,6.1,1,0.7613539343884219,109.09440525851697
CUST-00047,Midwest,23,1,33,two-year,dsl,87.92,1,0,2,1,0,6.8,0,0.10446949611348333,9.184958098297454
CUST-00048,Midwest,73,1,65,month-to-month,fiber,87.88,0,1,0,1,1,8.5,0,0.5045243467646199,44.337599593674796
CUST-00049,South,70,5,49,month-to-month,fiber,107.93,0,1,3,0,0,8.0,0,0.5037774586271545,54.37270110962879
CUST-00050,Midwest,45,2,57,month-to-month,fiber,120.58,0,0,3,0,0,7.1,0,0.524878188451664,63.28981196350165
CUST-00051,South,60,3,55,month-to-month,none,80.32,1,1,4,1,0,7.9,0,0.27932704892055865,22.435548569299268
CUST-00052,Midwest,35,1,15,month-to-month,dsl,85.13,0,0,3,3,0,7.1,1,0.7266228870297483,61.85740637284247
CUST-00053,Northeast,75,5,27,one-year,fiber,118.92,1,1,3,1,0,7.1,0,0.2810729102515994,33.425190487120204
CUST-00054,Northeast,47,4,34,two-year,fiber,124.62,1,1,3,2,0,7.4,0,0.1994557813572514,24.85617947274067
CUST-00055,Midwest,31,3,36,month-to-month,dsl,128.97,1,0,3,1,0,8.5,0,0.33460694628575244,43.15425786247349
CUST-00056,West,24,5,4,one-year,none,83.39,0,0,2,1,0,7.8,0,0.2614603099068243,21.803175243130077
CUST-00057,Midwest,59,2,40,month-to-month,fiber,117.06,0,1,3,0,0,8.3,0,0.5266989465097784,61.655378678434666
CUST-00058,West,74,3,12,month-to-month,fiber,95.09,0,1,0,0,0,7.6,1,0.6821296221531353,64.86370577054164
CUST-00059,West,59,5,54,month-to-month,dsl,76.63,1,0,3,4,0,4.5,0,0.6899105489816661,52.867845368465076
CUST-00060,West,58,3,50,month-to-month,none,75.2,0,1,1,0,0,7.6,0,0.3675305586319576,27.63829800912321
CUST-00061,West,65,2,67,one-year,none,92.18,0,0,2,1,0,7.1,0,0.15042675332109567,13.8663381211386
CUST-00062,West,35,4,54,one-year,fiber,120.72,0,1,3,1,0,7.6,0,0.25352347643710343,30.605354075487128
CUST-00063,West,38,5,27,one-year,fiber,114.53,1,1,0,2,0,6.9,0,0.3443555545078662,39.439041657785914
CUST-00064,South,63,1,70,month-to-month,fiber,98.81,1,1,3,3,0,6.6,0,0.5843820398350632,57.7427893561026
CUST-00065,South,56,5,30,one-year,fiber,88.94,0,1,1,2,1,6.5,0,0.5617447868677229,49.96158134401527
CUST-00066,South,32,3,24,month-to-month,none,75.9,0,1,3,2,0,7.5,1,0.621147417901828,47.14508901874875
CUST-00067,Midwest,21,1,66,month-to-month,fiber,89.21,1,0,3,1,0,8.1,0,0.2634522895615202,23.50257875178322
CUST-00068,Midwest,63,5,27,month-to-month,dsl,83.5,0,1,0,0,1,6.8,0,0.6344674371397432,52.97803100116855
CUST-00069,Midwest,69,3,6,one-year,none,84.69,1,0,1,2,0,8.5,0,0.1903293896607627,16.118996010369994
CUST-00070,Northeast,42,2,34,two-year,none,102.49,1,1,4,0,1,7.5,0,0.10675565388693706,10.941386966872178
CUST-00071,South,67,1,58,month-to-month,dsl,88.8,1,1,1,0,1,6.8,1,0.4075408241663293,36.189625185970044
CUST-00072,Midwest,69,1,14,one-year,none,97.24,1,0,2,1,0,8.8,0,0.13837148787136147,13.45524348061119
CUST-00073,Northeast,60,3,34,one-year,fiber,97.82,1,1,0,1,0,7.4,0,0.21075362905023554,20.61591999369404
CUST-00074,Northeast,77,2,10,one-year,fiber,111.32,0,1,3,0,0,8.3,0,0.32075106074866216,35.70600808254107
CUST-00075,West,76,2,50,month-to-month,fiber,49.53,1,1,0,0,1,6.7,0,0.45494093275944886,22.533224399575502
CUST-00076,West,37,3,35,one-year,none,59.29,0,1,1,0,0,7.9,0,0.12802856357135006,7.590813534145345
CUST-00077,Midwest,71,5,24,one-year,none,73.24,1,1,2,4,0,6.1,0,0.39340765604567723,28.8131767287854
CUST-00078,Northeast,51,5,17,two-year,fiber,112.46,1,0,3,3,2,5.9,0,0.5526979560943961,62.15641214237578
CUST-00079,South,40,1,41,month-to-month,fiber,105.71,0,1,2,1,0,6.8,0,0.7026247316393002,74.27446038159042
CUST-00080,West,32,2,49,two-year,fiber,108.8,1,1,4,0,0,8.5,0,0.06550423990676671,7.126861301856218
CUST-00081,Midwest,59,2,68,month-to-month,fiber,86.44,0,0,2,1,0,8.2,0,0.3811638471825356,32.947802950458374
CUST-00082,Northeast,66,2,32,two-year,dsl,69.46,0,1,1,1,2,6.3,1,0.3332567364934672,23.14801291683623
CUST-00083,Northeast,30,5,12,month-to-month,fiber,90.94,1,1,0,2,0,4.7,0,0.8201376818279464,74.58332078543344
CUST-00084,West,47,2,60,month-to-month,dsl,112.84,1,0,3,1,3,7.9,0,0.5165684015620843,58.28957843226559
CUST-00085,Midwest,71,4,46,month-to-month,dsl,69.45,1,0,2,1,0,7.0,1,0.32470249930595596,22.550588576798642
CUST-00086,Midwest,77,5,51,month-to-month,fiber,103.37,0,1,3,0,1,7.1,0,0.6348829642950916,65.62785201918362
CUST-00087,West,44,2,8,month-to-month,fiber,117.72,0,1,1,1,0,6.8,0,0.8186960728275701,96.37690169326154
CUST-00088,South,71,3,23,month-to-month,none,66.25,1,0,1,1,0,6.4,1,0.5079317204179309,33.650476477687924
CUST-00089,Northeast,69,5,56,month-to-month,dsl,92.81,1,1,2,2,0,6.6,0,0.42547153598016474,39.48801325431909
CUST-00090,Northeast,34,2,60,month-to-month,fiber,113.42,1,0,1,0,3,7.1,0,0.6023076984641051,68.3137391597988
CUST-00091,West,45,4,32,one-year,fiber,115.27,1,1,4,0,1,8.6,0,0.18032207523196644,20.78572561198877
CUST-00092,Midwest,25,1,58,two-year,none,77.37,1,1,3,0,0,8.0,0,0.03659106543778868,2.8310507329217103
CUST-00093,Midwest,18,5,61,one-year,dsl,126.03,1,0,4,3,0,4.6,0,0.3302185296424714,41.61744129084067
CUST-00094,South,55,1,28,month-to-month,dsl,90.5,0,1,1,1,2,5.6,1,0.854803973951379,77.3597596425998
CUST-00095,Northeast,18,4,65,month-to-month,dsl,70.48,1,1,0,0,1,8.9,0,0.14850497929390918,10.46663094063472
CUST-00096,West,37,5,21,two-year,none,66.43,1,0,0,0,1,7.4,0,0.09766103687272899,6.487622679455388
CUST-00097,West,28,1,18,month-to-month,fiber,114.51,1,0,4,4,1,6.1,1,0.8760564454916541,100.31722357324931
CUST-00098,West,33,3,50,month-to-month,dsl,105.84,1,1,4,3,0,5.8,0,0.6143532020727169,65.02314290737637
CUST-00099,Midwest,32,5,46,two-year,fiber,107.9,1,0,3,0,0,9.2,0,0.045780786949293606,4.93974691182878
CUST-00100,Midwest,50,1,11,two-year,dsl,89.45,0,1,2,2,0,7.2,0,0.29522119181135137,26.407535607525382
CUST-00101,South,64,2,60,month-to-month,none,75.75,1,1,1,0,1,6.5,0,0.39716350341541584,30.08513538371775
CUST-00102,South,50,5,15,one-year,none,55.94,1,0,3,0,0,7.4,0,0.11858073845655966,6.633406509259947
CUST-00103,Northeast,63,1,58,month-to-month,fiber,95.52,1,0,2,2,1,5.4,0,0.6948781144901915,66.3747574961031
CUST-00104,Northeast,50,5,1,one-year,dsl,61.24,0,0,3,0,0,9.0,0,0.1311074608984809,8.029020905422971
CUST-00105,South,59,4,58,month-to-month,none,48.0,0,0,0,1,1,5.9,1,0.5645162585003153,27.096780408015135
CUST-00106,South,35,2,57,month-to-month,none,75.08,1,1,2,1,0,7.2,0,0.3102377731927573,23.292652011312217
CUST-00107,South,37,2,57,one-year,dsl,84.68,1,1,3,3,1,6.5,0,0.2707421997627218,22.926449475907283
CUST-00108,South,27,2,48,month-to-month,fiber,130.84,1,0,3,1,0,7.7,0,0.46955039244092034,61.435973346970016
CUST-00109,Northeast,49,3,34,one-year,fiber,91.68,0,1,0,2,0,6.7,0,0.4167969778734026,38.21194693143355
CUST-00110,Midwest,29,5,51,month-to-month,none,30.16,1,1,0,1,1,5.9,0,0.4066275607459041,12.263887232096469
CUST-00111,South,55,4,20,two-year,dsl,118.75,1,0,4,2,1,6.0,0,0.3390311934961249,40.259954227664835
CUST-00112,Midwest,61,1,57,one-year,dsl,85.71,0,1,1,4,0,5.1,1,0.5019033555133124,43.01813660104601
CUST-00113,Midwest,71,3,41,month-to-month,dsl,79.81,0,0,2,1,0,4.9,0,0.6863823960153328,54.78017902598371
CUST-00114,South,46,2,34,one-year,fiber,97.67,1,1,3,3,0,7.2,0,0.3463436647475362,33.82738573589186
CUST-00115,Midwest,77,3,37,month-to-month,fiber,75.72,0,0,2,4,1,5.9,0,0.8806232428679425,66.68079194996061
CUST-00116,South,46,3,41,month-to-month,dsl,101.87,1,1,4,1,0,6.6,0,0.4765532820733625,48.54648284481344
CUST-00117,South,60,3,3,month-to-month,fiber,124.2,1,1,4,0,1,9.0,1,0.614015710519659,76.26075124654164
CUST-00118,Midwest,76,4,11,two-year,dsl,69.27,1,0,1,0,1,8.1,0,0.10150631964610005,7.03134276188535
CUST-00119,Midwest,49,2,18,one-year,dsl,64.47,0,1,0,1,1,8.2,0,0.26499976628296623,17.084534932262834
CUST-00120,West,73,2,9,two-year,dsl,100.99,1,0,4,0,0,9.1,0,0.07033269526083058,7.10289889439128
CUST-00121,Northeast,52,1,32,two-year,fiber,129.38,1,0,3,0,1,8.1,0,0.14610135278659162,18.90259302352922
CUST-00122,Northeast,21,2,49,two-year,dsl,113.38,1,0,3,2,1,5.3,0,0.23399726112541896,26.5306094664
CUST-00123,Northeast,47,5,48,month-to-month,fiber,117.72,1,1,2,4,1,5.8,0,0.8250407214559241,97.12379372979139
CUST-00124,Northeast,65,4,34,two-year,fiber,135.31,1,1,2,2,2,7.3,0,0.37630737337201675,50.918150690967586
CUST-00125,West,56,4,62,one-year,fiber,96.85,1,1,0,1,0,7.3,0,0.14346021315740878,13.89412164429504
CUST-00126,Northeast,32,5,41,month-to-month,fiber,121.98,1,1,2,5,1,5.2,0,0.8961232373817064,109.30911249582056
CUST-00127,South,35,3,6,one-year,none,72.73,1,1,2,1,0,7.9,0,0.18353933599962316,13.348815907252593
CUST-00128,South,61,1,56,month-to-month,none,48.0,0,1,0,0,1,6.7,1,0.48316504687089895,23.19192224980315
CUST-00129,West,65,4,42,month-to-month,fiber,125.71,0,1,3,1,1,7.0,0,0.7685277075462812,96.611618115643
CUST-00130,Midwest,28,1,46,month-to-month,dsl,77.69,1,1,3,2,0,6.5,0,0.45768500853525196,35.55754831310372
CUST-00131,Northeast,45,1,41,month-to-month,fiber,139.16,0,1,4,3,0,6.5,1,0.8336669019599198,116.01308607674244
CUST-00132,West,26,4,40,month-to-month,dsl,69.76,1,1,0,2,0,6.5,1,0.46126025587168634,32.17751544960884
CUST-00133,West,35,5,7,two-year,none,78.01,1,0,1,0,1,7.6,0,0.12449854301911396,9.712131340921081
CUST-00134,Midwest,74,2,41,one-year,dsl,89.98,1,1,2,0,1,6.7,0,0.18757030718088089,16.877576240135664
CUST-00135,South,19,2,58,month-to-month,fiber,119.52,0,1,4,0,2,9.3,1,0.5232510680117259,62.538967648761485
CUST-00136,West,51,4,22,month-to-month,fiber,109.59,1,1,1,2,0,6.6,0,0.7167565148901707,78.5493464668138
CUST-00137,Northeast,45,2,44,month-to-month,fiber,122.81,0,0,4,1,0,6.3,0,0.6987239739809371,85.81029124459889
CUST-00138,Northeast,38,1,3,month-to-month,none,101.67,1,0,4,0,0,8.6,0,0.36159423248224537,36.76328561646989
CUST-00139,West,71,2,26,one-year,dsl,62.22,1,1,0,6,2,4.8,1,0.7679211817991093,47.78005593154058
CUST-00140,Northeast,71,5,32,month-to-month,fiber,92.7,1,1,1,1,0,8.0,0,0.44937946017033925,41.65747595779045
CUST-00141,Northeast,19,4,71,one-year,fiber,91.48,1,1,1,1,0,8.5,0,0.06839208710926745,6.256508128755787
CUST-00142,Northeast,35,2,16,one-year,none,78.82,1,1,2,0,1,9.2,0,0.10614573991642184,8.36640722021237
CUST-00143,South,32,5,20,one-year,fiber,107.31,0,1,4,0,0,7.2,0,0.3485945135755819,37.4076772517957
CUST-00144,Midwest,21,2,30,two-year,dsl,104.0,0,1,1,1,0,7.8,0,0.15802030394857122,16.434111610651406
CUST-00145,South,48,4,72,month-to-month,dsl,88.4,0,0,3,3,1,4.5,0,0.7806817502126111,69.01226671879482
CUST-00146,South,41,1,62,two-year,fiber,108.68,1,0,0,2,0,7.1,0,0.1379276361923534,14.989975501384968
CUST-00147,Northeast,41,5,3,one-year,fiber,91.87,0,1,2,1,0,8.3,0,0.3383729301130334,31.08632108948438
CUST-00148,South,60,2,17,one-year,fiber,97.28,0,0,1,4,2,4.7,1,0.8856025810460372,86.15141908415849
CUST-00149,West,76,3,60,one-year,fiber,107.81,0,1,4,2,1,8.9,0,0.26065938816132783,28.101688637672755
CUST-00150,South,57,3,5,two-year,dsl,102.85,1,1,3,3,1,6.6,1,0.41956656284826843,43.15242098894441
CUST-00151,South,55,3,62,two-year,dsl,68.36,0,0,1,0,0,6.6,0,0.0862551770686419,5.89640390441236
CUST-00152,West,46,3,21,month-to-month,fiber,78.32,1,1,3,0,1,8.5,0,0.45589005495876367,35.705309104370365
CUST-00153,Northeast,42,4,67,one-year,dsl,65.57,0,0,1,0,1,9.9,0,0.04484399834089961,2.940420971212787
CUST-00154,Northeast,48,5,22,one-year,fiber,115.33,1,1,2,1,0,5.9,0,0.37749046487645815,43.53597531420192
CUST-00155,West,33,2,32,month-to-month,fiber,95.97,0,0,2,0,1,8.2,0,0.5761629851952982,55.29436168919277
CUST-00156,South,49,4,48,two-year,dsl,106.66,1,1,4,3,0,5.9,0,0.2214109747329887,23.615694565020576
CUST-00157,Northeast,40,3,10,month-to-month,dsl,75.89,0,1,1,0,0,7.8,0,0.5022119034356809,38.11286135173383
CUST-00158,South,40,3,41,one-year,dsl,45.9,1,1,0,1,2,6.2,0,0.25939730054045834,11.906336094807038
CUST-00159,Northeast,70,3,37,month-to-month,fiber,109.11,1,0,0,2,0,7.8,0,0.5267699951525957,57.47587417109972
CUST-00160,South,22,5,57,month-to-month,dsl,111.38,0,0,4,2,1,6.2,0,0.6833369617142884,76.11007079573744
CUST-00161,Northeast,67,4,72,two-year,fiber,92.51,1,1,1,2,0,8.4,0,0.06511298511137356,6.023602252653168
CUST-00162,Midwest,27,1,48,month-to-month,none,69.77,0,0,0,1,0,6.4,1,0.4990008930896052,34.81529231086176
CUST-00163,West,40,1,30,month-to-month,dsl,89.02,1,0,2,3,0,6.3,0,0.6209296825869614,55.275160343891294
CUST-00164,Midwest,61,4,30,month-to-month,none,72.26,1,1,4,2,0,4.9,1,0.6688429986587394,48.33059508308052
CUST-00165,Northeast,72,3,31,month-to-month,fiber,135.44,0,0,4,0,1,9.9,0,0.5073308423113272,68.71288928264616
CUST-00166,West,66,3,59,one-year,fiber,119.5,1,0,4,0,0,10.0,0,0.052931917418720435,6.325364131537092
CUST-00167,Midwest,61,5,24,two-year,dsl,95.42,0,0,3,0,0,10.0,0,0.0584593446485224,5.5781906663620076
CUST-00168,West,41,2,13,month-to-month,fiber,112.12,1,1,4,1,0,8.9,0,0.503741834113812,56.4795344408406
CUST-00169,West,39,2,25,one-year,dsl,100.8,0,1,3,2,0,6.6,0,0.39772199004872016,40.09037659691099
CUST-00170,South,37,4,2,month-to-month,fiber,108.25,1,1,0,2,0,7.0,0,0.768434113743656,83.18299281275077
CUST-00171,West,68,4,8,one-year,none,68.39,0,1,2,0,0,8.5,0,0.1824315433303218,12.476493248360708
CUST-00172,West,54,5,7,month-to-month,fiber,104.87,1,1,2,2,0,7.3,0,0.7100389568294871,74.46178540270832
CUST-00173,Midwest,21,5,56,month-to-month,none,90.44,0,1,2,4,0,4.7,0,0.8015071490654231,72.48830656147686
CUST-00174,Midwest,19,2,53,month-to-month,fiber,133.87,1,0,4,0,0,7.1,0,0.4144786767375271,55.486260454852754
CUST-00175,South,25,1,51,one-year,fiber,133.01,0,1,4,1,0,6.4,0,0.40557175747242813,53.945099461407665
CUST-00176,West,52,4,34,month-to-month,dsl,96.43,0,0,2,1,0,6.9,0,0.5655078287969746,54.531919930892265
CUST-00177,Northeast,76,1,52,month-to-month,fiber,87.4,0,1,0,1,0,7.0,0,0.5985952647201076,52.31722613653741
CUST-00178,South,46,3,12,one-year,none,70.35,1,1,1,1,0,7.5,0,0.19126470798160253,13.455472206505737
CUST-00179,Northeast,32,2,65,one-year,none,76.37,0,1,0,2,1,7.1,0,0.22506092941987443,17.18790317979581
CUST-00180,Northeast,44,2,37,month-to-month,none,69.21,1,1,2,1,0,6.3,0,0.4348511061757722,30.096045058425194
CUST-00181,West,60,5,68,one-year,none,80.77,1,1,1,4,0,5.5,0,0.26930017608122186,21.751375222080288
CUST-00182,Midwest,18,2,11,two-year,dsl,107.18,0,1,0,5,1,4.5,0,0.7850207573770107,84.13852477566802
CUST-00183,South,57,5,36,month-to-month,fiber,94.15,0,1,0,1,0,8.0,0,0.5990738053449179,56.40279877322403
CUST-00184,West,74,2,51,one-year,dsl,73.31,0,1,2,1,0,7.8,0,0.15115334789374282,11.081051934090286
CUST-00185,Northeast,74,2,36,month-to-month,fiber,82.96,0,1,0,2,0,7.1,1,0.702799356577992,58.30423462171021
CUST-00186,West,28,2,33,one-year,dsl,78.77,1,1,0,0,1,7.4,0,0.14744384688199358,11.614151818894634
CUST-00187,South,76,4,12,month-to-month,fiber,89.27,1,0,1,0,0,8.1,0,0.4794495408415989,42.80046051092953
CUST-00188,Northeast,24,4,28,one-year,dsl,75.51,0,0,3,1,0,7.0,0,0.20624046854323608,15.573217779699757
CUST-00189,South,46,1,18,month-to-month,fiber,97.4,0,1,3,0,3,6.4,1,0.8977254574287729,87.43845955356248
CUST-00190,South,41,2,22,month-to-month,fiber,84.67,1,0,1,1,0,7.9,0,0.49318040303685245,41.7575847251303
CUST-00191,West,58,5,50,two-year,fiber,133.68,0,0,3,0,1,7.4,0,0.2195100523615429,29.344103799691055
CUST-00192,West,64,3,46,month-to-month,fiber,90.17,1,0,0,1,0,7.5,0,0.42127871756336277,37.98670196268842
CUST-00193,Northeast,54,1,44,two-year,fiber,134.02,1,1,3,2,1,6.9,0,0.2921454038808848,39.15332702811618
CUST-00194,South,63,2,27,two-year,fiber,85.36,0,1,0,1,2,6.1,1,0.5360200360209744,45.754670274750374
CUST-00195,South,76,3,70,two-year,fiber,89.71,1,1,0,1,1,7.1,0,0.1315764060901053,11.803719390343344
CUST-00196,Midwest,48,2,7,month-to-month,dsl,113.63,1,1,4,0,1,7.3,0,0.6062112616379485,68.88378565992008
CUST-00197,Midwest,52,3,25,one-year,fiber,78.54,1,1,2,1,2,7.1,0,0.3824948971628279,30.041149223168507
CUST-00198,West,50,3,9,month-to-month,dsl,115.38,1,1,2,3,2,4.3,1,0.9328640025793719,107.63384861760792
CUST-00199,South,34,3,25,month-to-month,fiber,100.75,1,1,1,1,2,6.4,1,0.7969438440096396,80.29209228397119
CUST-00200,South,45,3,70,two-year,dsl,102.96,1,1,3,0,0,9.3,0,0.02436520264286336,2.5086412641092113
CUST-00201,South,51,1,27,one-year,fiber,109.65,1,1,3,0,0,8.8,1,0.15147712962996632,16.609467263925808
CUST-00202,Northeast,19,3,66,month-to-month,dsl,105.26,1,1,3,1,1,6.9,0,0.37744822599089944,39.730200267802076
CUST-00203,South,41,1,36,month-to-month,dsl,89.06,1,0,1,0,0,7.0,0,0.3635027436209063,32.37355434687792
CUST-00204,Northeast,34,4,51,one-year,dsl,92.93,1,0,3,2,0,7.4,0,0.11388577629704928,10.58340519128479
CUST-00205,West,57,3,33,one-year,fiber,91.97,0,1,3,2,0,8.0,0,0.32577552803922954,29.96157531376794
CUST-00206,South,41,4,20,month-to-month,fiber,87.55,1,1,2,1,1,8.7,0,0.5385567828391139,47.15064633756442
CUST-00207,South,26,2,56,two-year,fiber,88.48,0,1,1,1,0,7.2,0,0.16978744428596695,15.022793070422356
CUST-00208,Midwest,51,2,70,month-to-month,fiber,118.11,0,0,3,2,1,5.5,1,0.7852082715667067,92.74094895474373
CUST-00209,Midwest,45,4,19,month-to-month,fiber,99.06,0,1,2,0,0,8.3,0,0.5708005906878743,56.54350651354083
CUST-00210,West,57,1,57,one-year,dsl,67.35,0,1,1,3,0,6.9,0,0.2575768068591757,17.347797941965485
CUST-00211,Midwest,62,3,19,two-year,fiber,136.75,1,1,4,0,2,8.0,0,0.2839517212681447,38.83039788341879
CUST-00212,West,77,2,52,month-to-month,dsl,83.56,0,1,2,1,0,6.7,0,0.5276823269458426,44.09313523959461
CUST-00213,West,55,2,57,month-to-month,fiber,99.52,1,1,2,1,0,6.4,0,0.5102038495048682,50.77548710272448
CUST-00214,Northeast,48,3,33,month-to-month,fiber,114.13,1,1,1,0,0,8.7,0,0.360431578074873,41.136056005685255
CUST-00215,West,34,3,54,two-year,fiber,123.96,0,1,3,1,0,8.5,0,0.13907599041357932,17.23985977166729
CUST-00216,West,58,2,20,month-to-month,fiber,101.81,0,1,4,0,0,7.5,1,0.6554796693936299,66.73438514096546
CUST-00217,Midwest,42,1,6,month-to-month,dsl,77.36,1,1,3,0,0,9.6,0,0.265364665555162,20.528610527347332
CUST-00218,Northeast,75,3,7,two-year,dsl,72.02,1,1,2,0,1,8.4,0,0.10621291695794907,7.649454279311492
CUST-00219,Northeast,59,2,33,month-to-month,dsl,92.35,0,0,3,0,0,7.7,0,0.4218397285089676,38.95689892780316
CUST-00220,Northeast,34,1,65,one-year,fiber,119.11,0,1,1,0,1,6.9,0,0.2810024532933554,33.47020221177156
CUST-00221,Midwest,74,5,10,month-to-month,fiber,110.39,0,1,0,1,1,5.5,1,0.9044784408747403,99.84537508816258
CUST-00222,Midwest,45,3,33,one-year,dsl,106.85,0,0,3,1,1,6.9,0,0.34126417584410396,36.464077188942504
CUST-00223,South,55,1,51,month-to-month,fiber,120.54,0,1,0,3,2,6.0,0,0.9138549149863906,110.15607145245953
CUST-00224,Midwest,61,2,15,month-to-month,fiber,95.3,1,0,0,0,0,10.0,0,0.3004195473707228,28.62998286442988
CUST-00225,South,57,1,52,month-to-month,dsl,106.56,0,0,3,0,1,7.7,0,0.4883321175427258,52.03667044535286
CUST-00226,South,51,5,23,one-year,fiber,96.44,0,1,2,0,0,8.7,0,0.22351091769014692,21.555392902037767
CUST-00227,West,61,3,59,one-year,fiber,89.55,1,0,4,5,1,4.7,0,0.6029098665065785,53.99057854566411
CUST-00228,South,71,5,42,month-to-month,fiber,114.26,1,1,4,2,0,7.2,0,0.6098336917821437,69.67959762302775
CUST-00229,Midwest,27,2,40,month-to-month,dsl,76.02,1,1,0,3,0,6.5,0,0.5484167391230005,41.69064050813049
CUST-00230,West,51,5,13,two-year,fiber,158.77,1,1,3,2,0,6.5,0,0.4189717684888439,66.52014768297374
CUST-00231,West,54,5,34,month-to-month,dsl,83.88,1,1,1,1,0,8.8,0,0.27390691443987797,22.97531198321696
CUST-00232,Midwest,73,4,62,month-to-month,fiber,100.05,0,0,3,2,0,6.6,0,0.6370751086595756,63.739364621390536
CUST-00233,West,52,3,2,one-year,fiber,99.03,0,1,0,0,1,8.9,1,0.36439286963907824,36.085825880357916
CUST-00234,South,26,5,55,month-to-month,fiber,95.3,1,0,2,0,1,7.9,0,0.3575191801631331,34.07157786954659
CUST-00235,South,63,3,36,month-to-month,dsl,91.58,1,1,3,0,1,7.6,0,0.42579645725268817,38.99443955520118
CUST-00236,West,66,1,52,month-to-month,fiber,123.17,1,1,2,2,0,6.3,0,0.6629418167590394,81.65454357021089
CUST-00237,West,68,1,48,month-to-month,dsl,68.69,0,0,2,0,0,7.5,0,0.35453374661025316,24.352923054658287
CUST-00238,Northeast,30,3,32,month-to-month,fiber,107.88,1,1,0,0,1,9.2,0,0.3837779031346766,41.40196019016891
CUST-00239,Northeast,27,2,23,one-year,fiber,110.68,0,1,0,2,0,6.3,0,0.534561123357759,59.16522513323677
CUST-00240,Northeast,20,4,46,one-year,fiber,124.7,1,1,3,0,1,8.8,0,0.13045557080950543,16.267809679945326
CUST-00241,West,43,3,11,month-to-month,fiber,135.56,1,0,2,0,0,7.8,0,0.5691101633679332,77.14857374615703
CUST-00242,Northeast,24,3,43,two-year,fiber,96.5,0,1,2,0,0,8.7,0,0.09478040429585313,9.146309014549827
CUST-00243,West,63,2,7,month-to-month,dsl,87.97,0,0,1,0,0,8.0,0,0.5325735383333227,46.8504941671824
CUST-00244,Northeast,52,2,47,one-year,none,64.04,1,1,0,1,1,6.5,0,0.17679368099190862,11.32186733072183
CUST-00245,Northeast,36,2,46,month-to-month,dsl,86.06,1,1,3,1,0,7.7,0,0.2983402935579267,25.67516566359517
CUST-00246,Northeast,35,4,7,one-year,dsl,64.5,0,1,0,1,0,9.6,0,0.14045287702240206,9.059210567944932
CUST-00247,West,44,4,55,month-to-month,dsl,120.32,1,1,3,1,2,7.3,0,0.5374995508996665,64.67194596424787
CUST-00248,South,26,5,30,month-to-month,dsl,96.32,0,1,0,1,0,8.1,0,0.5053573271526733,48.67601775134549
CUST-00249,West,42,4,57,month-to-month,fiber,137.88,0,1,4,0,1,7.9,1,0.5894733064769684,81.2765794970444
CUST-00250,Midwest,55,3,3,month-to-month,dsl,81.05,0,1,1,0,0,8.6,0,0.4986306631779657,40.414015250574124
CUST-00251,Northeast,45,4,13,month-to-month,dsl,104.32,1,1,4,2,0,6.4,1,0.6501759126740088,67.8263512101526
CUST-00252,Northeast,47,2,36,one-year,fiber,80.44,0,0,0,0,0,8.1,0,0.16984161173293225,13.66205924779707
CUST-00253,Northeast,67,5,14,two-year,none,102.72,1,1,2,1,0,8.7,0,0.09525909813361925,9.78501456028537
CUST-00254,Northeast,40,1,24,month-to-month,dsl,106.22,0,0,2,0,0,7.5,1,0.5061008053736851,53.758027546792825
CUST-00255,West,25,5,48,two-year,fiber,101.54,1,1,0,1,0,8.9,0,0.06728803651640144,6.832427227875403
CUST-00256,Midwest,50,1,11,one-year,none,83.99,1,1,2,1,0,7.0,0,0.23744368746198916,19.942895309932467
CUST-00257,Northeast,28,5,49,two-year,fiber,90.69,0,1,1,2,1,6.9,0,0.28467968098097834,25.817600268164924
CUST-00258,South,69,4,8,one-year,fiber,121.44,0,1,2,0,0,8.0,0,0.3937333544294943,47.81497856191779
CUST-00259,Northeast,27,3,13,one-year,fiber,112.99,0,0,1,1,3,9.3,0,0.47757990672858525,53.96175366126285
CUST-00260,Midwest,61,3,43,month-to-month,dsl,73.21,0,0,0,1,1,6.7,0,0.5947392052437344,43.54085721589379
CUST-00261,Northeast,45,2,58,one-year,fiber,92.45,1,1,3,1,1,8.0,0,0.1501461958653791,13.881015807754299
CUST-00262,Northeast,47,2,13,two-year,none,95.79,1,1,2,0,0,6.7,0,0.14063106965363006,13.471050162121225
CUST-00263,Midwest,71,2,22,month-to-month,fiber,106.44,1,1,4,1,0,6.5,0,0.6768681269032599,72.04584342758298
CUST-00264,West,67,5,67,month-to-month,fiber,119.62,1,1,4,0,1,8.1,0,0.36366891416297664,43.50207551217527
CUST-00265,West,28,2,72,month-to-month,dsl,70.36,1,0,1,1,0,7.3,0,0.20131389306328548,14.164445515932766
CUST-00266,West,69,3,42,two-year,fiber,58.31,0,0,1,0,0,8.0,0,0.09827162269120422,5.730218319124118
CUST-00267,Midwest,37,4,33,month-to-month,dsl,105.05,0,1,4,2,2,6.0,0,0.8437839591231759,88.63950490588962
CUST-00268,South,40,4,25,one-year,fiber,137.47,0,1,1,5,0,5.3,1,0.8295918779665914,114.04399546406732
CUST-00269,West,67,2,45,two-year,none,75.69,1,0,0,1,1,6.1,0,0.15091326678337116,11.422625162833363
CUST-00270,Midwest,26,5,43,two-year,dsl,131.69,0,1,2,2,0,7.0,0,0.23071690778724158,30.383109586501842
CUST-00271,West,42,1,22,month-to-month,fiber,119.98,1,1,4,2,0,6.8,0,0.7217894810183499,86.60030193258163
CUST-00272,West,24,4,2,one-year,fiber,101.13,0,1,1,2,1,7.8,0,0.5672283173786109,57.36379973649892
CUST-00273,West,51,1,11,two-year,fiber,113.29,1,1,3,1,0,8.7,0,0.1633219655849129,18.502745481114786
CUST-00274,Midwest,56,5,70,month-to-month,none,71.83,0,0,1,0,0,5.3,0,0.4294243314466334,30.845549727811676
CUST-00275,West,52,1,31,one-year,dsl,90.23,1,1,1,5,0,5.0,1,0.5652541130978769,51.002878624821435
CUST-00276,South,74,5,35,month-to-month,fiber,130.92,0,0,2,2,1,8.1,1,0.770254969401733,100.84178059407488
CUST-00277,Northeast,60,4,34,one-year,fiber,79.54,0,1,0,4,0,6.8,0,0.5127317042827058,40.78267975864642
CUST-00278,Northeast,20,1,57,month-to-month,dsl,81.81,0,0,1,3,1,6.4,1,0.6636785328003013,54.295540768392655
CUST-00279,Midwest,30,4,5,month-to-month,fiber,111.45,1,0,1,4,0,5.4,1,0.8851662898549423,98.65178300433332
CUST-00280,Midwest,47,2,6,month-to-month,dsl,120.53,1,0,4,0,0,8.8,0,0.3769369996333781,45.43221656581107
CUST-00281,South,45,5,20,month-to-month,dsl,45.75,0,0,1,0,1,6.2,0,0.6226437946154614,28.485953603657357
CUST-00282,South,29,5,36,month-to-month,fiber,89.25,1,1,4,1,0,7.0,0,0.5142456799489661,45.89642693544522
CUST-00283,Northeast,49,5,49,one-year,fiber,92.74,1,0,0,0,1,8.5,0,0.10551832107125768,9.785769096148437
CUST-00284,West,49,4,36,month-to-month,fiber,124.25,1,1,2,1,1,7.8,1,0.6052481475635627,75.20208233477267
CUST-00285,Northeast,45,5,32,month-to-month,fiber,81.17,1,1,1,2,0,7.2,1,0.545171187771145,44.25154531138384
CUST-00286,Northeast,69,3,68,one-year,none,82.97,0,0,2,1,0,8.0,0,0.0969505236847406,8.043984950122926
CUST-00287,Northeast,40,1,12,one-year,dsl,128.42,1,1,3,3,0,6.9,0,0.4046069920351144,51.959629917149385
CUST-00288,Northeast,65,5,42,month-to-month,dsl,101.44,1,0,4,2,0,6.7,0,0.46415903808972225,47.08429282382142
CUST-00289,West,59,1,40,two-year,dsl,91.85,1,1,3,0,2,9.2,0,0.07797376432432468,7.161890253189221
CUST-00290,South,76,4,35,month-to-month,fiber,115.64,0,0,2,2,3,7.7,1,0.876273505580657,101.33226818534717
CUST-00291,West,56,3,59,two-year,dsl,90.16,1,1,2,0,0,8.4,0,0.035652696899942396,3.2144471524988063
CUST-00292,South,47,2,20,month-to-month,fiber,123.75,0,0,4,1,1,6.0,1,0.8711693259145752,107.80720408192867
CUST-00293,West,18,4,69,one-year,fiber,109.88,1,0,4,2,0,7.1,0,0.15008617064924556,16.4914684309391
CUST-00294,Midwest,57,2,24,two-year,fiber,108.9,0,0,3,1,0,7.7,0,0.24471906308517177,26.649905969975208
CUST-00295,Northeast,49,5,40,two-year,dsl,52.24,0,1,0,2,0,5.1,0,0.25036580740485925,13.079109778829848
CUST-00296,Northeast,71,5,38,one-year,dsl,83.72,1,1,1,0,0,9.7,0,0.046382295421931646,3.8831257727241173
CUST-00297,Northeast,53,5,62,one-year,fiber,78.89,1,1,1,2,0,6.8,0,0.16747810743983796,13.212347895928817
CUST-00298,Midwest,59,5,32,month-to-month,dsl,71.49,0,1,1,1,0,6.6,0,0.5784266714349506,41.35172274088462
CUST-00299,Northeast,72,5,21,one-year,fiber,100.29,1,0,4,1,0,7.6,0,0.21557536036003916,21.62005289050833
CUST-00300,West,75,5,2,one-year,fiber,81.16,1,1,0,4,0,5.8,0,0.6377310196418846,51.758249554135354
CUST-00301,South,31,5,27,two-year,fiber,122.78,1,1,4,3,0,6.9,0,0.31775405392092354,39.01384274041099
CUST-00302,West,32,4,60,month-to-month,dsl,87.1,1,1,4,0,0,8.8,0,0.14615534726161905,12.730130746487019
CUST-00303,Northeast,65,4,1,month-to-month,fiber,105.23,0,1,2,1,0,8.4,0,0.7090113419024111,74.60926350839073
CUST-00304,West,26,1,65,one-year,fiber,94.97,0,1,1,1,0,8.4,0,0.15070602353698154,14.312551055307136
CUST-00305,West,67,1,40,month-to-month,fiber,80.63,1,0,1,3,1,5.4,1,0.8001345165886063,64.51484607253933
CUST-00306,Midwest,26,2,11,month-to-month,dsl,91.52,0,1,3,1,0,7.2,0,0.6503591949797451,59.520873524546275
CUST-00307,South,39,2,22,month-to-month,dsl,126.63,1,0,3,0,0,8.2,0,0.38545531504010777,48.81020654352884
CUST-00308,West,69,2,40,one-year,fiber,95.81,1,1,2,1,0,8.2,0,0.16143768097021902,15.467344213756684
CUST-00309,West,26,2,23,month-to-month,none,89.11,1,0,2,0,0,8.5,0,0.27286017460496137,24.314570159048106
CUST-00310,Midwest,21,2,8,month-to-month,fiber,112.04,0,1,4,3,1,6.0,1,0.9255591602853537,103.69964831837103
CUST-00311,South,63,3,48,month-to-month,fiber,107.14,1,1,3,2,0,6.9,0,0.6024233074440523,64.54363315955575
CUST-00312,Northeast,66,4,49,two-year,dsl,80.05,1,1,3,2,0,8.2,0,0.06437953469074344,5.153581751994012
CUST-00313,West,63,5,9,one-year,dsl,51.95,0,1,1,0,0,8.1,0,0.1738561130414477,9.031825072503208
CUST-00314,West,45,1,21,month-to-month,fiber,78.23,0,1,0,4,1,6.3,1,0.9068928111376537,70.94622461529866
CUST-00315,West,63,3,18,month-to-month,dsl,101.8,0,1,2,0,0,8.6,0,0.47501985388322693,48.3570211253125
CUST-00316,Northeast,59,3,48,one-year,fiber,109.68,0,1,1,1,0,9.0,0,0.17835299718516848,19.56175673126928
CUST-00317,South,40,4,53,month-to-month,dsl,92.06,1,1,1,0,1,8.0,0,0.3049467321809684,28.07339616457995
CUST-00318,South,62,5,53,one-year,dsl,80.29,1,0,2,1,0,9.2,0,0.05216276631149777,4.1881485071501565
CUST-00319,South,29,2,68,month-to-month,none,96.82,0,1,4,0,0,7.6,1,0.3286560278919988,31.820476620503324
CUST-00320,Northeast,43,4,56,two-year,fiber,113.71,1,1,4,1,0,8.2,0,0.07833073456294631,8.906987827152625
CUST-00321,Midwest,67,3,24,month-to-month,dsl,82.84,0,1,3,1,1,7.7,0,0.6361348101401386,52.697407672009085
CUST-00322,Midwest,26,2,8,one-year,dsl,87.12,0,0,3,2,2,5.7,0,0.6611435734336679,57.59882811754115
CUST-00323,Northeast,43,3,45,month-to-month,fiber,105.19,0,1,2,0,0,7.5,0,0.5222917664393741,54.939870911757765
CUST-00324,Midwest,55,1,66,two-year,fiber,106.32,1,1,2,1,0,7.3,0,0.09873735462252796,10.497755543467171
CUST-00325,Midwest,53,1,71,two-year,none,85.77,1,1,2,0,0,8.4,0,0.029073213852849836,2.4936095521589303
CUST-00326,Midwest,75,3,17,one-year,fiber,99.87,1,1,4,1,0,7.4,0,0.2845958505157438,28.422587591007336
CUST-00327,Northeast,57,5,18,month-to-month,dsl,95.04,1,0,4,4,0,6.0,0,0.7324039475869654,69.6076711786652
CUST-00328,Northeast,19,3,3,month-to-month,fiber,101.42,0,1,2,0,1,7.5,0,0.7578816201315585,76.86435391374266
CUST-00329,South,77,4,11,one-year,dsl,102.78,1,1,3,3,0,6.5,0,0.43538837377728223,44.74921705682907
CUST-00330,Northeast,31,5,40,one-year,fiber,92.61,0,1,0,1,0,7.8,0,0.23331826759803903,21.607604762254393
CUST-00331,Midwest,53,3,40,month-to-month,none,62.77,0,1,2,0,1,7.0,0,0.5205135004780435,32.67263242500679
CUST-00332,South,70,3,27,month-to-month,dsl,115.13,1,0,4,0,3,6.6,0,0.7362373937945209,84.76301114756319
CUST-00333,South,54,2,23,month-to-month,fiber,115.77,0,1,3,2,1,5.4,1,0.9172376537929051,106.18860317960463
CUST-00334,Northeast,22,2,60,one-year,dsl,94.47,0,0,2,1,1,5.8,0,0.27646762959668014,26.117896967998373
CUST-00335,Midwest,39,5,34,one-year,dsl,76.71,0,1,1,0,0,7.6,0,0.15244218673345117,11.693840144323039
CUST-00336,Northeast,18,4,59,one-year,fiber,130.3,0,1,4,0,1,8.4,0,0.1954728326757488,25.47011009765007
CUST-00337,South,43,1,70,one-year,fiber,129.25,1,0,4,0,0,8.3,0,0.08806586133985311,11.382512578176016
CUST-00338,South,70,3,23,month-to-month,dsl,77.91,0,1,1,1,0,7.3,0,0.6084271578091026,47.40255986490718
CUST-00339,Midwest,33,4,15,month-to-month,dsl,140.62,1,1,4,3,0,6.1,1,0.782228905259723,109.99702865762225
CUST-00340,West,64,5,69,month-to-month,fiber,119.02,1,1,2,1,2,8.8,0,0.4417125898723963,52.57263244661261
CUST-00341,Midwest,20,4,46,one-year,dsl,115.29,1,0,1,0,0,8.6,0,0.06422890266897453,7.404950188706074
CUST-00342,West,33,1,21,month-to-month,fiber,128.29,0,1,1,1,0,6.8,0,0.7927907624060053,101.70712690906642
CUST-00343,Northeast,52,2,45,month-to-month,fiber,77.86,1,1,2,2,1,5.8,1,0.6984496630750231,54.3812907670213
CUST-00344,South,75,3,38,month-to-month,dsl,105.56,0,1,2,1,1,8.6,0,0.5667602614453365,59.82721319816972
CUST-00345,West,55,1,66,month-to-month,fiber,126.26,0,1,3,2,0,5.5,1,0.7755848503113448,97.92534320031041
CUST-00346,South,60,3,19,one-year,fiber,97.69,1,1,0,1,0,7.2,0,0.30531016467684746,29.825749987281228
CUST-00347,West,64,2,72,month-to-month,fiber,92.97,1,1,2,1,0,6.8,0,0.39684683828584777,36.89485055543527
CUST-00348,West,25,3,68,month-to-month,fiber,98.44,1,0,3,1,1,7.3,0,0.4073632478594546,40.10083811928471
CUST-00349,Midwest,75,2,14,one-year,fiber,105.77,0,0,4,1,1,7.7,0,0.47195300445282296,49.91846928097508
CUST-00350,Midwest,45,2,12,month-to-month,dsl,118.09,1,1,1,2,1,6.8,0,0.7491083056129151,88.46219980982914
CUST-00351,South,36,5,39,month-to-month,dsl,110.71,1,1,3,0,0,7.8,0,0.32393305678260353,35.862628716402035
CUST-00352,West,69,3,4,month-to-month,dsl,67.89,1,1,1,3,0,5.2,0,0.79654405743598,54.077376059328685
CUST-00353,West,47,1,22,one-year,dsl,85.45,0,0,3,3,0,8.2,0,0.29388284702792516,25.112289278536206
CUST-00354,West,58,4,32,month-to-month,fiber,62.8,0,0,1,0,0,8.1,0,0.43778567216587033,27.492940212016656
CUST-00355,South,40,2,70,one-year,fiber,125.35,1,1,3,4,0,6.8,0,0.33178550778788035,41.5893134012108
CUST-00356,Northeast,53,1,72,two-year,dsl,83.73,1,0,2,4,0,5.6,0,0.1552626881240317,13.000144876625177
CUST-00357,West,27,4,11,one-year,fiber,106.75,0,1,1,0,1,7.7,0,0.4192965393399904,44.75990557454397
CUST-00358,Northeast,43,2,65,month-to-month,fiber,101.69,0,1,2,2,1,7.6,0,0.6306191241932854,64.12765873921519
CUST-00359,West,45,1,7,one-year,dsl,112.2,1,0,3,2,1,5.1,1,0.5713781340057823,64.10862663544877
CUST-00360,South,32,1,54,month-to-month,dsl,92.75,1,1,3,5,1,5.8,1,0.7816936202575471,72.5020832788875
CUST-00361,West,72,4,61,month-to-month,dsl,100.66,1,1,3,2,0,6.8,0,0.4218423102515799,42.462646949924036
CUST-00362,Midwest,54,2,65,month-to-month,fiber,119.65,1,1,3,1,0,7.9,0,0.3758630663603198,44.972015890012266
CUST-00363,Northeast,70,2,17,month-to-month,fiber,97.52,0,0,4,0,0,9.3,0,0.4658965832729734,45.43423480078037
CUST-00364,West,27,3,65,month-to-month,fiber,85.91,0,1,2,2,0,6.3,1,0.6290289516791412,54.03987723875502
CUST-00365,West,43,2,9,month-to-month,dsl,80.08,1,1,2,0,0,5.7,0,0.5886711125812001,47.1407826955025
CUST-00366,South,66,1,38,month-to-month,fiber,113.15,1,1,2,2,2,5.5,1,0.8727942375503038,98.75666797881688
CUST-00367,Northeast,27,1,34,month-to-month,fiber,134.18,0,0,2,2,0,6.8,1,0.7678897768974118,103.03545026409472
CUST-00368,West,30,1,23,one-year,fiber,99.29,1,0,0,2,0,8.8,0,0.19320924866685182,19.18374630013172
CUST-00369,South,73,5,2,two-year,dsl,99.85,0,1,4,0,0,7.9,0,0.20603646563905678,20.57274109405982
CUST-00370,Midwest,25,5,56,month-to-month,dsl,97.62,0,1,2,0,0,9.2,1,0.22763342402498907,22.221574853319435
CUST-00371,West,45,4,25,one-year,fiber,94.88,1,1,2,5,0,3.6,1,0.7723897519488105,73.28433966490314
CUST-00372,Midwest,22,3,48,month-to-month,fiber,125.58,0,1,4,0,1,7.1,1,0.6643444773736752,83.42837946858613
CUST-00373,South,38,5,30,month-to-month,fiber,129.56,0,0,2,2,0,7.7,0,0.7295412726187873,94.51936728049009
CUST-00374,Midwest,66,5,27,month-to-month,fiber,104.8,1,1,2,1,0,8.4,0,0.47110782997615974,49.37210058150154
CUST-00375,Northeast,39,3,64,month-to-month,dsl,82.57,0,0,2,1,0,5.5,0,0.5020536602214648,41.454570724486345
CUST-00376,Midwest,46,4,7,month-to-month,fiber,110.85,0,0,4,2,0,6.0,0,0.861703104751236,95.51978916167451
CUST-00377,Midwest,72,1,54,month-to-month,dsl,109.35,1,0,1,1,0,7.4,0,0.3497406706035082,38.244142330493624
CUST-00378,Midwest,41,1,54,month-to-month,dsl,62.03,0,1,0,1,1,6.5,0,0.5644030605436589,35.00992184552316
CUST-00379,Northeast,54,5,28,month-to-month,none,60.7,1,0,0,2,0,8.1,0,0.3345248466122316,20.305658189362457
CUST-00380,West,49,3,19,month-to-month,none,96.7,0,1,3,1,0,7.3,0,0.6329651188116063,61.20772698908233
CUST-00381,South,61,5,1,month-to-month,fiber,73.65,0,1,0,2,1,5.2,1,0.9261542495641528,68.21126048039986
CUST-00382,Midwest,53,3,68,month-to-month,fiber,124.71,1,0,3,1,3,7.2,0,0.6565347361645479,81.87644694708077
CUST-00383,Midwest,67,1,69,month-to-month,fiber,81.43,0,1,4,1,0,7.8,0,0.434189829392275,35.35607780741296
CUST-00384,Northeast,70,1,18,month-to-month,dsl,81.12,1,0,3,0,0,7.1,0,0.3993151796060627,32.39244736964381
CUST-00385,West,77,3,3,month-to-month,fiber,94.39,1,1,0,2,1,5.9,1,0.8661608417868835,81.75692185626393
CUST-00386,Midwest,38,1,9,month-to-month,fiber,145.25,1,1,3,2,2,5.9,0,0.9190735029716832,133.495426306637
CUST-00387,Northeast,28,5,5,month-to-month,fiber,108.35,0,1,2,2,1,7.7,0,0.8298572487660806,89.91503290380483
CUST-00388,Midwest,29,2,60,two-year,fiber,92.43,0,1,0,1,0,7.6,0,0.13716085807013625,12.677778111422695
CUST-00389,South,65,4,65,month-to-month,dsl,93.44,1,1,0,0,0,6.1,0,0.34834531830796905,32.54938654269663
CUST-00390,West,70,2,12,month-to-month,dsl,83.51,1,1,3,2,0,5.9,0,0.6973998669731422,58.23986289092711
CUST-00391,Northeast,32,4,54,month-to-month,dsl,44.82,1,0,2,1,2,7.7,0,0.3095126986939026,13.872359155460714
CUST-00392,Northeast,46,2,13,two-year,none,106.56,1,1,2,3,1,6.2,0,0.3973547798779378,42.34212534379306
CUST-00393,Midwest,19,3,27,one-year,fiber,122.93,0,1,3,0,0,7.1,1,0.341953967371458,42.03640120897334
CUST-00394,Northeast,52,2,44,one-year,fiber,101.89,0,0,2,2,2,6.3,1,0.5752407378991135,58.61127878454067
CUST-00395,Northeast,60,5,52,two-year,fiber,120.69,1,0,4,1,0,8.8,0,0.06667088077102853,8.046508600255434
CUST-00396,South,27,3,63,month-to-month,dsl,91.69,1,1,0,0,0,10.0,0,0.10964793355127203,10.053619027316133
CUST-00397,West,73,3,4,two-year,dsl,82.77,0,1,1,2,1,6.8,0,0.4346024691098371,35.972046368221214
CUST-00398,West,69,2,15,month-to-month,fiber,92.06,1,0,0,4,0,6.3,1,0.8219331352507026,75.66716443117969
CUST-00399,Midwest,75,1,21,one-year,none,109.03,1,1,2,1,1,7.6,0,0.2790126469485827,30.42074889680397
CUST-00400,South,74,4,23,month-to-month,fiber,95.14,0,1,4,1,1,7.2,1,0.7896688725748082,75.12909653676725
CUST-00401,Midwest,22,1,72,month-to-month,fiber,102.94,0,1,2,0,0,7.0,0,0.4477046287680017,46.086714485378096
CUST-00402,South,44,1,56,two-year,dsl,63.38,1,1,1,2,0,8.7,0,0.04939355991908319,3.1305638276714927
CUST-00403,West,43,4,24,month-to-month,none,81.7,1,1,0,1,0,7.1,0,0.45987578305532323,37.57185147561991
CUST-00404,Midwest,19,4,70,two-year,dsl,95.29,1,0,1,0,0,7.5,0,0.03338470295041372,3.1812283441449236
CUST-00405,Midwest,74,2,36,month-to-month,none,54.94,0,1,1,0,0,7.2,0,0.4394448277795311,24.143098838207436
CUST-00406,Midwest,19,4,37,one-year,fiber,71.55,1,0,0,3,0,7.4,0,0.22106070392430358,15.81689336578392
CUST-00407,Midwest,59,1,32,two-year,dsl,65.42,1,1,0,1,0,7.3,0,0.09369007235454471,6.129204533434315
CUST-00408,Midwest,36,3,11,month-to-month,dsl,97.89,1,1,3,0,1,9.2,1,0.3760495820147796,36.811493583426774
CUST-00409,Midwest,53,5,68,two-year,fiber,123.01,0,1,3,1,1,8.0,0,0.1730716376015381,21.289542141365203
CUST-00410,South,47,2,2,one-year,fiber,88.77,0,1,3,1,1,8.2,1,0.4810399049233267,42.70191236004371
CUST-00411,South,31,4,13,one-year,none,51.28,1,1,0,1,0,7.5,1,0.15846343472916813,8.126004932911743
CUST-00412,Midwest,43,2,17,month-to-month,fiber,108.78,0,1,4,3,0,5.6,1,0.8979557594692462,97.67962751506461
CUST-00413,South,60,2,21,month-to-month,fiber,96.3,0,0,2,1,1,7.1,1,0.7893573865505379,76.0151163248168
CUST-00414,Northeast,52,2,10,one-year,dsl,86.74,1,1,2,0,1,7.1,0,0.23692748816091172,20.55109032307748
CUST-00415,Northeast,31,2,2,month-to-month,none,68.07,0,1,4,1,0,7.7,1,0.5942383161316783,40.44980217908334
CUST-00416,Northeast,33,1,49,month-to-month,none,80.72,1,1,1,0,0,8.9,0,0.16918792172083993,13.656849041306199
CUST-00417,Midwest,59,5,70,month-to-month,none,63.95,1,1,2,1,1,6.7,0,0.33420539334710797,21.372434904547557
CUST-00418,Midwest,30,3,9,two-year,fiber,88.5,1,1,0,1,0,8.5,0,0.1413883193482797,12.512866262322753
CUST-00419,South,53,5,22,month-to-month,none,73.56,0,1,2,2,0,7.0,1,0.6716834139154418,49.40903192761991
CUST-00420,Northeast,76,4,37,one-year,fiber,69.45,1,0,1,1,0,8.9,0,0.09465239796657547,6.573609038778667
CUST-00421,Midwest,52,5,67,two-year,dsl,73.18,1,0,0,1,2,8.9,0,0.049095896979264905,3.592837740942606
CUST-00422,South,34,2,50,month-to-month,fiber,112.12,1,1,3,0,0,8.8,1,0.30142539004005353,33.795814731290804
CUST-00423,West,58,1,56,month-to-month,dsl,77.46,0,1,0,1,1,7.0,1,0.5545790130582045,42.957690351488516
CUST-00424,South,74,5,42,one-year,dsl,98.14,0,1,4,1,1,8.5,0,0.22049132190491166,21.63901833174803
CUST-00425,Midwest,56,5,31,month-to-month,dsl,68.0,1,1,1,0,2,7.6,0,0.4570658537088948,31.080478052204846
CUST-00426,Midwest,52,5,15,one-year,fiber,81.02,0,1,0,0,1,7.7,1,0.3619144224431053,29.32230650634039
CUST-00427,South,54,5,63,one-year,fiber,105.49,1,1,2,3,0,6.3,0,0.3041618848195353,32.08603722961278
CUST-00428,West,22,2,58,one-year,fiber,83.24,0,1,1,2,1,6.9,0,0.36053708406665674,30.011106877708507
CUST-00429,West,19,3,2,month-to-month,fiber,135.87,0,1,3,1,0,8.2,1,0.7606338736758862,103.34732441634266
CUST-00430,West,53,4,52,one-year,dsl,93.9,1,1,3,0,1,7.3,0,0.12332522003240316,11.580238161042658
CUST-00431,South,46,5,7,one-year,fiber,104.81,1,1,2,1,0,6.8,1,0.37946190069332414,39.7714018116673
CUST-00432,South,77,1,54,month-to-month,dsl,107.06,1,1,2,1,0,6.5,0,0.47120293620725034,50.446986350348226
CUST-00433,South,46,5,60,one-year,fiber,105.77,1,0,3,3,0,7.7,0,0.19471902143131442,20.595430896790127
CUST-00434,Northeast,68,4,10,two-year,fiber,110.65,1,1,3,0,0,8.8,0,0.1171600020434517,12.96375422610793
CUST-00435,West,57,3,32,one-year,dsl,40.31,1,0,0,1,1,9.0,0,0.08061826572862826,3.2497222915210053
CUST-00436,West,36,4,9,month-to-month,fiber,78.47,0,1,2,0,1,7.1,1,0.74519154113001,58.47518023247188
CUST-00437,West,69,2,41,month-to-month,fiber,115.0,0,0,3,0,1,6.5,1,0.7300260050100621,83.95299057615713
CUST-00438,Northeast,23,2,67,month-to-month,fiber,101.63,0,1,1,1,1,8.5,0,0.4674635144832706,47.50831697693479
CUST-00439,West,59,1,6,month-to-month,fiber,142.5,1,1,4,2,1,6.1,1,0.8901346647689244,126.84418972957174
CUST-00440,West,45,2,29,month-to-month,dsl,102.3,0,1,2,5,1,5.5,1,0.9195419745907528,94.06914400063401
CUST-00441,Northeast,61,2,71,two-year,fiber,74.75,1,1,1,0,1,7.0,0,0.08147369445641482,6.090158660617008
CUST-00442,Northeast,23,3,22,month-to-month,fiber,123.53,1,0,1,3,0,6.6,1,0.7445682883010749,91.97652065383178
CUST-00443,South,30,3,10,one-year,dsl,73.57,1,0,3,1,0,7.8,1,0.15646891634435234,11.511418175454
CUST-00444,South,35,2,36,month-to-month,fiber,131.08,1,0,3,2,0,5.7,0,0.7523605659063403,98.61942297900309
CUST-00445,South,51,2,37,month-to-month,dsl,69.35,1,1,1,1,1,9.0,0,0.32289712302813034,22.392915482000838
CUST-00446,Midwest,73,3,48,month-to-month,fiber,129.41,1,1,0,1,0,6.8,1,0.5872460069086052,75.9955057540426
CUST-00447,Midwest,72,4,23,month-to-month,none,43.96,0,0,0,1,1,6.2,0,0.6752677407510856,29.684769883417726
CUST-00448,South,57,5,69,one-year,fiber,104.15,1,1,2,0,0,7.9,0,0.09121587772364514,9.500133664917643
CUST-00449,South,24,2,38,two-year,fiber,127.0,0,0,4,1,0,5.7,0,0.3699665902731477,46.985756964689756
CUST-00450,Midwest,65,3,21,two-year,none,81.67,1,1,4,2,0,7.1,0,0.16237575519162506,13.26122792650002
CUST-00451,Northeast,68,4,70,month-to-month,dsl,71.63,0,1,2,1,1,6.5,1,0.4899902513433729,35.0980017037258
CUST-00452,Northeast,50,2,67,one-year,dsl,119.95,0,1,2,3,0,7.4,0,0.2475265920136236,29.69081471203415
CUST-00453,West,21,4,36,month-to-month,none,65.76,0,0,2,3,1,6.2,1,0.7379491974559023,48.527539224700135
CUST-00454,Northeast,28,3,2,two-year,fiber,82.06,1,1,1,1,2,6.3,0,0.4252164183948183,34.89325929347879
CUST-00455,West,66,1,43,month-to-month,dsl,86.55,1,1,2,1,0,7.0,0,0.4104414140569028,35.523704386624935
CUST-00456,Midwest,27,4,40,month-to-month,dsl,112.75,0,0,4,1,0,9.2,0,0.344965673214613,38.894879654947616
CUST-00457,Midwest,38,1,11,month-to-month,fiber,98.22,0,1,3,0,0,7.0,0,0.7186233017181314,70.58318069475486
CUST-00458,West,63,3,46,month-to-month,fiber,112.45,0,1,1,1,0,8.0,0,0.5836725155150343,65.63397436966561
CUST-00459,Northeast,27,2,61,month-to-month,fiber,93.4,1,1,0,2,0,6.4,0,0.5129017756179778,47.90502584271913
CUST-00460,Midwest,43,1,8,two-year,none,81.32,1,1,3,0,0,7.5,0,0.11274826389988614,9.16868882033874
CUST-00461,South,59,4,53,one-year,fiber,127.76,0,1,4,0,0,7.7,0,0.23703121033851499,30.283107432848677
CUST-00462,South,47,4,11,two-year,fiber,75.37,1,1,0,1,0,9.2,0,0.10917999434301026,8.228896173632684
CUST-00463,West,70,2,54,month-to-month,dsl,74.31,1,1,1,2,0,5.7,0,0.5141211378979085,38.20434175719358
CUST-00464,West,28,1,31,one-year,dsl,101.32,1,1,4,0,0,9.0,0,0.07727490945627398,7.829493826109679
CUST-00465,South,52,5,1,month-to-month,fiber,103.92,1,1,1,1,1,8.4,0,0.6847366063303688,71.15782812985192
CUST-00466,South,39,3,70,month-to-month,dsl,61.35,1,1,0,2,1,6.3,0,0.4407920711063302,27.042593562373355
CUST-00467,South,51,5,12,month-to-month,fiber,81.55,1,1,1,0,2,8.5,0,0.6073743469921588,49.53137799721055
CUST-00468,South,25,3,43,month-to-month,dsl,47.32,0,1,1,3,0,7.0,0,0.5783035795117006,27.365325382493673
CUST-00469,South,59,4,14,one-year,fiber,97.75,0,0,2,0,0,7.5,0,0.3320197453059775,32.4549301036593
CUST-00470,Northeast,30,5,68,month-to-month,fiber,89.59,0,0,4,2,1,5.6,0,0.7047683401508399,63.14019559411375
CUST-00471,Northeast,66,4,54,month-to-month,dsl,79.74,0,1,4,1,0,7.2,0,0.4254647816334244,33.92656168744926
CUST-00472,West,71,5,58,one-year,fiber,106.22,0,1,2,1,3,7.0,0,0.5195355215982626,55.18506310416745
CUST-00473,Midwest,38,1,32,month-to-month,dsl,119.61,1,0,0,1,0,7.2,1,0.46863885629293217,56.053893601197615
CUST-00474,Northeast,61,4,34,two-year,fiber,110.93,1,1,1,1,0,8.4,1,0.1123911464880518,12.467549879919588
CUST-00475,West,50,4,46,month-to-month,dsl,75.0,0,1,0,2,0,6.1,0,0.6306169008753042,47.29626756564782
CUST-00476,Northeast,69,5,57,one-year,none,43.83,0,1,0,1,0,6.8,1,0.13905925229607682,6.094967028137047
CUST-00477,Northeast,73,4,61,one-year,dsl,60.8,1,1,1,1,0,7.9,0,0.06233924078881983,3.7902258399602458
CUST-00478,Northeast,70,2,2,one-year,none,93.22,1,1,0,0,1,8.4,0,0.20679906249150398,19.277808605458002
CUST-00479,Northeast,33,4,48,one-year,none,61.05,0,1,2,2,0,8.3,0,0.13139473048695927,8.021648296228863
CUST-00480,Northeast,53,4,8,two-year,fiber,68.43,1,0,1,3,0,7.2,0,0.2481557516120171,16.981298082810333
CUST-00481,West,23,5,21,one-year,fiber,111.03,0,1,3,2,2,7.2,1,0.6263678014775906,69.54561699805689
CUST-00482,South,36,4,60,month-to-month,none,66.61,0,1,2,1,0,7.0,1,0.41528499853804357,27.66213375261908
CUST-00483,Northeast,39,5,19,month-to-month,none,95.4,1,1,4,1,0,7.2,0,0.4676359764209129,44.61247215055509
CUST-00484,Northeast,47,4,58,one-year,none,99.06,1,1,2,0,0,7.9,0,0.06596407318935635,6.53440109013764
CUST-00485,Northeast,67,1,34,month-to-month,dsl,83.1,0,1,0,2,2,6.4,1,0.8123090541609681,67.50288240077644
CUST-00486,South,19,4,17,month-to-month,fiber,125.5,1,0,4,2,0,7.1,0,0.6945609358846897,87.16739745352855
CUST-00487,South,47,4,25,month-to-month,none,85.93,1,0,1,0,0,8.2,0,0.3018028155024646,25.933915936126787
CUST-00488,South,67,1,39,month-to-month,none,117.01,0,0,3,1,0,7.1,0,0.6131160009359277,71.74070326951289
CUST-00489,Northeast,31,1,56,month-to-month,dsl,123.98,1,1,3,0,1,7.8,0,0.3395391885836419,42.09606860059993
CUST-00490,Northeast,66,2,44,one-year,dsl,92.67,0,1,4,2,1,8.3,0,0.24718574310409094,22.906702813456107
CUST-00491,South,22,3,68,one-year,dsl,109.23,1,0,3,3,0,7.0,0,0.15418023528439373,16.84110710011433
CUST-00492,Northeast,48,4,63,one-year,none,97.41,1,0,2,1,0,8.4,0,0.05777408093236632,5.627773223621803
CUST-00493,West,77,5,55,month-to-month,fiber,103.96,0,1,1,0,2,7.8,0,0.6472346095880902,67.28651001277785
CUST-00494,South,40,1,44,month-to-month,dsl,90.43,0,0,2,1,0,7.1,0,0.5153028865131325,46.59884002738257
CUST-00495,Midwest,56,5,21,one-year,fiber,108.88,1,0,3,1,0,8.4,1,0.18520527934714703,20.165150815317368
CUST-00496,Midwest,28,1,30,month-to-month,fiber,108.94,0,0,2,2,2,6.3,1,0.8818726928718258,96.0712111614567
CUST-00497,Northeast,43,3,9,one-year,fiber,74.51,1,1,0,1,0,6.8,0,0.29580951468874833,22.04076693945864
CUST-00498,Midwest,22,5,27,month-to-month,fiber,107.12,0,1,1,0,0,7.3,1,0.6202467096626515,66.44082753906324
CUST-00499,Midwest,24,3,67,two-year,fiber,138.97,1,1,4,3,1,8.3,0,0.16794698530445232,23.33959254775974
CUST-00500,Northeast,37,5,31,month-to-month,none,68.75,1,0,1,1,0,8.6,0,0.236452635792123,16.256118710708456
CUST-00501,Midwest,76,4,9,one-year,dsl,84.55,0,0,2,1,0,7.4,0,0.29934621970572284,25.309722876118865
CUST-00502,Northeast,74,2,47,one-year,none,78.58,1,1,4,2,1,7.7,0,0.17119421084516442,13.45244108821302
CUST-00503,South,21,5,70,month-to-month,fiber,108.76,1,1,1,3,0,6.6,0,0.5611061302419198,61.0259027251112
CUST-00504,Northeast,22,1,63,one-year,fiber,109.2,1,1,3,1,0,9.5,0,0.06768242479348605,7.390920787448676
CUST-00505,South,59,4,20,month-to-month,dsl,76.52,1,1,3,0,0,8.0,0,0.34316551937804773,26.25902554280821
CUST-00506,West,74,2,33,one-year,dsl,122.82,1,1,1,1,0,8.1,0,0.16438396314369474,20.189638353308588
CUST-00507,West,48,4,39,one-year,dsl,78.3,1,1,4,3,0,6.1,0,0.26714426702405714,20.917396107983674
CUST-00508,West,49,1,18,month-to-month,dsl,72.54,1,1,2,0,0,8.0,1,0.33845759713143864,24.551714095914562
CUST-00509,West,54,5,20,month-to-month,dsl,102.86,1,0,1,1,0,5.1,0,0.6627008520388609,68.16540964071723
CUST-00510,Midwest,44,1,18,one-year,dsl,93.83,0,0,1,2,0,7.3,0,0.34118136103393404,32.01304710581403
CUST-00511,West,62,4,72,month-to-month,none,60.26,1,1,1,0,0,9.0,0,0.10397177986783594,6.265339454835794
CUST-00512,West,25,2,54,two-year,dsl,83.26,1,1,2,0,1,9.7,0,0.03107637440933052,2.5874189333208593
CUST-00513,South,21,5,61,one-year,dsl,83.55,1,1,1,1,0,8.3,0,0.0639761069309182,5.345203734078215
CUST-00514,Northeast,22,5,59,one-year,fiber,109.9,0,0,1,1,1,7.1,1,0.27930552894590854,30.695677631155352
CUST-00515,South,31,5,70,month-to-month,fiber,101.09,0,0,3,0,1,6.9,0,0.5238584452715825,52.95685023250428
CUST-00516,Midwest,50,2,8,one-year,fiber,133.6,0,1,4,2,0,6.7,0,0.6336765234270323,84.6591835298515
CUST-00517,Northeast,33,1,64,two-year,dsl,101.32,1,1,3,0,0,7.0,0,0.05278747628256708,5.348427096949696
CUST-00518,Midwest,53,1,5,month-to-month,dsl,102.18,1,1,2,1,0,7.3,1,0.5834269890640932,59.614569742569046
CUST-00519,South,19,2,35,month-to-month,fiber,117.61,0,1,3,2,0,5.6,0,0.8426150034047025,99.09995055042707
CUST-00520,South,44,4,43,month-to-month,dsl,102.17,0,1,2,1,0,6.8,1,0.5851017240257699,59.77984314371291
CUST-00521,South,26,2,26,month-to-month,fiber,91.73,1,1,1,0,1,7.7,0,0.548356525326278,50.30074406817948
CUST-00522,Midwest,35,1,11,one-year,fiber,120.87,1,1,3,1,0,8.2,0,0.27374421383201186,33.087463125875274
CUST-00523,South,56,5,14,month-to-month,none,65.68,1,0,0,0,1,6.4,0,0.5541147101228303,36.3942541608675
CUST-00524,South,18,5,60,one-year,fiber,122.2,0,1,4,4,0,5.7,1,0.569680984324632,69.61501628447003
CUST-00525,Midwest,64,3,23,month-to-month,fiber,110.9,0,1,2,2,0,7.4,1,0.772381459768144,85.65710388828717
CUST-00526,West,34,2,23,month-to-month,fiber,82.63,0,1,4,4,0,6.9,1,0.8341015238249251,68.92180891365355
CUST-00527,South,69,3,67,month-to-month,fiber,81.79,0,1,0,2,1,6.4,0,0.726491587179193,59.419746915386206
CUST-00528,Northeast,60,2,11,two-year,dsl,97.18,1,0,2,2,0,9.3,0,0.09207102675206692,8.947462379765865
CUST-00529,Midwest,72,1,66,one-year,none,79.79,0,1,2,1,2,7.8,0,0.22791130331004134,18.1850428911082
CUST-00530,Northeast,54,2,67,month-to-month,dsl,97.33,0,1,1,0,0,7.9,1,0.29519058283748334,28.730899427572254
CUST-00531,Midwest,42,1,44,one-year,dsl,93.03,0,0,2,0,0,9.3,0,0.08215102492840105,7.6425098490891505
CUST-00532,South,27,1,12,month-to-month,fiber,100.33,0,1,3,1,1,6.6,0,0.85113882996455,85.3947588103433
CUST-00533,Midwest,22,5,12,month-to-month,dsl,111.38,0,0,4,2,2,5.3,1,0.9017030305460524,100.4316835422193
CUST-00534,Northeast,65,1,21,month-to-month,fiber,108.96,0,1,4,2,0,7.6,1,0.7569859747774171,82.48119181174737
CUST-00535,South,56,5,42,two-year,fiber,122.68,0,1,1,1,2,7.6,0,0.38500739841452325,47.23270763749372
CUST-00536,Northeast,26,5,12,one-year,dsl,122.91,1,0,4,1,2,8.3,0,0.2688658824933802,33.04630561726136
CUST-00537,Midwest,23,3,33,one-year,fiber,106.53,1,1,2,3,1,7.5,0,0.3882613433314668,41.36148090510115
CUST-00538,Northeast,65,5,9,month-to-month,fiber,96.95,1,1,2,1,1,9.1,0,0.5483441058663301,53.161961063740705
CUST-00539,Midwest,21,3,39,month-to-month,fiber,78.32,0,1,0,1,0,6.0,0,0.6911678815247517,54.13226848101855
CUST-00540,South,48,5,2,one-year,dsl,85.13,1,1,3,2,1,6.8,1,0.4135010578157147,35.201345051851796
CUST-00541,Northeast,37,5,52,month-to-month,fiber,101.57,1,0,4,2,1,6.5,1,0.6015940439820532,61.10390704725714
CUST-00542,Midwest,61,4,4,two-year,fiber,86.43,1,1,1,2,1,8.2,0,0.2771512809025613,23.954185208408376
CUST-00543,West,21,3,15,one-year,dsl,89.0,0,1,4,0,0,8.5,0,0.16691751003621078,14.85565839322276
CUST-00544,Midwest,22,1,13,month-to-month,fiber,68.93,1,0,0,4,0,7.0,0,0.7337461015353905,50.577118778834475
CUST-00545,Midwest,26,2,60,one-year,none,80.81,1,1,4,0,1,8.5,0,0.06437402578376616,5.202065023586144
CUST-00546,South,62,5,4,two-year,fiber,98.86,1,0,1,1,0,7.9,0,0.19681487236544468,19.457118282047862
CUST-00547,South,60,5,31,month-to-month,dsl,81.72,1,0,2,1,0,8.2,1,0.3207374291916002,26.21066271353757
CUST-00548,Northeast,61,4,43,one-year,none,49.48,1,1,0,1,0,8.1,0,0.07351273125167061,3.6374099423326616
CUST-00549,South,52,3,38,two-year,dsl,71.6,1,1,4,0,1,8.6,0,0.061189482719178206,4.381166962693159
CUST-00550,Midwest,28,3,50,month-to-month,dsl,112.81,0,1,2,1,1,7.6,0,0.5642194289535628,63.64959378025142
CUST-00551,Northeast,31,3,58,two-year,fiber,112.56,0,1,4,0,0,8.6,0,0.0852341028966866,9.593950622051045
CUST-00552,South,26,4,29,month-to-month,dsl,90.47,1,0,1,2,1,7.6,0,0.5322680421881726,48.154289776763974
CUST-00553,Midwest,25,2,60,one-year,none,65.7,0,1,0,1,0,7.7,0,0.1177033219887419,7.733108254660343
CUST-00554,Northeast,62,3,23,one-year,dsl,96.34,0,0,3,1,2,7.3,1,0.40965547308681316,39.46620827718358
CUST-00555,Midwest,45,4,71,one-year,none,68.08,0,0,0,2,0,6.2,0,0.18170950167382952,12.370782873954314
CUST-00556,South,42,4,37,month-to-month,dsl,105.72,0,0,3,2,0,7.6,0,0.5810239609237402,61.42585314885781
CUST-00557,West,26,1,53,one-year,dsl,81.76,0,0,0,1,1,8.9,0,0.125889516807581,10.292726894187824
CUST-00558,Northeast,56,5,64,month-to-month,fiber,103.52,1,1,0,1,0,5.9,0,0.5030782380469834,52.07865920262372
CUST-00559,Northeast,67,3,58,month-to-month,dsl,107.72,0,1,3,0,0,8.4,0,0.30937373622640074,33.32573886630789
CUST-00560,South,18,5,62,month-to-month,none,69.94,1,1,3,1,0,7.4,0,0.24434809959215467,17.089706085475296
CUST-00561,West,73,3,39,one-year,dsl,78.54,0,1,0,0,0,8.0,0,0.14306625242560098,11.236423465506702
CUST-00562,West,29,4,4,month-to-month,fiber,75.79,1,0,0,2,1,7.3,1,0.7163658933742507,54.29337105883447
CUST-00563,Midwest,72,1,36,month-to-month,dsl,90.11,1,1,4,1,0,7.5,0,0.40308284130142397,36.32179482967131
CUST-00564,Midwest,62,5,14,two-year,dsl,75.86,1,1,0,2,0,7.7,0,0.1408341591957282,10.683679316587941
CUST-00565,Midwest,71,1,65,month-to-month,none,81.62,0,1,1,2,0,6.4,0,0.5618706280877027,45.8598806645183
CUST-00566,West,29,3,18,month-to-month,fiber,127.4,0,1,4,3,0,7.6,1,0.822483130348591,104.7843508064105
CUST-00567,West,51,4,17,month-to-month,fiber,114.97,1,0,2,1,0,7.3,0,0.6065620740834677,69.73644165737629
CUST-00568,Midwest,22,2,18,month-to-month,fiber,84.57,1,1,0,1,0,6.9,1,0.5988949517161709,50.64854606663657
CUST-00569,South,44,5,47,one-year,fiber,113.57,0,1,4,2,0,7.4,0,0.3522976692049985,40.01044629161168
CUST-00570,Northeast,28,4,42,month-to-month,none,59.41,1,0,1,2,0,6.2,0,0.41784451173630716,24.824142442254008
CUST-00571,Northeast,22,5,69,month-to-month,fiber,126.04,1,1,3,1,0,7.8,0,0.330861128163636,41.701736593744684
CUST-00572,Midwest,67,3,30,two-year,dsl,92.13,0,1,3,1,2,8.6,0,0.21754445560717753,20.042370695089264
CUST-00573,Northeast,63,4,21,one-year,fiber,53.23,1,1,1,2,0,7.3,0,0.23632727786094748,12.579701000538234
CUST-00574,West,38,1,4,one-year,fiber,109.15,0,1,1,0,1,6.7,1,0.570403512783251,62.25954342029185
CUST-00575,South,42,1,1,two-year,none,64.56,0,1,2,1,1,7.0,0,0.3459621679334543,22.33531756178381
CUST-00576,West,49,3,27,two-year,fiber,96.2,1,1,1,1,0,8.6,0,0.11200346854888552,10.774733674402787
CUST-00577,West,54,2,67,month-to-month,fiber,74.51,1,1,0,1,0,7.6,1,0.3158981347198963,23.537570017979476
CUST-00578,Midwest,52,3,38,one-year,fiber,102.04,1,1,3,0,1,8.8,0,0.14602356990727947,14.900245073338798
CUST-00579,South,36,4,65,one-year,none,41.22,1,0,3,0,1,7.6,0,0.05675516928556918,2.3394480779511615
CUST-00580,Northeast,40,2,8,month-to-month,none,85.92,1,1,3,3,0,6.1,0,0.7297749007625334,62.70225947351687
CUST-00581,West,77,5,7,month-to-month,fiber,102.67,1,1,3,0,0,8.7,1,0.47599131614656703,48.87002842876804
CUST-00582,Midwest,23,4,61,month-to-month,dsl,72.49,1,1,2,0,0,9.5,0,0.10258933134509328,7.436700629205811
CUST-00583,South,42,4,8,one-year,fiber,125.03,0,1,4,1,0,7.3,1,0.5046779163042041,63.09987987551464
CUST-00584,Northeast,33,5,4,one-year,dsl,92.89,1,1,4,0,0,8.5,0,0.11927608832045354,11.07955584408693
CUST-00585,West,32,1,30,one-year,fiber,119.04,1,1,4,1,0,8.9,0,0.16583716510808577,19.741256134466532
CUST-00586,Northeast,27,1,67,month-to-month,dsl,65.16,1,0,0,2,2,6.6,0,0.46239893942535615,30.129914892956204
CUST-00587,Midwest,23,5,50,month-to-month,none,77.88,0,0,0,1,1,7.6,0,0.4610080491421325,35.90330686718928
CUST-00588,Northeast,72,4,8,month-to-month,fiber,105.89,0,1,2,1,1,6.4,0,0.8650465910910858,91.59978353063508
CUST-00589,Midwest,70,3,61,month-to-month,fiber,125.28,1,1,3,1,0,7.6,0,0.4363795177492902,54.66962598363107
CUST-00590,Northeast,62,1,61,two-year,fiber,124.46,1,1,1,2,0,6.8,0,0.17371725721214623,21.62084983262372
CUST-00591,West,73,2,58,two-year,fiber,108.57,0,1,0,0,0,6.7,0,0.18584382791903295,20.177064397169406
CUST-00592,South,67,3,65,two-year,fiber,108.64,1,1,0,0,0,7.7,0,0.07682755257704081,8.346545311969713
CUST-00593,South,25,1,18,two-year,fiber,94.84,1,0,2,0,0,8.9,0,0.08743547240634553,8.29238020301781
CUST-00594,West,66,5,71,two-year,none,89.06,1,1,4,2,2,7.3,0,0.12670369551308666,11.284231122395498
CUST-00595,Northeast,66,2,24,month-to-month,fiber,93.41,0,1,2,0,0,8.5,0,0.5272682060079357,49.25212312320127
CUST-00596,Midwest,18,5,58,month-to-month,dsl,104.21,1,0,3,2,0,7.5,0,0.31734460317424107,33.07048109678766
CUST-00597,Midwest,70,3,42,month-to-month,fiber,92.18,0,0,0,2,1,6.3,1,0.7990456700975171,73.65602986958913
CUST-00598,Midwest,62,2,57,month-to-month,dsl,79.13,0,1,1,5,2,3.0,1,0.9534472108952547,75.44627779814151
CUST-00599,Midwest,77,1,46,month-to-month,fiber,140.63,1,1,3,2,1,5.7,1,0.819813422798411,115.29036164814053
CUST-00600,West,46,5,47,month-to-month,none,67.63,0,1,2,3,0,7.2,0,0.5709319150955474,38.61212541791187
CUST-00601,South,62,4,45,two-year,fiber,84.37,0,1,0,3,1,5.5,0,0.5329268838067827,44.963041186778256
CUST-00602,Northeast,64,5,57,month-to-month,fiber,91.3,0,1,1,0,0,7.8,1,0.4158340141427133,37.96564549122972
CUST-00603,Midwest,57,2,54,two-year,dsl,114.23,0,0,3,0,0,8.3,0,0.07444097622940787,8.503392714685262
CUST-00604,Midwest,75,1,10,one-year,dsl,100.38,1,1,3,0,1,7.0,0,0.29165194088404867,29.276021825940802
CUST-00605,West,26,2,60,one-year,dsl,106.52,0,0,4,0,0,8.5,0,0.0837712841804917,8.923317190905976
CUST-00606,Midwest,39,2,39,one-year,fiber,101.8,1,1,1,1,1,9.0,0,0.16890892683160533,17.19492875145742
CUST-00607,Northeast,23,2,24,month-to-month,fiber,87.41,1,0,4,2,0,7.0,0,0.5796387090362871,50.666219556861854
CUST-00608,South,54,4,38,one-year,dsl,89.9,0,1,4,1,0,7.4,0,0.22468661513058946,20.199326700239993
CUST-00609,Midwest,19,5,70,month-to-month,dsl,84.34,1,1,1,2,0,6.0,1,0.3826164126469272,32.26986824264184
CUST-00610,South,36,1,62,two-year,dsl,82.55,0,1,1,1,1,7.2,0,0.14874349383388127,12.2787754159869
CUST-00611,West,62,3,61,month-to-month,fiber,97.4,0,1,4,1,0,7.8,0,0.492204735480528,47.94074123580343
CUST-00612,Midwest,71,4,34,month-to-month,fiber,88.21,0,1,1,1,1,7.0,0,0.744664868700387,65.68688806806112
CUST-00613,South,31,2,57,one-year,none,64.88,0,1,2,1,0,7.3,0,0.14907006156087754,9.671665594069735
CUST-00614,West,33,3,28,one-year,dsl,127.06,0,0,4,0,0,9.1,0,0.13737294832552305,17.454606814240957
CUST-00615,Midwest,19,4,50,month-to-month,fiber,60.16,0,0,1,1,0,7.1,0,0.4746586514530334,28.555464471414485
CUST-00616,South,39,3,47,one-year,none,47.08,1,0,4,3,0,6.4,0,0.17605438478158347,8.28864043551695
CUST-00617,South,60,1,18,month-to-month,dsl,99.63,1,0,0,2,1,6.9,0,0.6967722957375178,69.41942382432889
CUST-00618,Midwest,71,3,20,one-year,fiber,66.79,1,0,1,2,1,8.3,0,0.25694590481253654,17.161416982429316
CUST-00619,Northeast,43,2,5,month-to-month,fiber,86.07,1,1,1,2,0,6.9,0,0.7113129586363527,61.22270634983087
CUST-00620,Midwest,24,1,11,month-to-month,dsl,57.12,1,1,2,5,1,4.3,1,0.9042494919135485,51.65073097810189
CUST-00621,South,37,1,32,month-to-month,fiber,95.81,0,1,1,4,2,5.6,1,0.9459544503462369,90.63189588767297
CUST-00622,West,47,2,35,month-to-month,dsl,99.9,1,0,4,3,0,6.2,0,0.6227989831008038,62.21761841177031
CUST-00623,Midwest,54,5,12,month-to-month,dsl,119.23,0,1,3,3,1,6.4,1,0.8804499237029573,104.9760444031036
CUST-00624,West,52,5,31,month-to-month,fiber,121.5,1,0,3,3,0,4.6,1,0.8438955927280679,102.53331451646025
CUST-00625,Midwest,66,1,44,month-to-month,none,63.66,1,1,3,2,1,6.8,0,0.5294984730301869,33.7078727931017
CUST-00626,Northeast,52,4,17,month-to-month,fiber,79.97,0,1,3,1,1,6.8,1,0.7799356963467872,62.37145763685257
CUST-00627,Midwest,42,4,25,month-to-month,fiber,123.28,1,0,3,3,0,5.6,1,0.808790866879637,99.70773806892164
CUST-00628,Midwest,25,3,27,month-to-month,dsl,78.39,1,0,3,0,0,7.0,0,0.3393704246915062,26.603247591567172
CUST-00629,Northeast,74,1,37,one-year,dsl,76.94,1,1,3,1,2,7.1,0,0.25296063714919526,19.462791422259084
CUST-00630,West,20,4,27,two-year,fiber,142.56,0,1,4,0,1,7.0,1,0.3565774837669631,50.83368608581826
CUST-00631,Northeast,37,1,54,month-to-month,dsl,48.99,1,1,0,2,0,4.3,0,0.5576812778432345,27.32080580154006
CUST-00632,South,42,1,24,two-year,none,60.38,1,0,2,2,0,6.3,0,0.16645033784671698,10.050271399184771
CUST-00633,Northeast,71,2,32,month-to-month,dsl,85.06,0,0,0,1,0,6.2,1,0.6241365615727521,53.0890559273783
CUST-00634,West,45,1,28,month-to-month,dsl,48.35,1,1,0,3,0,6.5,0,0.5666949532849098,27.39970099132539
CUST-00635,South,42,5,14,one-year,fiber,143.97,0,1,4,3,0,5.5,0,0.7700924281048053,110.87020687424881
CUST-00636,Midwest,74,3,50,one-year,fiber,93.43,1,0,2,2,0,7.3,0,0.19776591908021401,18.477269819664397
CUST-00637,West,39,5,17,two-year,dsl,104.43,0,0,3,0,0,7.3,0,0.16182155571183884,16.89902506298733
CUST-00638,South,63,1,22,month-to-month,fiber,99.11,0,1,3,2,0,7.5,1,0.7720270344484492,76.5155993841858
CUST-00639,South,19,1,58,one-year,dsl,26.81,0,1,0,1,0,8.0,0,0.0876436473834309,2.3497261863497823
CUST-00640,Midwest,53,1,69,month-to-month,fiber,94.99,1,0,2,3,0,6.2,0,0.5651867853288107,53.687092738383726
CUST-00641,West,61,1,49,month-to-month,fiber,99.3,1,1,0,2,0,7.1,0,0.5628853189484767,55.894512171583735
CUST-00642,South,30,4,66,month-to-month,fiber,83.41,0,1,1,0,0,8.4,0,0.32790591321835433,27.350632221542934
CUST-00643,Northeast,63,1,62,two-year,fiber,71.42,0,1,0,1,1,7.5,0,0.16615421934763414,11.86673434580803
CUST-00644,South,72,5,35,month-to-month,fiber,103.23,1,0,3,2,0,7.1,1,0.6044785648869772,62.40032225328265
CUST-00645,Midwest,21,4,56,one-year,dsl,76.97,0,1,0,2,0,5.2,0,0.3188540864403166,24.542199033311167
CUST-00646,West,29,2,24,one-year,dsl,80.04,0,0,2,0,2,7.2,0,0.3255614654205253,26.057939692258845
CUST-00647,West,26,2,34,one-year,fiber,104.26,1,1,1,4,1,5.3,0,0.6478904882200398,67.54906230182135
CUST-00648,Midwest,74,2,39,one-year,fiber,123.56,0,1,4,0,0,9.1,0,0.19077398417911953,23.57203348517201
CUST-00649,South,35,3,70,two-year,dsl,90.8,1,1,3,1,1,7.3,0,0.07707863322246584,6.998739896599899
CUST-00650,West,74,4,62,month-to-month,fiber,125.53,0,1,1,1,1,6.4,0,0.7467388014274429,93.73812174318691
CUST-00651,Midwest,40,3,36,month-to-month,fiber,80.3,1,1,1,1,0,8.1,0,0.40258671620336384,32.32771331113012
CUST-00652,Northeast,76,5,47,one-year,dsl,105.3,1,0,3,2,0,6.0,0,0.21795896563748265,22.951079081626922
CUST-00653,Midwest,51,4,15,month-to-month,dsl,106.27,0,0,3,3,1,5.9,1,0.8715915295281956,92.62403184296134
CUST-00654,West,34,2,58,month-to-month,none,67.76,1,0,2,1,0,5.8,0,0.3631594304899373,24.607683009998155
CUST-00655,West,48,2,40,month-to-month,dsl,75.55,1,1,0,0,1,7.2,0,0.3953530959935403,29.868926402311967
CUST-00656,Northeast,26,5,39,month-to-month,none,64.36,1,0,0,0,0,7.7,0,0.21233853329675006,13.666108002978834
CUST-00657,Midwest,29,4,56,month-to-month,dsl,92.88,0,1,3,2,0,8.1,0,0.41979091254758866,38.99017995742003
CUST-00658,West,55,5,46,month-to-month,fiber,75.31,1,1,2,0,0,8.0,0,0.2984160846597549,22.47371533572614
CUST-00659,West,63,1,6,two-year,fiber,112.77,1,1,4,0,0,7.6,0,0.2007573931905607,22.63941123009953
CUST-00660,West,43,1,21,month-to-month,fiber,111.65,0,1,0,1,0,7.2,1,0.7494330866363521,83.67420412294872
CUST-00661,West,69,3,13,two-year,fiber,100.79,0,1,0,6,0,6.2,0,0.7327277366170342,73.85162857363088
CUST-00662,West,41,2,53,two-year,dsl,99.55,0,1,3,2,0,5.3,0,0.28051109028759946,27.924879038130527
CUST-00663,South,40,4,3,month-to-month,fiber,124.94,1,1,4,0,1,8.5,1,0.6404049390412592,80.01219308381492
CUST-00664,Midwest,51,4,15,one-year,fiber,106.21,0,1,3,3,0,6.9,0,0.5850907020022175,62.142483459655516
CUST-00665,Northeast,41,3,44,one-year,fiber,89.5,0,0,0,3,0,6.4,0,0.42310737380355895,37.868109955418525
CUST-00666,Northeast,59,1,51,one-year,dsl,69.14,1,0,0,1,2,7.1,0,0.17738353564064435,12.26429765419415
CUST-00667,South,72,2,37,month-to-month,dsl,110.7,0,1,4,1,1,8.3,0,0.606470869071,67.1363252061597
CUST-00668,West,37,2,62,month-to-month,none,67.45,0,1,2,1,0,7.9,0,0.32560675278627554,21.962175475434286
CUST-00669,Northeast,47,2,67,month-to-month,fiber,102.81,1,1,2,3,0,5.5,1,0.6530863220364498,67.1438047685674
CUST-00670,South,38,5,10,one-year,fiber,130.51,0,1,4,2,0,7.1,0,0.5804400817037977,75.75323506316263
CUST-00671,West,53,4,69,two-year,none,59.1,1,1,1,1,0,9.0,0,0.024149513198816645,1.4272362300500638
CUST-00672,Northeast,54,4,45,one-year,dsl,96.16,0,1,1,2,0,7.6,0,0.22339299306369767,21.481470213005167
CUST-00673,Northeast,45,1,46,one-year,dsl,109.62,1,1,3,1,2,7.6,0,0.2243942023676236,24.5980924635389
CUST-00674,Northeast,22,4,7,two-year,dsl,93.96,1,1,4,1,0,6.7,0,0.16704097358781642,15.69516987831123
CUST-00675,Midwest,73,3,45,one-year,fiber,92.65,0,1,1,1,0,9.7,0,0.14583761556015945,13.511855081648774
CUST-00676,Midwest,59,4,53,month-to-month,none,48.71,0,0,0,3,0,6.8,0,0.5292814784022862,25.781300812975363
CUST-00677,West,61,3,42,two-year,dsl,56.03,1,0,0,3,0,8.4,0,0.07156997637720186,4.010065776414621
CUST-00678,West,65,3,7,month-to-month,dsl,86.99,0,1,0,1,1,7.3,0,0.7486936735571508,65.12886266273654
CUST-00679,Midwest,19,2,38,month-to-month,dsl,95.41,0,1,1,1,1,7.0,0,0.6381123329123513,60.88229768316743
CUST-00680,West,70,4,68,month-to-month,fiber,90.49,1,1,2,2,0,6.4,0,0.5029736736433763,45.51408772798912
CUST-00681,West,23,3,53,two-year,fiber,120.66,1,1,2,2,0,8.2,0,0.11552733098812704,13.939527757027408
CUST-00682,Midwest,63,5,10,month-to-month,dsl,87.49,1,0,1,0,1,9.2,0,0.345573249964733,30.23420363941449
CUST-00683,Northeast,75,5,70,month-to-month,fiber,125.54,0,1,3,2,0,7.7,0,0.5643341440432502,70.84650844318963
CUST-00684,Midwest,48,4,70,month-to-month,fiber,149.65,0,1,4,3,0,8.2,0,0.6311090144493139,94.44546401233983
CUST-00685,South,60,3,13,month-to-month,fiber,105.39,1,1,1,0,1,8.0,0,0.6252835085284413,65.89862896381243
CUST-00686,West,70,3,58,month-to-month,none,69.82,0,0,3,1,1,6.5,0,0.5418586563775757,37.83257138828233
CUST-00687,Midwest,51,3,30,one-year,fiber,109.58,0,1,2,0,0,8.4,0,0.23170769126815452,25.390528809164373
CUST-00688,Midwest,47,4,43,two-year,fiber,90.88,0,1,3,0,0,8.9,0,0.0922760664546765,8.386048919400999
CUST-00689,Midwest,66,5,33,month-to-month,dsl,106.61,0,1,0,2,0,6.5,0,0.7132179989878612,76.03617087209588
CUST-00690,South,65,4,57,month-to-month,dsl,80.62,1,1,3,1,1,7.3,0,0.3924888766221209,31.64245323327539
CUST-00691,West,22,4,72,month-to-month,dsl,103.21,0,1,3,0,1,7.8,0,0.3522259286199933,36.3532380928695
CUST-00692,West,21,3,58,month-to-month,dsl,95.87,1,0,3,1,1,7.7,0,0.31945459310401375,30.6261118408818
CUST-00693,West,60,2,68,one-year,fiber,122.4,0,0,4,2,1,7.0,0,0.37340737119785306,45.705062234617216
CUST-00694,West,60,2,69,one-year,none,84.27,0,1,3,3,1,6.5,0,0.3407093944783335,28.711580672689163
CUST-00695,Northeast,66,5,7,one-year,none,105.86,0,0,4,0,0,8.8,0,0.1813275536010822,19.195334824210562
CUST-00696,Midwest,23,3,19,month-to-month,fiber,123.02,1,1,3,0,1,8.5,0,0.5408172379462557,66.53133661214838
CUST-00697,South,27,3,52,one-year,dsl,79.78,1,0,2,0,1,7.8,0,0.0884058857672217,7.0530215665089475
CUST-00698,Midwest,19,3,43,month-to-month,fiber,145.32,1,0,4,2,0,5.3,0,0.7475386643475165,108.6323187029811
CUST-00699,South,34,2,4,month-to-month,fiber,102.35,0,1,3,0,1,6.7,1,0.8339406558833607,85.35382612966197
CUST-00700,West,48,1,7,two-year,fiber,111.99,0,0,2,2,0,7.5,0,0.3932188093303264,44.036574456903246
CUST-00701,West,39,2,38,one-year,fiber,87.01,1,1,2,3,1,5.9,1,0.48492392067473594,42.19323033790878
CUST-00702,West,25,2,45,two-year,none,47.42,0,0,1,1,0,7.9,0,0.073567134320711,3.488553509488116
CUST-00703,Midwest,51,1,13,two-year,fiber,116.25,1,0,3,5,0,5.6,0,0.5962395274504204,69.31284506611138
CUST-00704,Northeast,37,1,13,one-year,dsl,89.18,0,0,2,0,0,8.3,0,0.17218735069273652,15.355667934778245
CUST-00705,Northeast,35,5,10,two-year,fiber,117.48,0,0,0,1,2,7.6,1,0.44860699757911154,52.702350075594026
CUST-00706,West,64,1,41,month-to-month,fiber,95.48,1,1,2,2,0,8.1,1,0.499485720232163,47.69089656776692
CUST-00707,Northeast,37,1,1,month-to-month,fiber,134.15,0,1,4,0,0,7.8,0,0.7428251564264364,99.64999473460645
CUST-00708,Midwest,51,3,42,month-to-month,fiber,92.33,1,1,1,1,0,6.6,0,0.5408553397247609,49.93717351678717
CUST-00709,Midwest,22,5,35,month-to-month,dsl,112.87,1,0,3,0,0,8.4,0,0.2514188749379286,28.377648414244
CUST-00710,Midwest,62,4,34,month-to-month,none,84.67,1,0,2,1,1,7.9,1,0.4123894286218086,34.917012921408535
CUST-00711,West,50,1,49,month-to-month,fiber,96.08,1,0,1,4,1,3.6,0,0.9011852694250128,86.58588068635522
CUST-00712,South,65,4,38,one-year,none,66.81,0,1,1,3,3,5.1,0,0.7420691010224009,49.577636639306604
CUST-00713,Midwest,36,3,53,one-year,dsl,96.02,1,0,4,0,0,8.5,0,0.052095993794501416,5.002257324148026
CUST-00714,Northeast,46,4,56,one-year,dsl,62.66,0,0,0,0,0,7.8,0,0.07987701910883116,5.00509401735936
CUST-00715,South,43,2,67,month-to-month,fiber,112.87,1,1,3,0,0,8.2,1,0.2859735049072784,32.277829498884515
CUST-00716,South,77,3,58,one-year,fiber,75.77,0,1,4,0,0,7.6,0,0.16958800494285473,12.849683134520102
CUST-00717,West,24,5,38,month-to-month,dsl,60.99,1,1,0,1,1,8.1,0,0.3309263200270909,20.183196258452273
CUST-00718,South,30,4,36,month-to-month,dsl,108.89,1,0,3,0,0,8.1,0,0.28712860592999817,31.2654338997175
CUST-00719,South,76,2,17,month-to-month,fiber,125.4,1,1,3,2,0,5.4,0,0.8523438166183683,106.8839146039434
CUST-00720,South,23,4,44,month-to-month,dsl,60.6,1,0,1,1,1,8.0,0,0.3072546157318502,18.619629713350122
CUST-00721,Midwest,34,5,11,month-to-month,fiber,95.85,1,1,0,3,0,7.2,1,0.7311708530534061,70.08272626516897
CUST-00722,Midwest,37,4,68,one-year,dsl,84.05,1,1,4,1,0,7.9,0,0.0620926216658406,5.218884851013902
CUST-00723,West,65,4,61,one-year,fiber,90.27,1,0,0,2,1,5.4,0,0.35126806811855266,31.708968509061748
CUST-00724,South,63,4,9,one-year,none,95.44,0,1,4,0,1,8.8,0,0.2668190944526637,25.465214374562226
CUST-00725,Midwest,70,3,57,month-to-month,fiber,84.0,1,1,3,2,1,5.8,0,0.6769705412400038,56.865525464160314
CUST-00726,South,23,2,9,one-year,fiber,136.14,0,1,4,1,1,7.1,1,0.6245797384599643,85.03028559393952
CUST-00727,Midwest,30,3,52,one-year,dsl,87.9,1,0,1,1,0,7.4,0,0.09296550244173052,8.171667664628114
CUST-00728,Northeast,46,3,7,month-to-month,fiber,97.36,1,1,0,6,0,3.5,1,0.9615289370046106,93.61445730676888
CUST-00729,Northeast,61,4,36,one-year,none,94.38,0,0,3,0,0,8.2,0,0.1284079149960648,12.119139017328594
CUST-00730,West,52,4,48,month-to-month,dsl,94.71,1,1,1,1,0,7.7,0,0.32407954224076113,30.693573445622484
CUST-00731,Midwest,49,1,53,month-to-month,fiber,114.22,1,0,2,1,1,7.4,0,0.5283536994588891,60.34855955219431
CUST-00732,West,66,1,31,month-to-month,fiber,86.31,1,0,2,0,2,7.4,0,0.6090663806178175,52.56851931112383
CUST-00733,Midwest,29,1,67,month-to-month,none,50.63,1,1,1,1,1,6.6,0,0.33450351942808004,16.935913188643692
CUST-00734,South,68,2,56,month-to-month,dsl,94.49,1,1,3,1,0,8.9,0,0.2345933627405374,22.166726845353377
CUST-00735,West,57,2,15,month-to-month,none,81.73,1,1,2,3,0,6.6,0,0.6830127152810077,55.82262921991676
CUST-00736,Northeast,32,3,49,month-to-month,fiber,84.15,0,1,3,1,1,6.2,0,0.70698772190455,59.49301679826788
CUST-00737,Northeast,44,4,53,two-year,none,100.37,0,1,3,1,0,8.0,0,0.09521214925576002,9.556443420800633
CUST-00738,Northeast,34,3,25,month-to-month,dsl,95.65,1,1,3,2,1,7.1,1,0.6038187675665162,57.75526511773728
CUST-00739,Midwest,36,3,54,month-to-month,dsl,80.14,0,0,1,2,2,6.8,0,0.6748021690072741,54.07864582424295
CUST-00740,Midwest,59,5,65,month-to-month,fiber,116.1,0,0,3,3,0,6.2,1,0.7277603328881874,84.49297464831855
CUST-00741,Midwest,36,4,59,two-year,fiber,100.09,0,1,1,1,0,7.1,0,0.16645886177838734,16.66086747539879
CUST-00742,West,69,4,55,one-year,none,95.46,0,0,4,0,0,7.0,0,0.14774998798922553,14.10421385345147
CUST-00743,Northeast,23,4,46,two-year,none,92.11,1,1,4,4,1,5.5,0,0.3157749938818053,29.086034686453086
CUST-00744,West,28,1,20,month-to-month,fiber,152.93,0,1,2,1,2,5.3,1,0.941983016603345,144.05746272914956
CUST-00745,South,72,4,58,month-to-month,none,58.7,0,0,0,1,0,7.6,0,0.3577968488271443,21.002675026153373
CUST-00746,West,61,3,27,one-year,fiber,113.2,1,1,4,0,0,7.0,0,0.24157369654140481,27.346142448487026
CUST-00747,Northeast,44,4,39,month-to-month,fiber,80.96,1,1,2,2,0,6.7,0,0.5590207728878381,45.25832177299937
CUST-00748,West,32,4,23,one-year,fiber,90.77,0,1,4,2,0,7.8,0,0.36049639117048016,32.72225742654448
CUST-00749,Midwest,33,1,23,two-year,fiber,72.46,1,1,0,2,0,7.1,0,0.20029532906504033,14.51339954405282
CUST-00750,South,28,4,12,month-to-month,fiber,105.38,0,0,1,3,0,6.1,1,0.8783221343591117,92.55758651876319
CUST-00751,West,71,5,70,two-year,fiber,95.68,1,0,1,0,1,8.6,0,0.05243589931401486,5.0170668463649415
CUST-00752,South,38,3,11,one-year,fiber,121.11,0,0,4,1,0,8.1,0,0.38656017347808874,46.81630260993133
CUST-00753,South,74,4,7,month-to-month,dsl,77.49,0,1,2,3,1,6.9,1,0.8495709546951816,65.83325327932963
CUST-00754,South,65,1,68,month-to-month,dsl,78.32,0,0,0,1,0,7.8,0,0.3405216467231594,26.66965537135784
CUST-00755,South,39,4,40,month-to-month,dsl,112.01,1,1,3,1,0,7.9,0,0.37937374522806705,42.493653202995795
CUST-00756,South,62,5,32,one-year,fiber,80.79,0,0,0,1,0,5.9,0,0.4168357270557321,33.6761583888326
CUST-00757,Midwest,46,2,54,month-to-month,dsl,90.92,1,1,2,1,0,7.8,0,0.2879596727190208,26.18129344361337
CUST-00758,Northeast,46,3,28,month-to-month,fiber,106.23,1,1,4,2,0,8.5,0,0.5022701987604747,53.356163214325235
CUST-00759,Northeast,64,3,10,one-year,dsl,64.21,0,0,2,3,0,7.1,0,0.381512560529168,24.496921511577874
CUST-00760,Northeast,60,1,53,month-to-month,dsl,101.63,1,1,2,2,0,7.9,1,0.35938629732440763,36.524429397079544
CUST-00761,South,31,1,13,month-to-month,fiber,94.4,0,1,0,2,0,6.1,1,0.8587284040952692,81.06396134659342
CUST-00762,Northeast,42,1,40,one-year,fiber,108.15,0,1,2,2,1,6.8,1,0.5016676116914855,54.25535220443417
CUST-00763,Midwest,74,1,69,month-to-month,dsl,107.98,0,1,4,2,0,7.3,0,0.5047089045857609,54.49846751717046
CUST-00764,Northeast,30,4,68,month-to-month,none,84.92,0,1,4,0,2,7.7,0,0.4180829237678447,35.503601886365374
CUST-00765,West,60,4,26,month-to-month,dsl,95.27,0,1,4,3,0,6.9,0,0.7379451781947695,70.30403712661568
CUST-00766,West,68,4,57,month-to-month,none,59.67,1,1,1,0,0,7.1,0,0.23676804636142287,14.127949326386103
CUST-00767,West,54,1,45,month-to-month,none,63.31,1,1,0,1,0,6.8,0,0.37579269995062964,23.791435833874363
CUST-00768,Midwest,21,2,35,one-year,fiber,95.53,1,1,1,2,0,6.2,0,0.3328990390505176,31.801845200495947
CUST-00769,Midwest,69,5,11,two-year,dsl,77.08,1,0,1,4,2,6.0,1,0.4972292973414214,38.32643423907676
CUST-00770,South,72,3,28,month-to-month,fiber,77.66,1,1,0,2,2,6.3,0,0.821120269464919,63.76820012664561
CUST-00771,Northeast,56,1,47,two-year,fiber,100.01,0,0,3,0,1,7.8,0,0.16506550656429292,16.508201311494936
CUST-00772,Northeast,65,5,72,one-year,fiber,87.6,1,1,2,2,0,6.7,0,0.15933846291293435,13.958049351173049
CUST-00773,Northeast,20,3,1,one-year,none,83.93,1,0,3,0,1,7.4,0,0.20812262459809586,17.467731882518187
CUST-00774,Midwest,61,3,52,one-year,dsl,78.63,0,1,0,1,1,7.4,1,0.22323251315310186,17.552772509228397
CUST-00775,Northeast,66,3,61,one-year,fiber,103.16,1,0,3,0,1,9.2,0,0.07770173603285548,8.01571108914937
CUST-00776,West,52,2,69,one-year,fiber,99.08,1,0,0,1,1,9.1,0,0.09265894768295344,9.180648536427027
CUST-00777,Northeast,49,4,31,month-to-month,fiber,135.47,1,0,3,0,1,9.3,0,0.40674158501273544,55.10128252167527
CUST-00778,South,66,2,9,month-to-month,dsl,94.15,1,1,4,0,0,7.7,0,0.4664399658846102,43.91532278803605
CUST-00779,South,57,2,20,month-to-month,none,53.09,0,0,1,1,1,6.0,1,0.7336047657521984,38.94707701378421
CUST-00780,West,19,1,62,month-to-month,fiber,103.32,1,0,1,2,0,7.8,1,0.3901082867244617,40.30598818437138
CUST-00781,Midwest,29,1,64,one-year,fiber,100.03,0,0,2,1,0,8.8,0,0.12620619453677284,12.624405639513387
CUST-00782,West,53,5,46,month-to-month,dsl,94.56,0,0,2,1,0,7.7,0,0.4284467642818774,40.513926030494325
CUST-00783,West,54,2,9,month-to-month,fiber,114.06,1,1,2,2,1,6.7,0,0.8274721222231696,94.38147026077472
CUST-00784,West,33,1,9,month-to-month,fiber,86.41,0,1,0,1,0,6.7,0,0.7805296970356733,67.44557112085253
CUST-00785,Northeast,26,3,35,month-to-month,fiber,111.67,1,1,1,0,0,8.6,0,0.3422411143083251,38.218065234810666
CUST-00786,Midwest,56,1,43,one-year,fiber,109.84,1,1,2,1,0,8.4,0,0.15711298378296812,17.257290138721217
CUST-00787,Midwest,36,3,3,one-year,fiber,161.12,1,1,3,0,0,8.7,0,0.27455866287998687,44.23689176322348
CUST-00788,South,58,1,50,month-to-month,none,76.98,1,1,3,0,1,6.9,0,0.40685277325828145,31.319526485422507
CUST-00789,Northeast,57,2,40,month-to-month,fiber,121.94,1,0,3,3,0,5.6,0,0.7630197738474374,93.04263122295652
CUST-00790,Northeast,30,1,1,month-to-month,fiber,98.69,1,1,2,1,0,7.5,0,0.6419340189013859,63.35246832537777
CUST-00791,South,64,5,7,month-to-month,dsl,96.44,1,1,2,0,0,9.0,0,0.3545260326608545,34.1904905898128
CUST-00792,Midwest,27,3,33,one-year,none,72.42,1,1,1,1,1,8.5,0,0.1228843116496349,8.89928184966656
CUST-00793,Northeast,41,1,53,one-year,fiber,109.52,1,1,1,1,0,7.5,0,0.16302308025074766,17.854287749061882
CUST-00794,West,53,5,60,month-to-month,fiber,92.71,0,0,1,2,0,5.1,0,0.7380803512207526,68.42742936167596
CUST-00795,South,71,5,32,month-to-month,dsl,95.07,0,1,2,0,0,9.1,0,0.3660188999255544,34.79741681592245
CUST-00796,Midwest,74,1,22,two-year,fiber,81.26,0,1,0,1,1,8.5,0,0.25979412236190746,21.110870383128603
CUST-00797,Northeast,59,1,70,one-year,dsl,70.73,1,0,1,1,0,8.0,0,0.051210945811116,3.622150197220235
CUST-00798,Northeast,57,1,34,month-to-month,fiber,60.53,0,0,0,0,0,7.5,0,0.4789873666843356,28.993105305402835
CUST-00799,Midwest,48,2,23,month-to-month,fiber,103.89,1,1,2,1,0,7.3,0,0.5912798740288931,61.42806611286171
CUST-00800,Northeast,47,3,32,month-to-month,fiber,99.65,1,0,2,1,1,8.1,1,0.5067426446803613,50.49690454239801
CUST-00801,Midwest,51,4,1,two-year,dsl,105.62,1,1,0,2,1,7.6,0,0.2817655364266633,29.760075957384178
CUST-00802,South,74,5,22,month-to-month,fiber,84.14,1,0,0,2,0,6.6,0,0.6746091807885114,56.76161647154535
CUST-00803,Northeast,57,5,38,month-to-month,fiber,119.31,1,0,2,3,0,8.4,0,0.5288125559450106,63.09262604979922
CUST-00804,West,67,5,67,two-year,fiber,110.65,1,1,1,0,0,7.1,0,0.08173352044841738,9.043814037617382
CUST-00805,South,51,1,54,one-year,dsl,100.8,1,1,4,1,0,7.4,0,0.12499898404209057,12.59989759144273
CUST-00806,Northeast,61,5,57,month-to-month,fiber,72.62,0,1,0,2,1,6.0,0,0.7364620909730657,53.481877046464035
CUST-00807,Northeast,69,4,40,month-to-month,dsl,80.16,1,1,2,1,0,7.6,0,0.33159748603883277,26.580854480872834
CUST-00808,South,44,1,8,month-to-month,dsl,126.57,0,0,4,3,0,7.2,0,0.8194015816744654,103.71165819253709
CUST-00809,South,56,5,29,one-year,fiber,128.41,0,1,0,1,0,8.4,0,0.3331563456718142,42.78060634771766
CUST-00810,Midwest,47,4,72,month-to-month,none,59.56,0,0,2,2,0,6.9,0,0.3777967191560101,22.50157259293196
CUST-00811,South,48,4,4,two-year,none,70.85,1,0,2,1,0,6.7,1,0.1681706676369477,11.914891802077744
CUST-00812,Northeast,33,4,64,two-year,fiber,96.04,1,0,2,2,0,8.2,0,0.06764836024207284,6.496948517648676
CUST-00813,South,68,4,50,month-to-month,fiber,112.21,0,1,4,0,1,6.6,0,0.7102319987171772,79.69513257605445
CUST-00814,Northeast,67,1,21,one-year,fiber,127.39,1,0,2,0,1,7.8,0,0.27837848376333096,35.46263504661073
CUST-00815,Midwest,73,3,57,month-to-month,fiber,85.01,0,0,1,0,2,7.3,0,0.6241213237203753,53.05655372946911
CUST-00816,Northeast,35,4,61,month-to-month,dsl,49.73,0,1,1,5,0,4.4,0,0.7883941868613307,39.20684291261397
CUST-00817,West,77,5,4,one-year,none,75.68,0,0,3,2,1,6.1,0,0.5627837992921876,42.59147793043276
CUST-00818,Midwest,60,4,8,month-to-month,dsl,88.18,0,1,1,1,0,8.1,0,0.5961957289120319,52.57253937546297
CUST-00819,South,38,2,48,month-to-month,fiber,105.49,1,1,3,1,1,8.6,0,0.4588044839280238,48.39928500956723
CUST-00820,South,70,4,72,month-to-month,fiber,88.04,0,0,1,2,0,6.7,0,0.582273877097742,51.26339213968521
CUST-00821,Northeast,51,2,2,month-to-month,fiber,96.25,0,1,0,3,2,4.1,1,0.9734405681562975,93.69365468504364
CUST-00822,Northeast,51,2,48,month-to-month,dsl,70.31,0,1,2,1,0,7.6,0,0.4048433200235887,28.46453383085852
CUST-00823,Midwest,63,4,10,one-year,fiber,110.75,1,1,1,0,0,7.8,0,0.24501000254355015,27.13485778169818
CUST-00824,Midwest,27,2,47,one-year,none,69.68,1,1,1,0,3,8.0,0,0.1671391952731624,11.646259126633957
CUST-00825,Northeast,45,2,45,one-year,dsl,102.1,1,1,1,2,0,7.6,0,0.15069787732880333,15.38625327527082
CUST-00826,Midwest,19,3,7,two-year,fiber,95.57,1,1,0,2,0,5.7,0,0.3861695923084351,36.90622793691714
CUST-00827,West,43,1,50,month-to-month,dsl,79.82,1,1,1,2,0,6.6,0,0.45078502956649524,35.98166105999765
CUST-00828,Midwest,58,1,65,two-year,dsl,90.89,0,1,4,0,0,8.8,0,0.04852309071622377,4.410263715197579
CUST-00829,West,77,3,63,month-to-month,dsl,56.59,0,0,1,0,0,7.8,0,0.24939812434494338,14.113439856680346
CUST-00830,Midwest,31,1,3,month-to-month,fiber,112.07,1,0,3,4,1,4.7,0,0.9392280334960671,105.25928571390423
CUST-00831,West,70,4,18,two-year,fiber,92.66,0,0,2,2,1,7.4,0,0.39597646832702943,36.69117955518254
CUST-00832,Midwest,20,4,18,month-to-month,dsl,82.52,1,1,0,1,1,5.8,1,0.6661417140219679,54.970014241092784
CUST-00833,West,18,5,33,month-to-month,fiber,113.0,1,0,4,0,0,8.3,0,0.34619862354826453,39.12044446095389
CUST-00834,West,38,1,11,month-to-month,dsl,122.8,0,1,4,0,0,7.4,0,0.6453841570806709,79.25317448950638
CUST-00835,South,35,4,62,month-to-month,fiber,92.25,1,0,1,2,1,7.1,0,0.5294954997596735,48.84595985282988
CUST-00836,Northeast,52,1,56,month-to-month,dsl,60.48,0,1,0,5,1,4.6,0,0.8696495188791983,52.59640290181391
CUST-00837,South,29,4,59,month-to-month,dsl,89.0,0,0,4,2,0,7.2,0,0.4682388933497904,41.67326150813135
CUST-00838,Northeast,51,1,15,two-year,fiber,82.01,1,1,0,0,1,9.4,0,0.10280857489187159,8.43133122688239
CUST-00839,West,77,4,2,month-to-month,fiber,100.67,1,1,4,3,0,7.1,1,0.7938390570553129,79.91577787375834
CUST-00840,Midwest,28,1,66,month-to-month,dsl,54.63,0,1,0,1,0,7.9,0,0.28454891259471027,15.544907095049023
CUST-00841,West,43,1,21,month-to-month,fiber,109.08,0,1,4,0,0,8.4,0,0.5843575582518054,63.74172245410693
CUST-00842,South,54,2,48,one-year,dsl,120.53,0,1,4,2,2,5.1,0,0.659999033096415,79.54968345911091
CUST-00843,Midwest,43,2,66,month-to-month,dsl,90.92,0,0,1,4,1,5.5,0,0.7805246829991086,70.96530417827896
CUST-00844,Northeast,42,4,3,month-to-month,fiber,80.27,0,1,1,0,1,7.8,0,0.7122082395951246,57.168955392300646
CUST-00845,South,20,1,1,month-to-month,dsl,69.34,0,1,0,0,0,8.3,1,0.5219638480220085,36.19297322184607
CUST-00846,Northeast,46,4,1,one-year,fiber,114.41,1,0,3,2,0,7.3,1,0.38564867726580254,44.122065165980466
CUST-00847,South,73,3,12,one-year,dsl,84.75,1,1,1,2,0,8.0,0,0.23177897146376766,19.643267831554308
CUST-00848,West,70,1,4,one-year,fiber,132.39,1,1,3,0,0,7.6,0,0.3340668186879568,44.2271061260986
CUST-00849,Midwest,65,5,60,one-year,fiber,84.52,1,0,3,0,3,9.5,0,0.11908470810959257,10.065039529422764
CUST-00850,West,22,3,44,month-to-month,fiber,78.49,1,0,2,2,1,7.3,0,0.5435929507957612,42.66661070795929
CUST-00851,West,25,5,71,month-to-month,none,57.45,1,1,1,1,0,6.7,0,0.2340515710979617,13.4462627595779
CUST-00852,Northeast,49,1,58,month-to-month,none,66.82,1,1,1,1,1,8.5,0,0.25343170974073825,16.93430684487613
CUST-00853,South,35,3,70,month-to-month,dsl,55.84,1,1,2,1,1,6.3,0,0.3606428481492369,20.13829664065339
CUST-00854,South,28,1,18,month-to-month,fiber,84.78,1,1,0,1,0,7.6,0,0.5667280795588735,48.0472065850013
CUST-00855,Northeast,29,3,21,month-to-month,dsl,64.81,1,0,2,1,0,7.7,0,0.331676238795521,21.495937036337715
CUST-00856,Northeast,28,4,62,month-to-month,dsl,96.51,1,0,3,4,1,5.3,0,0.6784410166974303,65.47634252146901
CUST-00857,Northeast,23,5,18,one-year,dsl,113.74,0,0,2,1,0,7.5,0,0.2616208258986675,29.756752737714436
CUST-00858,Northeast,54,5,5,month-to-month,fiber,108.41,0,0,1,2,0,6.8,0,0.8214127985425563,89.04936148999853
CUST-00859,Midwest,42,2,49,one-year,none,75.31,0,0,4,1,1,6.4,0,0.26641911570698446,20.064023603893
CUST-00860,South,58,2,58,one-year,fiber,101.1,0,0,2,0,1,8.2,0,0.20330608021902688,20.554244710143617
CUST-00861,Midwest,30,4,70,month-to-month,fiber,101.99,0,1,3,4,1,5.4,0,0.8493349257094388,86.62366907310566
CUST-00862,South,54,4,67,month-to-month,none,78.14,0,1,0,0,2,9.1,0,0.3478227043243484,27.178866115904587
CUST-00863,Northeast,29,2,9,one-year,fiber,87.89,0,0,4,3,1,7.6,0,0.5511212603871256,48.43804757542447
CUST-00864,Midwest,73,2,56,one-year,fiber,101.39,1,1,3,1,1,7.0,0,0.245146418030405,24.855395324102762
CUST-00865,Northeast,28,1,61,month-to-month,dsl,96.61,0,0,4,0,0,7.7,0,0.29321376141160144,28.327381489974815
CUST-00866,West,65,4,51,month-to-month,none,70.3,0,1,3,0,0,7.2,0,0.3820069886464185,26.85509130184322
CUST-00867,South,59,1,60,one-year,fiber,122.01,0,1,2,2,1,6.6,0,0.5007166421446358,61.09243750806702
CUST-00868,Northeast,29,3,61,one-year,dsl,65.89,0,1,2,0,0,9.0,0,0.053288995631474836,3.511211922157877
CUST-00869,Northeast,23,2,33,month-to-month,fiber,87.61,1,0,3,3,0,6.4,0,0.6543879561180803,57.33092883550501
CUST-00870,South,56,3,3,month-to-month,fiber,132.07,1,0,2,2,1,6.3,1,0.8722889402634678,115.20320034059618
CUST-00871,South,20,5,33,two-year,fiber,103.86,0,1,3,0,1,8.5,0,0.1818012368736366,18.8818764616959
CUST-00872,Midwest,55,5,15,month-to-month,dsl,79.98,1,0,1,3,1,4.5,1,0.8404446192850009,67.21876065041438
CUST-00873,South,58,5,9,two-year,fiber,105.31,0,1,3,2,1,6.5,0,0.5752493393679406,60.57950792883783
CUST-00874,South,56,4,9,month-to-month,fiber,97.3,1,1,1,1,0,8.8,0,0.5263891248740764,51.21766185024763
CUST-00875,West,76,3,51,month-to-month,dsl,85.87,1,0,2,0,0,9.4,0,0.1446487816414012,12.420990879547121
CUST-00876,Northeast,43,5,37,month-to-month,dsl,64.45,1,1,0,0,0,9.3,0,0.15207434871527034,9.801191774699173
CUST-00877,Midwest,48,3,39,month-to-month,dsl,88.81,0,1,4,0,0,6.7,0,0.5042498927249821,44.78243297290566
CUST-00878,Northeast,74,2,54,two-year,dsl,90.1,1,1,3,2,0,6.2,0,0.13028626678313185,11.738792637160179
CUST-00879,South,69,5,40,month-to-month,fiber,86.12,1,1,1,1,2,6.6,0,0.718732539411977,61.897246294159466
CUST-00880,Midwest,45,5,46,two-year,fiber,73.36,1,1,0,2,1,7.1,0,0.1799039483481309,13.197753650818882
CUST-00881,Northeast,43,3,7,month-to-month,fiber,126.41,0,0,4,2,1,5.8,1,0.9117271927443235,115.25143443480992
CUST-00882,Northeast,65,5,62,two-year,dsl,60.48,1,0,0,2,0,5.8,0,0.08935998436881626,5.4044918546260075
CUST-00883,West,51,3,33,two-year,fiber,95.42,0,0,2,6,0,5.7,0,0.6425358800241165,61.3107736719012
CUST-00884,Northeast,46,3,12,one-year,fiber,107.33,0,1,0,2,0,7.8,0,0.45103917914016456,48.41003509711386
CUST-00885,Northeast,66,3,59,month-to-month,fiber,114.39,1,1,3,1,0,7.0,0,0.459551260737333,52.56806871574352
CUST-00886,Midwest,65,3,53,one-year,fiber,90.17,1,0,1,2,0,8.0,0,0.14788474155068554,13.334767145625316
CUST-00887,South,42,5,4,month-to-month,none,61.93,0,1,2,1,0,8.1,0,0.5681979159947314,35.188496937553715
CUST-00888,South,41,5,14,two-year,dsl,91.02,1,0,2,0,1,6.1,0,0.20187276627413217,18.37445918627151
CUST-00889,West,58,4,2,month-to-month,fiber,113.54,1,1,1,2,0,7.6,0,0.7302196751559763,82.90914191720955
CUST-00890,West,18,3,20,month-to-month,dsl,80.51,1,1,3,1,0,7.5,0,0.4163093588215266,33.517066478721105
CUST-00891,Northeast,64,1,8,month-to-month,dsl,83.64,1,0,2,1,0,5.3,1,0.6696766745168709,56.01175705659108
CUST-00892,South,47,2,52,one-year,fiber,95.73,1,0,2,3,2,7.2,0,0.4038179523697966,38.65749258036063
CUST-00893,West,70,1,38,two-year,fiber,91.93,1,0,1,2,0,7.4,1,0.16318726760072752,15.001805510534883
CUST-00894,Northeast,50,1,71,month-to-month,dsl,75.74,0,1,2,2,0,5.3,0,0.583012813052698,44.157390460611346
CUST-00895,South,41,4,54,one-year,fiber,98.72,0,1,1,0,0,8.6,1,0.1453715795961661,14.351082337733516
CUST-00896,Northeast,24,2,45,two-year,dsl,93.09,1,1,2,0,0,8.6,0,0.038758640831935844,3.6080418750449077
CUST-00897,Northeast,18,1,37,month-to-month,dsl,115.5,0,1,3,4,1,5.9,0,0.8657313830110619,99.99197473777765
CUST-00898,West,57,2,4,month-to-month,dsl,90.44,0,1,2,3,0,4.5,0,0.9119393796022792,82.47579749123013
CUST-00899,Midwest,29,1,6,one-year,none,52.27,1,1,0,2,2,6.6,0,0.43435555145833277,22.703764674727054
CUST-00900,Northeast,69,1,45,one-year,dsl,122.69,0,1,4,2,0,6.2,0,0.3906515689029679,47.92904098870513
CUST-00901,South,47,3,1,month-to-month,fiber,110.6,0,1,3,2,0,6.6,0,0.8757548150609735,96.85848254574367
CUST-00902,South,70,4,4,two-year,fiber,121.24,1,1,4,3,0,5.3,0,0.589699247673001,71.49513678787463
CUST-00903,West,45,4,16,month-to-month,dsl,76.01,0,0,0,1,0,6.3,0,0.6580401327707043,50.01763049190124
CUST-00904,South,40,2,64,two-year,dsl,103.81,1,0,4,1,0,9.3,0,0.03151690768657201,3.2717701869430407
CUST-00905,Northeast,26,4,34,two-year,none,48.21,0,0,2,1,1,8.4,0,0.09386747864415365,4.525351145434648
CUST-00906,West,42,1,52,one-year,dsl,98.82,1,1,4,1,0,8.8,0,0.07373770500638577,7.286760008731041
CUST-00907,Northeast,67,1,30,month-to-month,fiber,110.03,0,1,3,0,0,9.2,1,0.47347624573482616,52.096591318202925
CUST-00908,West,69,2,13,month-to-month,dsl,101.38,1,1,4,2,1,5.1,1,0.8309243218881014,84.23910775301572
CUST-00909,South,46,4,27,month-to-month,none,83.01,0,0,0,1,0,7.2,0,0.5694624528786544,47.2710782134571
CUST-00910,Midwest,77,1,7,month-to-month,dsl,98.36,0,1,2,2,1,6.7,0,0.8467824738038275,83.28952412334448
CUST-00911,Midwest,20,1,56,one-year,dsl,100.0,1,1,3,2,1,6.8,0,0.21132548303459198,21.1325483034592
CUST-00912,Northeast,21,3,14,month-to-month,fiber,78.11,0,1,2,0,1,5.9,1,0.7900177115777947,61.70828345134154
CUST-00913,Midwest,21,3,28,month-to-month,dsl,89.8,1,1,4,0,0,8.9,0,0.2337768176554864,20.99315822546268
CUST-00914,Northeast,21,3,71,month-to-month,fiber,87.16,0,0,3,2,0,7.3,0,0.4640962210053036,40.45062662282226
CUST-00915,Midwest,18,3,43,month-to-month,fiber,111.49,0,0,0,1,1,6.5,0,0.7414968957610149,82.66948890839554
CUST-00916,Northeast,21,5,34,month-to-month,dsl,65.63,0,1,0,0,1,8.4,0,0.38221543549966114,25.08479903184276
CUST-00917,Northeast,65,1,40,one-year,none,78.8,1,0,3,3,1,6.7,1,0.28361200580689244,22.348626057583125
CUST-00918,Northeast,45,4,57,one-year,dsl,79.11,0,1,1,1,0,8.2,0,0.10778146356403268,8.526591582550624
CUST-00919,Midwest,64,4,19,month-to-month,fiber,120.39,0,1,1,1,1,6.2,1,0.8689979877535436,104.61866774564912
CUST-00920,West,65,4,46,two-year,fiber,110.39,1,0,4,0,2,8.2,0,0.13628352758516932,15.044338610126841
CUST-00921,Northeast,59,1,63,two-year,fiber,93.05,0,1,0,3,1,6.5,0,0.35785194785094193,33.29812374753015
CUST-00922,Midwest,23,2,42,month-to-month,dsl,71.71,1,0,2,2,1,6.5,0,0.5175381223776796,37.1126587557034
CUST-00923,Midwest,25,5,33,one-year,dsl,86.04,1,1,1,0,0,6.0,0,0.16400725498871913,14.111184219229395
CUST-00924,Northeast,59,4,11,month-to-month,none,54.63,1,1,0,2,0,7.2,0,0.5143898962491825,28.101120032092844
CUST-00925,Midwest,75,5,18,month-to-month,fiber,117.17,1,1,1,1,1,7.5,0,0.704355726686505,82.5293604958578
CUST-00926,West,28,4,69,month-to-month,dsl,106.95,0,0,2,1,0,6.4,0,0.4516890346877053,48.30814225985009
CUST-00927,West,56,1,39,month-to-month,dsl,89.01,1,1,2,3,1,6.7,0,0.6646258493799779,59.15834685331184
CUST-00928,Northeast,19,5,22,two-year,fiber,80.2,1,1,0,0,0,8.7,0,0.07025311816874738,5.63430007713354
CUST-00929,Northeast,29,5,31,two-year,none,84.36,0,1,3,0,2,8.1,0,0.16505088289213185,13.923692480780243
CUST-00930,Midwest,53,4,42,one-year,dsl,68.01,1,1,1,0,0,8.1,0,0.06825255025311043,4.641855942714041
CUST-00931,West,57,1,39,one-year,fiber,129.0,1,1,2,2,1,5.6,1,0.5468353921634502,70.54176558908507
CUST-00932,Northeast,53,5,51,one-year,fiber,126.53,1,1,2,3,0,5.3,0,0.4478353211121965,56.664603180326225
CUST-00933,South,45,5,19,two-year,none,82.9,0,1,2,4,0,6.6,0,0.41662116234965785,34.53789435878664
CUST-00934,South,34,5,47,month-to-month,dsl,68.64,1,1,2,2,1,5.8,1,0.5894991639199627,40.46322261146624
CUST-00935,Midwest,65,2,32,month-to-month,dsl,71.63,1,1,1,3,0,5.7,1,0.665762592458069,47.688574497771484
CUST-00936,Northeast,37,5,68,one-year,dsl,82.21,1,1,2,2,0,8.1,0,0.06869096577730563,5.647084296552295
CUST-00937,South,60,1,12,month-to-month,fiber,92.56,0,0,2,0,1,5.7,0,0.8495905852748326,78.6381045730385
CUST-00938,Northeast,39,3,11,month-to-month,dsl,64.06,0,1,0,0,1,6.2,0,0.6964535246386214,44.61481278835009
CUST-00939,Northeast,49,4,34,month-to-month,none,93.05,0,0,3,1,0,8.0,0,0.4439666744620919,41.31109905869765
CUST-00940,West,73,2,37,one-year,fiber,111.98,0,0,2,0,0,8.3,0,0.2139442522282094,23.95747736451489
CUST-00941,Midwest,41,5,50,month-to-month,dsl,90.09,1,1,1,2,2,4.7,1,0.7647586885015709,68.89711024710653
CUST-00942,West,69,3,30,month-to-month,fiber,90.01,0,0,0,2,0,6.4,0,0.7696472616114284,69.27595001764467
CUST-00943,West,21,1,66,month-to-month,fiber,86.81,0,0,1,1,0,7.5,0,0.4375281752276675,37.98182089151382
CUST-00944,South,49,5,35,month-to-month,fiber,83.51,1,1,2,0,0,7.1,0,0.4518495761766777,37.73395810651436
CUST-00945,Northeast,48,1,10,two-year,dsl,105.41,0,1,4,1,1,6.1,0,0.4221201024035205,44.49567999435509
CUST-00946,West,75,5,9,month-to-month,fiber,106.57,0,0,3,0,1,6.1,0,0.8356198023678993,89.05200233834702
CUST-00947,West,33,5,71,one-year,fiber,103.18,1,1,2,2,0,8.1,0,0.11516242716724966,11.882459235116821
CUST-00948,Northeast,52,5,10,one-year,dsl,65.6,0,0,0,3,0,7.5,0,0.3381552954248443,22.182987379869783
CUST-00949,West,53,2,69,month-to-month,fiber,97.46,1,1,1,3,0,7.1,0,0.516070519345185,50.29623281538173
CUST-00950,South,24,3,21,one-year,dsl,108.12,0,0,4,1,1,8.5,0,0.27225948345955175,29.436695351646737
CUST-00951,West,77,4,7,one-year,none,66.96,0,0,0,2,1,8.0,0,0.3745383994142497,25.079091224778157
CUST-00952,Northeast,47,5,22,one-year,fiber,140.38,1,1,3,0,0,7.1,0,0.26918457872292634,37.7881311611244
CUST-00953,Midwest,44,2,45,month-to-month,fiber,87.9,0,1,2,2,0,7.7,0,0.6166899047438529,54.20704262698467
CUST-00954,Northeast,71,3,31,month-to-month,none,89.04,1,1,1,1,0,7.7,0,0.39354740242800473,35.04146071218955
CUST-00955,West,22,2,57,two-year,fiber,114.34,0,1,4,2,0,8.8,0,0.13827097534044586,15.80990332042658
CUST-00956,South,57,4,44,one-year,fiber,93.58,1,1,1,2,0,10.0,0,0.10662605953701149,9.978066651473535
CUST-00957,South,19,4,29,two-year,none,86.87,0,1,3,0,2,7.5,0,0.23029976124142287,20.006140259042407
CUST-00958,Midwest,75,3,46,two-year,none,74.12,1,0,0,2,1,6.8,0,0.1464922439165341,10.858005119093507
CUST-00959,Northeast,66,5,70,month-to-month,dsl,118.44,1,1,4,0,2,7.3,0,0.38953031463358845,46.13597046520221
CUST-00960,Midwest,49,2,30,one-year,dsl,86.34,1,1,0,1,1,7.7,0,0.19194975737379197,16.5729420516532
CUST-00961,Northeast,41,4,12,month-to-month,none,61.26,0,0,1,2,0,7.0,1,0.6337025576849886,38.8206186837824
CUST-00962,South,72,3,30,one-year,dsl,123.01,1,1,4,3,0,9.2,0,0.1927822603462956,23.71414584519782
CUST-00963,South,32,1,61,month-to-month,dsl,98.3,1,0,3,0,1,8.0,0,0.26656019068043973,26.202866743887224
CUST-00964,South,63,2,16,month-to-month,dsl,46.66,0,1,3,2,0,6.4,0,0.7072631087226262,33.00089665299774
CUST-00965,Midwest,42,5,69,one-year,dsl,77.8,1,1,1,1,0,7.9,0,0.05930307547798964,4.613779272187593
CUST-00966,Midwest,67,3,43,one-year,fiber,105.21,0,1,3,0,0,7.5,0,0.2454812371907121,25.82708096483482
CUST-00967,Northeast,62,4,44,one-year,fiber,108.81,0,0,4,0,0,6.7,0,0.260996439423755,28.399022573698783
CUST-00968,West,77,4,23,month-to-month,fiber,122.4,1,0,3,0,0,8.0,0,0.4817886359068061,58.97092903499307
CUST-00969,Midwest,54,3,67,month-to-month,dsl,94.84,0,1,1,0,3,9.2,0,0.43302863589643537,41.06843582841793
CUST-00970,Northeast,36,2,3,two-year,fiber,113.5,0,1,4,0,0,9.0,0,0.19242478934023535,21.84021359011671
CUST-00971,Northeast,71,4,22,month-to-month,fiber,106.64,1,1,0,0,0,7.7,0,0.4959799698125101,52.89130398080607
CUST-00972,South,55,4,31,month-to-month,dsl,80.63,1,1,4,2,0,7.3,0,0.4815261982151916,38.825457362090894
CUST-00973,West,60,2,35,one-year,fiber,62.76,0,1,0,2,0,9.4,0,0.18935848501296626,11.884138519413762
CUST-00974,West,33,1,35,month-to-month,fiber,74.08,0,1,0,1,0,7.5,0,0.5949895353370914,44.07682477777173
CUST-00975,Northeast,49,2,11,one-year,fiber,97.33,1,1,0,1,1,6.8,0,0.4188265602537468,40.76438910949717
CUST-00976,Midwest,69,1,17,month-to-month,fiber,95.78,1,0,0,1,0,7.6,0,0.5723976529235695,54.82424719701949
CUST-00977,South,40,4,7,one-year,dsl,76.97,1,1,3,1,0,8.5,0,0.1497790317371989,11.528492072812199
CUST-00978,West,53,2,42,two-year,fiber,84.22,1,1,1,0,0,8.8,0,0.05997908807134375,5.05143879736857
CUST-00979,Midwest,30,2,26,two-year,fiber,94.12,1,1,0,1,0,9.2,0,0.09022066427880086,8.491568921920738
CUST-00980,South,28,2,41,one-year,dsl,66.36,1,0,1,3,1,6.6,0,0.2705334932297656,17.952602610727247
CUST-00981,South,64,5,43,month-to-month,fiber,125.04,0,1,4,1,0,5.2,0,0.8201406928336915,102.55039223192479
CUST-00982,West,43,5,51,one-year,fiber,120.47,0,1,2,2,0,7.5,1,0.327092773549357,39.40486642949104
CUST-00983,South,30,5,40,two-year,dsl,91.37,0,1,3,3,0,6.9,0,0.24893044372640954,22.744774643282042
CUST-00984,West,28,4,47,one-year,dsl,84.99,0,1,1,1,2,7.5,0,0.2897304271528422,24.62418900372006
CUST-00985,Northeast,25,1,43,one-year,dsl,82.6,0,1,2,1,1,6.6,0,0.29193597668755994,24.11391167439245
CUST-00986,South,45,4,47,one-year,dsl,113.37,1,0,3,0,1,10.0,0,0.060512431983151094,6.860294413929839
CUST-00987,Midwest,36,3,45,one-year,none,109.09,0,1,3,0,2,6.7,0,0.3570481550218102,38.950383231329276
CUST-00988,Northeast,22,4,23,one-year,fiber,81.1,0,0,0,1,0,6.8,1,0.32843944477224657,26.636438971029197
CUST-00989,Northeast,46,4,18,month-to-month,dsl,92.75,1,1,3,1,0,7.3,0,0.4645056535257979,43.08289936451776
CUST-00990,Midwest,75,4,57,month-to-month,dsl,108.65,1,0,3,1,0,8.7,0,0.22588114236687665,24.541986118161148
CUST-00991,Midwest,76,4,25,one-year,fiber,95.03,0,0,0,1,0,8.9,0,0.23220387313695415,22.066334064204753
CUST-00992,Northeast,53,5,40,month-to-month,none,61.0,1,1,1,0,0,8.7,0,0.1755972663547604,10.711433247640384
CUST-00993,West,52,5,15,two-year,fiber,84.26,1,0,3,0,0,9.3,0,0.06769086661256771,5.703632420774955
CUST-00994,Northeast,77,3,32,one-year,none,56.47,0,1,0,1,0,6.5,0,0.255048044043942,14.402563047161404
CUST-00995,Northeast,63,1,39,month-to-month,dsl,92.71,1,0,3,0,1,6.3,0,0.47819198467911544,44.33317889960079
CUST-00996,South,28,1,46,one-year,dsl,96.25,1,1,4,2,0,7.0,0,0.1840084293995162,17.710811329703436
CUST-00997,Northeast,49,1,38,one-year,fiber,85.72,0,0,2,0,0,9.0,0,0.13008157547041713,11.150592649324157
CUST-00998,South,41,5,26,one-year,none,70.32,1,1,2,1,1,8.5,0,0.14365496336536554,10.101817023852504
CUST-00999,Northeast,26,3,70,month-to-month,dsl,102.14,0,1,0,2,0,6.0,0,0.5578411474837919,56.9778948039945
CUST-01000,West,73,3,37,two-year,fiber,101.35,1,1,3,1,0,7.0,0,0.16875830632969105,17.103654346514187
CUST-01001,Midwest,53,2,59,month-to-month,fiber,108.03,1,1,4,0,0,9.2,0,0.22585976137370004,24.399630021200814
CUST-01002,Northeast,59,5,54,one-year,dsl,90.11,0,1,4,1,1,7.6,0,0.19582088399318476,17.645419856625878
CUST-01003,West,65,2,41,month-to-month,fiber,134.46,1,1,2,2,0,5.1,1,0.8003528836719883,107.61544873853555
CUST-01004,South,22,5,64,one-year,dsl,50.67,0,0,0,2,0,6.1,0,0.18180270214997277,9.21194291793912
CUST-01005,Midwest,36,4,10,one-year,dsl,63.91,0,1,1,2,0,7.5,1,0.30991146543092485,19.806441755690408
CUST-01006,Midwest,70,2,67,one-year,fiber,99.25,1,1,1,0,0,7.4,0,0.10982183359230692,10.899816984036462
CUST-01007,South,30,4,62,month-to-month,dsl,73.47,0,1,0,2,0,5.9,0,0.5779595423896031,42.46268757936414
CUST-01008,Midwest,29,5,37,one-year,fiber,108.5,1,0,0,0,1,7.3,0,0.20807355913479178,22.575981166124908
CUST-01009,Northeast,54,1,53,one-year,none,82.2,0,1,2,0,0,9.0,0,0.0788739528126348,6.483438921198581
CUST-01010,South,33,1,38,month-to-month,dsl,61.4,1,1,0,1,0,7.5,0,0.3434070511914706,21.085192943156294
CUST-01011,Midwest,67,1,20,two-year,fiber,94.91,0,1,0,3,1,7.8,0,0.4639465829541297,44.03317018817645
CUST-01012,Northeast,61,4,58,one-year,dsl,99.68,0,1,4,3,2,5.7,0,0.543414976946149,54.16760490199214
CUST-01013,South,64,3,18,two-year,fiber,107.06,1,1,3,5,0,5.5,0,0.6083876526860337,65.13398209656677
CUST-01014,South,60,4,23,two-year,none,103.45,1,0,4,0,2,8.3,0,0.14027504507197136,14.511453412695438
CUST-01015,Northeast,26,3,38,two-year,fiber,102.48,0,1,1,2,0,6.5,0,0.3135976824464407,32.137490497111244
CUST-01016,West,57,5,61,one-year,dsl,104.0,1,1,1,1,0,6.5,0,0.13680080466147154,14.22728368479304
CUST-01017,West,28,3,28,one-year,none,93.24,0,1,3,3,0,6.2,0,0.4605389496955649,42.94065166961447
CUST-01018,South,18,3,36,month-to-month,fiber,116.65,0,1,3,2,2,5.6,0,0.9112308631431177,106.2950801856447
CUST-01019,West,76,3,3,month-to-month,dsl,26.7,0,1,1,0,1,7.5,0,0.5881893466891085,15.704655556599196
CUST-01020,South,32,2,9,one-year,fiber,125.06,1,0,4,2,1,6.6,1,0.5536618737387954,69.24095392977375
CUST-01021,Northeast,59,5,5,month-to-month,dsl,98.1,1,1,3,7,1,4.4,1,0.9573854689204317,93.91951450109435
CUST-01022,West,38,1,6,two-year,fiber,95.81,1,0,1,0,1,7.9,0,0.19348434087990402,18.537734699703606
CUST-01023,Northeast,60,1,63,month-to-month,none,83.86,1,1,0,0,0,6.6,0,0.2858130274508558,23.968280482028767
CUST-01024,Northeast,42,3,61,month-to-month,fiber,96.17,0,0,0,2,1,5.9,1,0.7434725325898381,71.49975345916474
CUST-01025,South,44,4,60,month-to-month,fiber,101.15,0,1,4,2,0,5.7,0,0.7396333949363585,74.81391789781267
CUST-01026,West,22,3,5,month-to-month,dsl,112.04,0,1,4,0,0,9.6,0,0.43545382621910955,48.78824668958904
CUST-01027,South,45,4,6,month-to-month,dsl,97.98,1,0,2,1,2,7.1,1,0.7192421316499298,70.47134405906013
CUST-01028,Midwest,58,2,21,month-to-month,dsl,90.0,0,0,3,3,1,6.6,1,0.8138562796495591,73.24706516846032
CUST-01029,West,60,2,41,two-year,dsl,89.29,1,1,4,4,1,5.9,0,0.34030276017932926,30.38563345641231
CUST-01030,South,71,4,25,month-to-month,fiber,89.58,1,0,0,0,0,9.8,0,0.2799240629643739,25.075597560348612
CUST-01031,Northeast,53,2,36,month-to-month,dsl,102.32,1,1,4,3,0,5.3,1,0.7087726863564221,72.5216212679891
CUST-01032,West,77,3,13,month-to-month,fiber,118.67,0,1,2,1,0,6.6,1,0.8246314445747026,97.85901352767996
CUST-01033,West,55,4,53,month-to-month,fiber,96.88,0,0,2,2,1,7.5,1,0.6684982835709734,64.76411371235591
CUST-01034,Northeast,65,1,23,month-to-month,none,31.88,1,1,0,4,2,4.9,1,0.855157104502467,27.262408491538647
CUST-01035,Midwest,26,2,5,one-year,dsl,86.96,1,0,3,3,3,5.4,0,0.7088224028619013,61.63919615287094
CUST-01036,West,30,1,54,one-year,fiber,104.06,1,0,3,1,0,7.4,0,0.1470488675363676,15.301905155834412
CUST-01037,Midwest,53,2,66,month-to-month,fiber,102.67,1,0,0,0,1,9.6,0,0.2184589380862029,22.42917917331045
CUST-01038,Northeast,48,5,2,one-year,none,90.24,1,1,3,2,0,9.2,0,0.16147710574754773,14.571694022658706
CUST-01039,West,47,1,32,month-to-month,fiber,76.47,0,1,0,2,0,7.1,0,0.7111981966011625,54.38532609409089
CUST-01040,South,72,4,60,month-to-month,fiber,97.22,1,0,1,2,0,7.2,0,0.4767745428902034,46.35202105978557
CUST-01041,Northeast,46,1,51,two-year,fiber,119.5,0,1,3,2,2,7.3,0,0.40125557047968635,47.95004067232252
CUST-01042,Northeast,21,3,62,month-to-month,fiber,119.82,1,1,3,1,0,7.9,0,0.35012778398263256,41.95231107679903
CUST-01043,South,49,1,30,two-year,fiber,101.05,0,1,0,0,1,8.1,0,0.24383954754094483,24.639986279012476
CUST-01044,South,31,3,27,month-to-month,none,54.63,0,1,2,2,1,6.1,0,0.7553915318780626,41.26703938649856
CUST-01045,Midwest,20,5,52,month-to-month,fiber,98.22,0,1,1,0,0,7.3,1,0.4846137691687699,47.59876440775658
CUST-01046,Northeast,33,1,12,month-to-month,fiber,86.46,1,1,3,4,0,6.3,0,0.8148245619862792,70.4497316293337
CUST-01047,Northeast,18,2,18,month-to-month,dsl,126.79,1,0,4,1,0,7.7,0,0.46052303472275574,58.389715572498204
CUST-01048,South,54,2,44,two-year,dsl,83.32,0,1,3,0,0,9.5,0,0.055461696146273325,4.621068522907493
CUST-01049,Northeast,45,4,49,month-to-month,dsl,99.58,0,0,3,0,0,7.6,0,0.3537733450243686,35.228749697526624
CUST-01050,Northeast,75,5,9,two-year,dsl,82.91,0,1,2,1,2,6.3,0,0.45047807982148114,37.349137597999
CUST-01051,Midwest,21,2,37,two-year,dsl,104.21,0,1,2,1,0,6.3,1,0.21919590382638746,22.842405137747836
CUST-01052,South,46,1,27,one-year,dsl,91.42,1,0,1,1,0,7.2,0,0.17720568427921676,16.200143656805995
CUST-01053,Northeast,72,5,37,month-to-month,dsl,91.99,0,0,4,0,0,6.6,0,0.4908191825099285,45.15045659908832
CUST-01054,Northeast,51,1,70,month-to-month,dsl,86.89,1,1,1,2,1,7.8,1,0.34344422564507615,29.841868766300667
CUST-01055,West,39,5,6,month-to-month,dsl,105.96,1,1,4,1,1,6.9,1,0.669893610756902,70.98192699580133
CUST-01056,Midwest,56,3,72,one-year,fiber,76.26,0,1,3,2,0,6.4,0,0.26400936698600475,20.133354326352723
CUST-01057,Northeast,34,4,33,month-to-month,dsl,96.1,1,1,4,0,0,8.5,1,0.2435656374963875,23.406657763402837
CUST-01058,Midwest,69,5,56,two-year,dsl,107.72,1,0,3,1,1,9.4,0,0.04799023638214214,5.169508263084351
CUST-01059,Midwest,57,4,31,one-year,fiber,110.79,1,0,1,0,0,8.1,0,0.1468194550817527,16.26612742850738
CUST-01060,Midwest,35,2,23,month-to-month,dsl,109.59,1,1,1,2,1,5.7,1,0.7663142855476781,83.98038255317005
CUST-01061,West,22,2,56,one-year,fiber,65.48,0,1,0,1,1,7.0,0,0.27557753292179177,18.044816855718928
CUST-01062,Midwest,55,4,50,month-to-month,fiber,129.97,0,1,4,2,1,4.8,0,0.8905242717800076,115.74143960324758
CUST-01063,Midwest,71,3,11,two-year,dsl,102.16,1,0,0,0,2,8.4,0,0.16149226158172122,16.49804944318864
CUST-01064,Northeast,73,5,51,month-to-month,fiber,126.04,0,0,4,3,0,6.7,1,0.7530849219169689,94.91882355841476
CUST-01065,West,57,4,55,two-year,fiber,77.42,1,1,3,0,0,8.1,0,0.05447491583389497,4.217447983860149
CUST-01066,Northeast,74,5,28,one-year,fiber,83.26,1,1,0,2,2,5.8,1,0.5513637144788242,45.9065428675069
CUST-01067,West,66,2,67,two-year,none,95.15,1,1,4,3,0,9.0,0,0.05738317306358692,5.460008917000296
CUST-01068,Midwest,40,3,47,month-to-month,fiber,88.15,0,0,0,0,2,6.2,0,0.7396867811661757,65.2033897597984
CUST-01069,South,68,5,25,two-year,dsl,47.87,0,1,0,0,1,7.3,0,0.16539666617288273,7.917538409695896
CUST-01070,South,24,2,1,month-to-month,dsl,79.75,1,1,2,3,0,6.5,0,0.7344327064486528,58.571008339280056
CUST-01071,West,71,5,49,one-year,dsl,56.77,0,1,0,0,2,8.5,0,0.15612444334149153,8.863184648496475
CUST-01072,Midwest,73,3,16,month-to-month,none,66.41,0,1,0,2,0,6.6,0,0.7210544394474931,47.88522532370802
CUST-01073,South,51,3,55,month-to-month,dsl,98.05,1,1,3,0,0,8.1,0,0.2370312338333086,23.240912477355906
CUST-01074,Northeast,73,5,38,month-to-month,fiber,126.06,1,1,4,1,0,8.1,0,0.47451123955504243,59.81688685830865
CUST-01075,Northeast,25,2,34,month-to-month,none,51.14,1,1,0,2,1,9.6,0,0.2746747309599873,14.04686574129375
CUST-01076,South,23,4,12,month-to-month,dsl,96.76,1,1,3,1,0,7.0,1,0.5487664074572437,53.098637585562905
CUST-01077,Midwest,38,2,52,one-year,fiber,112.91,0,1,3,2,1,6.4,0,0.4955776366115884,55.95567094981444
CUST-01078,South,22,5,12,month-to-month,fiber,97.59,1,0,0,0,0,8.0,0,0.46733535195943327,45.607256997721095
CUST-01079,West,32,3,31,one-year,dsl,62.85,1,1,0,0,0,9.1,0,0.05587269917789543,3.511599143330728
CUST-01080,Midwest,29,3,61,month-to-month,fiber,90.09,0,0,2,1,0,9.6,0,0.282935288910373,25.489640177935506
CUST-01081,Midwest,45,2,67,one-year,dsl,108.33,0,0,3,2,0,7.0,0,0.19839839691824723,21.492498338153723
CUST-01082,West,56,1,72,one-year,fiber,108.49,0,1,1,2,0,7.6,0,0.24551970953058638,26.636433286973315
CUST-01083,Northeast,29,5,69,month-to-month,dsl,99.52,1,0,2,1,2,5.1,0,0.5692622202929655,56.65297616355592
CUST-01084,Midwest,36,3,41,one-year,fiber,132.59,1,1,2,1,0,8.0,1,0.19702102572460417,26.123017800825266
CUST-01085,South,62,4,15,two-year,dsl,122.28,1,1,3,0,1,8.2,0,0.1523527085047437,18.629689195960058
CUST-01086,West,32,5,61,one-year,fiber,118.92,1,0,1,2,0,8.3,0,0.13043169977952462,15.510937737781068
CUST-01087,West,38,2,58,month-to-month,fiber,106.66,1,0,3,1,0,7.1,0,0.41576138844336297,44.345109691369096
CUST-01088,Midwest,65,1,72,month-to-month,fiber,136.51,1,0,4,2,0,5.9,1,0.6012884584450677,82.08188746233618
CUST-01089,Midwest,41,4,47,one-year,fiber,106.68,1,0,2,3,1,6.8,0,0.36542341560488967,38.983369976729634
CUST-01090,West,32,4,11,month-to-month,dsl,86.29,1,0,3,0,0,6.7,0,0.4536928048577805,39.149152131177885
CUST-01091,Midwest,66,4,37,one-year,dsl,55.87,0,0,0,4,2,4.8,0,0.6889820178610168,38.493425337895005
CUST-01092,West,75,2,33,month-to-month,fiber,119.97,1,0,4,0,1,7.9,0,0.5332880503245685,63.97856739743848
CUST-01093,Northeast,72,5,61,one-year,dsl,85.78,1,1,1,1,0,5.7,0,0.1504251309868726,12.903467736053932
CUST-01094,Northeast,44,3,29,month-to-month,fiber,116.39,0,0,0,3,1,5.7,1,0.8978140303356009,104.49657499076059
CUST-01095,West,19,1,24,month-to-month,fiber,112.79,1,0,2,0,0,9.5,1,0.3117773437577768,35.16536660243965
CUST-01096,Northeast,43,3,6,two-year,dsl,89.18,1,0,1,2,2,5.4,0,0.44992083736320704,40.12394027605081
CUST-01097,Northeast,63,4,61,two-year,dsl,81.82,0,0,2,2,0,6.5,0,0.13811696596597975,11.300730155336462
CUST-01098,West,74,3,55,two-year,dsl,98.2,1,0,4,2,1,7.6,0,0.11071609110903408,10.872320146907146
CUST-01099,South,22,3,3,two-year,fiber,85.14,0,0,2,1,0,8.4,0,0.2312059342979617,19.68487324612846
CUST-01100,Midwest,25,5,32,month-to-month,fiber,107.99,1,1,1,1,1,7.4,1,0.6063258614015793,65.47712977275654
CUST-01101,West,35,3,35,month-to-month,dsl,113.14,1,1,4,0,0,7.9,0,0.3272904929416961,37.029646371423496
CUST-01102,South,24,2,34,month-to-month,fiber,116.95,0,0,1,2,0,8.2,0,0.6614629751800838,77.3580949473108
CUST-01103,Northeast,28,2,67,month-to-month,fiber,124.0,1,0,4,1,2,7.2,0,0.548555211489569,68.02084622470656
CUST-01104,Midwest,44,4,11,month-to-month,none,107.24,0,1,4,2,0,5.8,0,0.822525394632343,88.20762332037246
CUST-01105,Midwest,33,4,23,two-year,dsl,84.77,0,1,2,2,0,7.2,0,0.22335343695399676,18.933670850590303
CUST-01106,South,53,1,14,month-to-month,fiber,123.28,1,0,3,1,0,7.4,0,0.6588123065803513,81.2183811552257
CUST-01107,Midwest,74,4,18,month-to-month,fiber,134.79,0,1,3,0,0,7.5,1,0.7222772845731629,97.35575518761662
CUST-01108,West,48,2,66,month-to-month,dsl,118.61,1,1,4,1,0,6.0,0,0.4355521491893551,51.660840415349405
CUST-01109,West,48,1,68,month-to-month,fiber,103.8,0,1,2,1,0,7.3,0,0.5243732709000922,54.42994551942957
CUST-01110,Midwest,75,1,4,month-to-month,fiber,100.18,0,1,2,1,2,7.3,0,0.8855022441352549,88.70961481746984
CUST-01111,Northeast,54,5,46,one-year,fiber,88.45,1,1,1,1,0,8.6,0,0.10626090824353486,9.398777334140659
CUST-01112,West,77,2,17,month-to-month,dsl,66.35,1,1,2,1,0,7.6,0,0.4384449136082151,29.090820017905067
CUST-01113,South,73,3,14,one-year,dsl,95.69,1,1,3,1,0,7.9,0,0.19974619997666906,19.113713875767463
CUST-01114,Midwest,20,3,22,two-year,fiber,100.41,1,1,2,1,0,7.4,1,0.16808460045050033,16.877374731234738
CUST-01115,West,74,3,14,one-year,fiber,109.3,1,1,1,2,1,8.0,0,0.4108525262566523,44.90618111985209
CUST-01116,South,27,2,36,one-year,dsl,96.08,0,0,2,1,1,6.3,0,0.3729567247801888,35.83368211688054
CUST-01117,Northeast,34,1,72,month-to-month,dsl,73.05,0,0,2,1,1,6.6,0,0.4405343440907597,32.18103383582999
CUST-01118,West,51,1,43,month-to-month,dsl,87.48,1,1,0,1,0,6.8,0,0.42527730649835305,37.20325877247593
CUST-01119,Northeast,64,3,53,month-to-month,fiber,122.76,0,1,3,2,0,6.6,0,0.7253025882912121,89.0381457386292
CUST-01120,South,75,5,36,two-year,dsl,118.34,1,1,4,1,2,8.6,0,0.15712887689851224,18.59463129216994
CUST-01121,West,45,5,2,one-year,none,54.49,1,0,1,3,2,5.2,0,0.6069041925376476,33.07020945137642
CUST-01122,West,34,4,7,month-to-month,dsl,62.88,1,1,1,0,0,8.4,0,0.3139667649313533,19.742230178883496
CUST-01123,Northeast,41,2,20,month-to-month,fiber,85.39,1,0,0,2,0,7.3,0,0.5889047203829316,50.286574073498535
CUST-01124,South,40,5,18,two-year,dsl,85.45,1,1,2,1,0,7.0,0,0.14118999778777924,12.064685310965737
CUST-01125,Midwest,35,2,61,one-year,fiber,112.85,0,1,2,0,0,8.0,1,0.1633177722154422,18.43041059451265
CUST-01126,South,31,5,61,one-year,fiber,134.26,1,0,4,2,1,6.3,0,0.3425114818867715,45.98559155811794
CUST-01127,Midwest,60,1,62,two-year,fiber,130.49,1,1,4,2,0,7.4,0,0.1517816965492739,19.805993582714752
CUST-01128,Midwest,76,3,46,one-year,none,68.79,0,0,3,2,1,6.7,0,0.313717123646858,21.580600935667363
CUST-01129,West,53,2,41,one-year,fiber,139.34,1,0,1,1,0,9.3,0,0.13593381401457788,18.941017644791284
CUST-01130,Midwest,27,3,47,month-to-month,dsl,76.08,1,1,0,2,1,6.1,0,0.5691258950029764,43.299098091826444
CUST-01131,Northeast,58,4,30,month-to-month,fiber,123.38,0,0,2,1,1,6.9,1,0.7782445892940961,96.01981742710558
CUST-01132,West,51,5,49,two-year,fiber,106.94,1,1,3,0,0,8.1,0,0.07352813623897707,7.863098889396207
CUST-01133,Midwest,42,1,58,one-year,fiber,102.97,1,1,0,0,1,9.4,0,0.09056873759977477,9.325862910648807
CUST-01134,West,19,3,55,month-to-month,dsl,94.66,0,0,2,0,0,7.4,0,0.3423110527909108,32.40316425718761
CUST-01135,Midwest,64,1,45,one-year,fiber,71.18,1,1,0,0,0,7.6,0,0.12295786320539959,8.752140702960343
CUST-01136,South,54,3,5,month-to-month,fiber,123.88,0,1,1,1,0,6.6,0,0.8541398490190579,105.8108444964809
CUST-01137,Midwest,32,5,53,one-year,fiber,81.77,0,1,1,0,1,7.2,0,0.23835487106660197,19.49027780711604
CUST-01138,West,41,2,27,month-to-month,fiber,85.42,0,1,0,0,0,7.3,0,0.6090605099398744,52.02594875906407
CUST-01139,West,49,2,54,one-year,dsl,72.49,1,1,1,1,1,6.9,0,0.15190125714280092,11.011322130281638
CUST-01140,West,51,2,39,month-to-month,fiber,89.37,0,1,3,1,0,7.3,0,0.6231732765326012,55.692995723718575
CUST-01141,Northeast,57,5,64,month-to-month,fiber,117.07,0,0,4,0,0,6.7,0,0.49450270050058087,57.891431147603
CUST-01142,West,22,5,25,month-to-month,none,71.13,1,0,3,1,1,7.8,0,0.40374028897752984,28.718046754971695
CUST-01143,South,50,5,68,one-year,fiber,101.89,0,1,1,2,0,7.1,0,0.27923621758201383,28.45137820943139
CUST-01144,West,23,2,61,month-to-month,fiber,115.95,0,0,4,0,0,9.3,0,0.2946543077284708,34.16516698111619
CUST-01145,Midwest,27,2,24,month-to-month,fiber,108.69,0,1,2,1,0,7.7,0,0.6774681740423035,73.63401583665797
CUST-01146,Midwest,23,1,35,one-year,fiber,115.56,1,1,1,2,2,7.2,0,0.4594992729683349,53.099735984220786
CUST-01147,West,55,1,39,month-to-month,dsl,130.44,1,0,4,1,1,9.1,0,0.37873473575571465,49.402158931975414
CUST-01148,West,68,4,56,month-to-month,fiber,75.78,1,1,1,2,0,7.4,0,0.4402369278832703,33.36115439499422
CUST-01149,South,76,3,50,month-to-month,fiber,137.22,0,0,3,1,0,7.1,1,0.6834623850307778,93.78470847392333
CUST-01150,Midwest,61,5,62,two-year,dsl,68.33,1,0,0,0,0,7.7,0,0.03194988670606673,2.1831357586255398
CUST-01151,Midwest,64,4,27,month-to-month,fiber,73.91,1,1,1,2,0,8.3,0,0.4874612711580796,36.02826255129366
CUST-01152,South,25,5,37,month-to-month,none,101.18,0,1,4,3,0,5.3,1,0.8085862349581848,81.81275525306914
CUST-01153,Northeast,18,1,32,month-to-month,none,70.53,0,1,1,2,0,5.7,0,0.6974177771786861,49.18887582441273
CUST-01154,West,36,4,66,month-to-month,fiber,132.33,0,0,4,2,1,5.5,1,0.8026979486510813,106.2210195449976
CUST-01155,South,39,1,22,month-to-month,fiber,102.94,0,1,2,3,0,5.5,0,0.8985779761105962,92.49961686082477
CUST-01156,Northeast,44,2,43,month-to-month,fiber,128.3,0,1,4,1,0,7.3,1,0.6577437830824334,84.38852736947622
CUST-01157,South,57,3,9,month-to-month,fiber,92.64,1,1,2,0,0,7.9,0,0.5372595835191457,49.77172781721366
CUST-01158,South,23,3,62,month-to-month,fiber,95.98,1,0,2,3,0,6.9,0,0.5271508143067043,50.59593515715748
CUST-01159,West,24,2,28,two-year,dsl,88.5,1,1,1,2,0,6.4,0,0.17719359877958174,15.681633491992985
CUST-01160,South,68,1,25,month-to-month,fiber,84.77,0,1,1,4,0,4.9,1,0.9266559935960768,78.55262857713942
CUST-01161,Northeast,52,1,42,month-to-month,fiber,124.19,1,1,4,2,0,7.1,0,0.6128887147009389,76.1146494787096
CUST-01162,Northeast,39,2,36,two-year,fiber,127.35,1,0,2,1,0,7.0,0,0.16823600365119806,21.424855064980072
CUST-01163,West,67,4,62,two-year,none,74.09,1,1,2,3,0,5.6,0,0.15879720590568328,11.765284985552075
CUST-01164,West,58,5,39,one-year,none,72.89,0,1,1,0,1,6.6,0,0.2596358446791791,18.924856718665364
CUST-01165,Northeast,68,2,38,month-to-month,fiber,112.65,1,1,3,0,0,8.1,0,0.3991987150866627,44.96973525451256
CUST-01166,South,56,5,8,month-to-month,dsl,80.43,0,1,1,0,0,7.8,0,0.5561635138513851,44.732231419066906
CUST-01167,South,48,5,2,month-to-month,fiber,73.16,1,0,1,2,0,6.9,0,0.6962729799349935,50.939331212044124
CUST-01168,Midwest,72,2,29,month-to-month,dsl,65.68,1,1,0,2,0,8.1,0,0.4006404850284773,26.314067056670392
CUST-01169,Midwest,77,1,72,month-to-month,dsl,98.48,1,1,4,2,0,7.3,0,0.34052198535719524,33.53460511797659
CUST-01170,Midwest,62,2,67,one-year,none,43.27,1,1,0,1,0,7.9,0,0.054168476350704105,2.343869971694967
CUST-01171,South,55,1,46,month-to-month,fiber,77.82,1,1,4,3,1,7.4,0,0.6573364076279314,51.15391924160562
CUST-01172,Midwest,20,5,46,one-year,fiber,69.21,1,1,1,3,0,7.7,0,0.18624468996143193,12.889994992230703
CUST-01173,Midwest,70,5,29,month-to-month,none,96.9,0,0,0,1,1,6.4,0,0.722541445780972,70.01426609617619
CUST-01174,Northeast,27,2,13,month-to-month,fiber,118.15,0,1,4,1,1,7.8,1,0.779436696193765,92.09044565529334
CUST-01175,Midwest,19,3,1,one-year,fiber,88.09,1,1,3,2,2,8.4,1,0.43649762710252776,38.45107597146167
CUST-01176,Midwest,44,2,25,two-year,dsl,89.52,1,0,3,0,0,10.0,0,0.032975748215274034,2.9519889802313313
CUST-01177,South,22,1,23,month-to-month,dsl,91.21,1,1,2,3,0,7.3,1,0.6040284860802211,55.09343821537696
CUST-01178,South,23,2,14,one-year,dsl,94.4,0,0,3,1,1,7.7,0,0.3441189920688407,32.48483285129856
CUST-01179,Midwest,45,1,19,month-to-month,dsl,79.85,1,1,0,3,1,6.5,0,0.7395812183952143,59.055560288857855
CUST-01180,West,41,3,2,month-to-month,dsl,112.31,0,1,1,3,0,7.5,0,0.804629586191553,90.36794882517331
CUST-01181,South,25,3,44,one-year,fiber,139.56,0,1,2,0,0,7.0,0,0.33300035435207276,46.47352945337528
CUST-01182,Northeast,76,2,67,month-to-month,dsl,97.77,0,1,3,3,0,7.3,0,0.5406796299708478,52.862247422249794
CUST-01183,Northeast,30,4,50,month-to-month,dsl,72.73,0,0,2,1,1,7.2,0,0.4703808560677719,34.210799661809055
CUST-01184,West,30,4,33,month-to-month,dsl,93.15,1,1,2,2,0,6.2,1,0.5670399316965186,52.819769637530705
CUST-01185,West,66,3,31,month-to-month,fiber,85.55,0,1,3,2,1,5.4,0,0.8741751001346536,74.78567981651962
CUST-01186,Northeast,60,2,23,month-to-month,fiber,110.85,0,0,0,1,0,5.8,0,0.802332692586814,88.93857897324833
CUST-01187,West,39,2,11,month-to-month,dsl,83.49,1,0,2,3,0,7.0,1,0.6293127308853443,52.5413199016174
CUST-01188,Northeast,33,3,44,two-year,fiber,79.03,0,1,1,0,1,9.7,0,0.08335765525940983,6.587755495151159
CUST-01189,South,72,4,41,one-year,fiber,98.23,0,1,2,2,0,6.7,0,0.4370994836025666,42.936282274280124
CUST-01190,West,20,2,1,month-to-month,dsl,84.73,0,0,0,1,0,6.5,0,0.7142511801344517,60.518502492792095
CUST-01191,Midwest,56,4,30,month-to-month,fiber,90.52,0,0,4,0,0,8.9,0,0.42183810350596534,38.18478512935998
CUST-01192,Midwest,23,2,21,one-year,fiber,95.7,1,0,4,3,0,6.9,0,0.3631034025286971,34.748995621996315
CUST-01193,Northeast,18,3,13,month-to-month,fiber,103.48,0,1,4,0,0,9.0,0,0.5128081940731353,53.06539192268804
CUST-01194,South,24,2,51,month-to-month,fiber,128.84,0,1,4,1,0,6.4,1,0.7156011418106262,92.19805111088108
CUST-01195,Northeast,51,1,38,one-year,dsl,113.66,0,1,3,2,0,7.7,0,0.27536391044950587,31.297862061690836
CUST-01196,Midwest,35,3,46,month-to-month,fiber,102.3,0,1,1,1,0,8.9,0,0.46190001891933,47.252371935447464
CUST-01197,South,59,4,52,month-to-month,fiber,38.78,0,0,0,2,1,5.6,0,0.7376899029819639,28.60761443764056
CUST-01198,Northeast,75,3,71,month-to-month,fiber,87.78,0,1,3,2,1,6.2,0,0.7038505585025026,61.78400202534967
CUST-01199,South,20,4,58,month-to-month,fiber,163.32,0,1,4,1,0,7.0,0,0.6908283685792443,112.82608915636219
CUST-01200,Northeast,55,1,45,month-to-month,fiber,91.4,0,1,1,0,0,8.5,0,0.425082021700277,38.85249678340532
CUST-01201,Northeast,72,1,64,two-year,fiber,78.62,1,1,4,1,1,8.8,0,0.06712909503795453,5.277689451883985
CUST-01202,Northeast,25,5,35,month-to-month,dsl,105.92,0,1,0,0,0,7.2,0,0.4821579836741227,51.07017363076308
CUST-01203,South,43,3,71,one-year,fiber,77.09,0,1,1,0,3,9.7,0,0.1693389609606141,13.054340500453742
CUST-01204,South,22,2,55,one-year,fiber,119.22,1,0,3,3,0,6.9,0,0.2846735450937133,33.938780046072495
CUST-01205,Northeast,24,4,47,month-to-month,fiber,85.79,0,0,2,0,1,7.1,0,0.5504370352682146,47.22199325566014
CUST-01206,Northeast,76,4,66,month-to-month,fiber,147.27,1,1,3,1,1,8.6,0,0.4386238577975295,64.59613553784217
CUST-01207,West,33,5,38,month-to-month,fiber,68.38,0,1,1,1,1,7.2,1,0.6554499029104389,44.81966436101581
CUST-01208,South,28,5,52,one-year,fiber,105.48,1,0,3,1,1,7.3,0,0.2077859609597083,21.917263162030032
CUST-01209,Midwest,71,2,21,month-to-month,fiber,114.7,1,1,1,2,0,6.5,0,0.7531244335573913,86.38337252903278
CUST-01210,West,34,1,70,one-year,fiber,80.71,0,1,0,1,0,9.5,0,0.09036441646956885,7.293312053258901
CUST-01211,West,34,3,45,two-year,dsl,91.26,0,1,2,2,0,6.2,1,0.22875658724271902,20.876326151770538
CUST-01212,South,68,1,57,one-year,fiber,116.66,1,1,2,1,1,8.7,0,0.17763018187974008,20.722337018090478
CUST-01213,West,63,3,34,two-year,dsl,92.9,1,0,2,2,0,6.6,0,0.15094628270059202,14.022909662884999
CUST-01214,South,51,1,63,one-year,dsl,50.33,0,1,0,2,0,6.5,0,0.20476405322872698,10.30577479900183
CUST-01215,South,68,4,6,two-year,fiber,95.24,1,1,2,2,1,7.0,0,0.40168022345240634,38.25602448160718
CUST-01216,Northeast,31,5,9,two-year,fiber,92.94,0,1,0,2,1,7.3,0,0.43229654331618705,40.17764073580642
CUST-01217,South,65,2,37,one-year,fiber,126.49,1,1,4,2,2,5.4,1,0.6643476419422429,84.0333332292743
CUST-01218,West,57,3,53,one-year,fiber,108.69,0,0,0,1,0,7.2,0,0.2653809035043073,28.844250401883162
CUST-01219,Northeast,52,5,59,two-year,dsl,107.45,1,0,4,1,0,8.8,0,0.03570630389915226,3.8366423539639105
CUST-01220,Northeast,40,2,32,month-to-month,fiber,101.85,0,0,0,1,0,8.2,1,0.5581779929631229,56.85042858329406
CUST-01221,South,25,4,47,one-year,dsl,67.62,1,1,3,1,0,7.6,0,0.09243963539773212,6.250768145594646
CUST-01222,South,52,1,40,month-to-month,fiber,99.76,0,1,1,1,1,6.0,0,0.8193939481429297,81.74274026673866
CUST-01223,South,66,4,70,two-year,dsl,68.12,1,1,0,5,0,5.9,0,0.1992227568434309,13.571054196174515
CUST-01224,West,23,1,48,month-to-month,dsl,93.14,1,1,1,1,0,8.3,0,0.27362846155876813,25.485754909583665
CUST-01225,West,27,1,31,one-year,fiber,97.56,1,0,0,0,0,8.6,0,0.11436167850570442,11.157125355016523
CUST-01226,South,70,3,70,one-year,none,76.04,1,1,3,5,0,7.0,0,0.22519571233502905,17.12388196595561
CUST-01227,West,69,5,8,two-year,none,90.54,1,1,4,0,0,8.2,0,0.09426679231654969,8.53491537634041
CUST-01228,South,53,4,71,month-to-month,fiber,118.99,1,0,1,2,1,5.6,1,0.6813457954755794,81.07333620363919
CUST-01229,South,45,3,12,one-year,fiber,101.94,0,1,2,0,0,7.7,0,0.35404233758346315,36.091075893258235
CUST-01230,Midwest,18,2,21,one-year,fiber,91.82,1,1,0,4,1,6.0,0,0.6181141817864988,56.75524417163631
CUST-01231,West,72,3,60,two-year,fiber,84.63,1,1,2,5,0,5.1,0,0.39192909107912854,33.168958978026645
CUST-01232,Northeast,51,2,53,two-year,dsl,107.32,1,0,4,2,0,6.9,0,0.10211482218453502,10.958962716844297
CUST-01233,Midwest,22,1,70,one-year,fiber,79.87,1,1,2,2,0,8.2,0,0.09995791970575016,7.983639046898266
CUST-01234,South,39,5,54,one-year,fiber,109.12,1,1,4,1,2,6.7,0,0.343886545382837,37.52489983217517
CUST-01235,South,68,3,46,month-to-month,dsl,87.68,1,1,3,0,0,6.9,0,0.35321983491963577,30.970315125753668
CUST-01236,Midwest,72,5,25,two-year,fiber,95.07,1,0,0,1,0,8.6,0,0.10579500500184312,10.057931125525224
CUST-01237,Midwest,56,3,1,month-to-month,dsl,58.45,1,0,0,2,0,7.6,0,0.5179963172043306,30.276884740593125
CUST-01238,West,26,2,9,one-year,fiber,94.65,0,1,1,1,0,6.7,0,0.4806522386852921,45.4937343915629
CUST-01239,South,27,1,22,one-year,dsl,98.98,1,0,4,3,0,7.4,1,0.2660939388425749,26.337978066638062
CUST-01240,West,38,4,3,month-to-month,dsl,63.15,1,0,0,1,0,6.5,1,0.5376940289755079,33.95537792980332
CUST-01241,Midwest,63,4,37,month-to-month,fiber,92.65,1,1,0,1,0,6.9,0,0.5429513336014928,50.30444105817831
CUST-01242,Midwest,63,5,56,month-to-month,dsl,105.08,1,0,4,1,0,6.6,0,0.3670626441107559,38.570942643158226
CUST-01243,Midwest,62,2,70,two-year,fiber,81.41,1,1,0,2,0,6.9,0,0.11173229947670127,9.09612650039825
CUST-01244,South,31,2,36,month-to-month,dsl,85.67,1,1,1,2,1,7.3,0,0.5585328372161992,47.849508164311786
CUST-01245,Midwest,36,2,64,month-to-month,dsl,111.98,1,1,3,0,0,8.3,0,0.1984229303406683,22.219399739548038
CUST-01246,Midwest,36,1,71,one-year,fiber,104.46,1,1,0,2,1,6.4,0,0.2783611947037245,29.07761039875106
CUST-01247,Northeast,61,5,62,month-to-month,dsl,63.76,1,1,0,0,1,8.0,0,0.20952210506946112,13.359129419228841
CUST-01248,West,64,2,34,two-year,dsl,97.56,1,0,3,0,1,8.5,0,0.0739056134546268,7.210231648633391
CUST-01249,West,19,1,24,month-to-month,dsl,95.47,0,0,0,1,0,8.2,1,0.49319180981482086,47.085022083020945
CUST-01250,Midwest,60,1,71,month-to-month,dsl,103.08,1,1,3,1,0,7.9,0,0.24708630486378716,25.46965630535918
CUST-01251,Midwest,41,2,18,month-to-month,dsl,51.6,1,0,2,3,0,7.1,0,0.5237499180075312,27.025495769188613
CUST-01252,Northeast,39,1,30,month-to-month,fiber,101.2,1,1,1,0,0,8.2,0,0.3959106030664852,40.0661530303283
CUST-01253,Midwest,48,5,6,month-to-month,dsl,114.28,1,1,3,1,1,6.6,1,0.7134682400286892,81.53515047047861
CUST-01254,West,46,5,58,one-year,dsl,68.83,0,0,1,2,0,7.2,0,0.15960818480553327,10.985831360164854
CUST-01255,Northeast,76,5,47,month-to-month,fiber,156.41,0,0,4,2,0,7.8,1,0.6885224530670281,107.69179688421386
CUST-01256,West,51,5,7,month-to-month,fiber,81.92,1,1,2,2,1,7.9,0,0.6966622930877029,57.07057504974462
CUST-01257,South,67,1,16,month-to-month,fiber,106.28,1,1,3,1,0,5.2,0,0.806306815006269,85.69428829886627
CUST-01258,Northeast,71,4,40,month-to-month,fiber,113.98,1,0,1,3,0,7.0,0,0.6478309573283898,73.83977251628987
CUST-01259,West,76,5,39,two-year,fiber,115.41,0,0,4,2,3,5.9,0,0.6429138421044279,74.19868651727202
CUST-01260,Midwest,57,5,58,month-to-month,fiber,99.79,1,0,1,1,0,7.9,0,0.3342555724227625,33.35536357206747
CUST-01261,West,74,3,20,two-year,dsl,82.24,1,1,2,1,1,6.4,0,0.22383900572306775,18.408519830665092
CUST-01262,West,53,5,67,month-to-month,fiber,113.34,1,0,4,3,0,6.1,0,0.5956615937031544,67.51228503031552
CUST-01263,Northeast,40,1,33,month-to-month,fiber,119.41,0,1,4,0,0,6.4,0,0.7001874038089788,83.60937788883015
CUST-01264,Northeast,66,4,60,month-to-month,dsl,61.61,0,0,3,0,0,7.5,0,0.26240540182670186,16.1667968065431
CUST-01265,Northeast,70,2,18,month-to-month,fiber,124.45,1,1,3,1,1,7.8,0,0.6880032660108891,85.62200645505516
CUST-01266,West,36,5,3,one-year,fiber,114.44,1,1,3,1,0,8.3,0,0.27059372479528276,30.966745865572157
CUST-01267,Midwest,75,5,4,month-to-month,dsl,96.52,1,0,2,0,1,9.8,0,0.34383473677959936,33.18692879396693
CUST-01268,Northeast,44,5,27,month-to-month,none,94.9,0,1,3,0,1,7.1,1,0.6033592105460069,57.258789080816065
CUST-01269,Midwest,31,1,69,one-year,dsl,152.55,0,1,2,1,0,6.9,0,0.23461919178110419,35.79115770620744
CUST-01270,South,59,2,4,one-year,fiber,132.88,0,1,2,0,0,9.4,0,0.32055322991319724,42.595113190865646
CUST-01271,Midwest,32,2,27,two-year,fiber,82.47,1,1,1,1,1,6.1,1,0.2775524716407054,22.889752336208975
CUST-01272,West,42,5,8,two-year,none,98.3,0,1,1,2,0,7.3,0,0.30067565262724677,29.556416653258356
CUST-01273,South,50,4,68,one-year,dsl,20.04,1,0,0,0,0,8.9,0,0.02142823347435313,0.4294217988260367
CUST-01274,West,46,5,49,one-year,dsl,81.95,1,1,3,0,1,6.1,0,0.16675623602624953,13.665673542351149
CUST-01275,Midwest,24,5,55,one-year,dsl,68.89,1,1,0,0,0,7.5,0,0.06161978818523966,4.24498720808116
CUST-01276,Northeast,27,2,52,month-to-month,fiber,84.83,0,1,0,3,0,5.0,0,0.8128935889475015,68.95776315041655
CUST-01277,South,22,1,48,one-year,fiber,105.92,1,0,1,0,0,9.2,0,0.07834278240480315,8.29806751231675
CUST-01278,West,54,4,56,month-to-month,dsl,81.35,1,0,0,1,1,6.7,0,0.4059205013776147,33.02163278706895
CUST-01279,West,77,4,1,one-year,dsl,120.64,0,0,3,2,1,6.6,0,0.622054714435302,75.04468074947484
CUST-01280,Midwest,56,2,63,two-year,fiber,79.22,1,0,0,1,0,6.4,0,0.10300368201022868,8.159951688850315
CUST-01281,Midwest,51,4,54,month-to-month,dsl,87.54,0,1,2,0,0,7.1,0,0.3974544641231935,34.79316378934436
CUST-01282,West,69,2,54,two-year,fiber,139.58,1,1,3,0,0,7.7,0,0.1090513692285599,15.221390116922393
CUST-01283,Northeast,19,4,29,two-year,none,82.72,1,0,2,0,0,8.3,0,0.04605038810111802,3.809288103724483
CUST-01284,South,23,4,58,month-to-month,fiber,97.08,0,0,2,0,0,7.6,1,0.4244804049593499,41.208557713453686
CUST-01285,South,77,4,28,month-to-month,dsl,85.93,1,0,1,2,0,8.3,0,0.4109383652343003,35.311933724583426
CUST-01286,West,71,1,4,two-year,fiber,142.74,1,0,2,0,1,8.8,0,0.22256645497583497,31.769135783250686
CUST-01287,West,51,5,66,two-year,dsl,76.16,1,1,3,0,0,6.9,0,0.044389125505784076,3.380675798520515
CUST-01288,Midwest,23,4,17,month-to-month,dsl,65.11,0,0,2,0,0,8.8,0,0.330998380999546,21.551304586880438
CUST-01289,Northeast,29,2,8,month-to-month,fiber,100.26,0,1,3,0,0,8.6,0,0.5805622431063392,58.20717049384157
CUST-01290,West,62,3,45,one-year,dsl,107.5,1,1,4,1,1,7.7,0,0.17255884603794444,18.550075949079027
CUST-01291,West,31,2,17,month-to-month,none,82.27,1,1,1,0,0,9.0,0,0.27519447572790123,22.640249518134432
CUST-01292,South,53,1,62,month-to-month,dsl,60.75,1,1,0,2,1,7.8,0,0.36480115062162216,22.161669900263547
CUST-01293,West,63,3,32,month-to-month,fiber,93.54,0,1,2,2,0,6.3,1,0.7876046655582479,73.67254041631851
CUST-01294,South,42,4,1,month-to-month,dsl,68.33,1,1,1,3,0,5.4,0,0.7916917535941761,54.09629752309005
CUST-01295,Midwest,46,4,69,one-year,dsl,65.95,0,0,0,3,0,7.1,0,0.17171008400456939,11.324280040101351
CUST-01296,Northeast,73,5,38,one-year,dsl,83.66,1,1,3,4,0,5.5,0,0.38134022970640824,31.902923617238113
CUST-01297,Midwest,76,4,19,one-year,fiber,77.72,0,0,3,2,1,7.1,0,0.5014210141167215,38.97044121715159
CUST-01298,Northeast,45,1,49,one-year,dsl,85.03,0,1,3,3,0,5.6,0,0.3990858951146163,33.934273661595824
CUST-01299,Northeast,30,2,39,month-to-month,fiber,100.54,0,1,3,1,0,8.2,0,0.5365354830813968,53.94327746900363
CUST-01300,West,19,3,3,month-to-month,fiber,99.6,1,1,2,0,2,6.9,0,0.7703052235721295,76.7224002677841
CUST-01301,Midwest,28,5,55,month-to-month,fiber,119.85,0,0,2,3,0,6.0,0,0.7693622165766011,92.20806165670564
CUST-01302,Midwest,49,1,29,month-to-month,fiber,75.51,1,0,1,3,0,6.2,0,0.7022061322336665,53.02358504496416
CUST-01303,South,76,5,51,month-to-month,fiber,128.86,0,0,3,2,1,5.2,1,0.8738975529925689,112.61043867862244
CUST-01304,Midwest,49,2,65,month-to-month,fiber,140.99,1,1,4,2,0,8.0,1,0.4670951169143819,65.8557405337587
CUST-01305,Midwest,76,4,44,month-to-month,dsl,125.74,1,1,4,3,0,7.6,0,0.5439087379270592,68.39108470694842
CUST-01306,South,62,3,49,month-to-month,dsl,90.42,0,1,2,0,0,7.7,0,0.40557244807239967,36.67186075470638
CUST-01307,South,22,5,19,one-year,fiber,116.8,0,1,0,2,0,6.4,0,0.5726993768281672,66.89128721352992
CUST-01308,Midwest,39,2,18,one-year,dsl,104.8,0,0,4,0,0,8.0,0,0.1973767554986508,20.685083976258603
CUST-01309,Midwest,52,3,30,two-year,none,94.04,1,1,2,0,0,8.0,0,0.07141198831170785,6.7155833808330065
CUST-01310,South,22,4,62,one-year,none,80.74,1,1,3,0,0,8.4,0,0.04779305882495851,3.85881156952715
CUST-01311,South,19,1,38,one-year,dsl,64.73,0,1,1,2,2,6.3,0,0.4790393806669787,31.008219110573535
CUST-01312,West,38,2,26,month-to-month,none,111.26,1,1,4,2,0,6.2,0,0.6502870675278463,72.35093913314817
CUST-01313,Midwest,71,4,57,one-year,dsl,138.3,1,1,4,0,2,9.0,1,0.1275267879814861,17.636954777839527
CUST-01314,Northeast,54,4,62,month-to-month,none,53.4,1,0,0,2,0,6.8,0,0.28927850349602063,15.447472086687501
CUST-01315,West,49,4,65,month-to-month,none,75.23,1,1,2,0,0,9.8,0,0.09694179795742855,7.29293146033735
CUST-01316,Northeast,50,1,22,month-to-month,fiber,124.48,1,1,2,1,1,7.4,0,0.6983916338342517,86.93579057968766
CUST-01317,Northeast,50,2,52,month-to-month,dsl,73.98,1,1,3,2,0,6.6,0,0.40731224547004247,30.132959919873745
CUST-01318,South,68,5,43,month-to-month,dsl,68.99,1,0,1,3,1,5.9,0,0.6568703350379279,45.317484414266644
CUST-01319,Northeast,37,5,33,one-year,dsl,80.74,0,1,0,2,0,6.8,0,0.28639624611521003,23.123632911342057
CUST-01320,Northeast,34,3,29,two-year,none,59.01,1,1,1,2,1,7.0,0,0.15390430963916132,9.08189331180691
CUST-01321,Midwest,34,3,9,one-year,fiber,108.86,1,0,2,0,0,8.7,1,0.16444720494036685,17.901722729808334
CUST-01322,Midwest,52,1,20,one-year,fiber,100.95,1,1,1,0,0,7.4,0,0.22894079598910874,23.11157335510053
CUST-01323,South,34,4,40,month-to-month,dsl,77.34,0,1,2,2,0,5.8,1,0.6876975923702316,53.186531793913716
CUST-01324,Midwest,76,1,64,month-to-month,dsl,81.54,1,1,1,0,0,8.8,0,0.1568280271615768,12.787757334754973
CUST-01325,Northeast,59,1,63,one-year,dsl,101.54,0,0,3,2,0,7.6,0,0.16846771250116038,17.106211527367826
CUST-01326,South,36,3,14,month-to-month,dsl,87.34,1,1,2,1,0,6.1,1,0.6158941987029362,53.792199314714445
CUST-01327,Midwest,33,5,49,month-to-month,dsl,62.36,0,1,0,0,0,8.3,0,0.2662795854335501,16.605194947636186
CUST-01328,West,44,5,7,month-to-month,none,84.68,1,1,3,0,0,8.9,0,0.315505830889821,26.71703375975004
CUST-01329,South,69,3,49,two-year,fiber,79.6,0,1,1,2,1,7.1,0,0.3118994697296283,24.82719779047841
CUST-01330,West,77,3,25,one-year,none,77.43,0,1,1,5,1,3.7,0,0.8442858253880744,65.3730514597986
CUST-01331,South,49,3,33,month-to-month,fiber,109.21,0,1,3,0,0,6.6,0,0.6951585991685874,75.91827061520142
CUST-01332,Midwest,26,3,52,one-year,dsl,79.04,0,1,1,1,0,7.6,0,0.14562742856945393,11.51039195412964
CUST-01333,Northeast,20,4,31,month-to-month,fiber,88.74,1,1,0,1,1,9.0,0,0.4181382091118518,37.10558467658573
CUST-01334,Midwest,52,4,59,month-to-month,dsl,74.99,1,1,1,2,0,6.5,0,0.3964686748915088,29.73118593011424
CUST-01335,Midwest,55,3,39,month-to-month,fiber,100.12,1,0,1,3,0,7.0,0,0.6351604652326652,63.59226577909445
CUST-01336,South,40,2,72,month-to-month,fiber,126.87,1,1,3,1,1,6.7,0,0.5624871130674705,71.36274003486997
CUST-01337,South,71,5,46,one-year,dsl,97.51,1,0,3,1,0,9.4,0,0.06393999340078647,6.23478875651069
CUST-01338,Midwest,20,4,22,month-to-month,dsl,75.4,0,1,0,0,0,7.9,0,0.4348812345047426,32.790045081657595
CUST-01339,South,36,3,56,one-year,fiber,96.57,1,0,3,2,3,5.5,0,0.5472868378543893,52.851489931598366
CUST-01340,South,63,2,30,month-to-month,dsl,67.58,1,1,3,1,0,6.8,0,0.4587861553560573,31.004768378962353
CUST-01341,Midwest,32,3,39,one-year,fiber,85.07,0,1,0,1,0,6.8,0,0.31787645588279223,27.041750101949134
CUST-01342,Northeast,29,5,10,one-year,fiber,69.42,1,1,1,1,2,7.5,0,0.3611482238921116,25.070909702590388
CUST-01343,Midwest,61,2,9,one-year,fiber,106.9,1,1,3,4,0,5.6,0,0.6704021534984866,71.66599020898822
CUST-01344,Northeast,71,5,42,one-year,dsl,68.35,1,0,2,0,0,8.0,0,0.06105270203323755,4.172952183971787
CUST-01345,Northeast,29,2,14,two-year,dsl,70.71,1,0,1,0,0,10.0,0,0.03210841913101807,2.2703863167542875
CUST-01346,South,43,1,72,month-to-month,dsl,82.74,0,1,3,1,0,6.8,0,0.42230994759799384,34.94192506425801
CUST-01347,Northeast,76,1,62,one-year,dsl,97.52,1,1,3,1,0,8.1,0,0.07978999839499806,7.781120643480211
CUST-01348,Northeast,26,1,51,one-year,dsl,99.09,0,1,2,0,0,8.0,1,0.11763152645828379,11.65610795675134
CUST-01349,South,26,2,53,month-to-month,dsl,72.66,1,1,0,1,0,7.5,0,0.29335630141881863,21.31526886109136
CUST-01350,South,32,4,43,month-to-month,none,98.48,0,0,3,1,0,7.9,0,0.4461922280877625,43.94101062208285
CUST-01351,South,46,3,5,month-to-month,fiber,132.2,1,0,0,0,3,5.4,0,0.9160976962215214,121.10811544048512
CUST-01352,West,67,4,29,month-to-month,fiber,126.49,1,1,4,0,0,8.2,0,0.46285932465298246,58.547075975355746
CUST-01353,Midwest,44,1,36,month-to-month,fiber,102.82,0,1,0,1,0,7.0,0,0.6914457306844565,71.09445002897581
CUST-01354,South,40,4,66,month-to-month,dsl,74.7,0,1,0,2,0,6.9,0,0.47820752927320137,35.72210243670814
CUST-01355,Midwest,68,4,16,one-year,dsl,86.11,0,1,1,0,0,8.0,0,0.20686743117263845,17.813354498275896
CUST-01356,South,33,3,36,month-to-month,fiber,72.43,1,1,1,1,1,7.1,0,0.5786565417797518,41.91209332110743
CUST-01357,Northeast,39,4,25,one-year,none,25.18,1,1,1,2,1,7.4,0,0.16808630315986992,4.232413113565524
CUST-01358,South,32,1,10,month-to-month,none,66.91,0,1,4,0,0,7.4,0,0.5592969886950968,37.422561513588924
CUST-01359,South,24,3,8,one-year,fiber,85.0,1,0,1,2,2,8.6,0,0.3814895333662966,32.42661033613521
CUST-01360,South,52,4,27,month-to-month,fiber,140.17,1,1,4,1,0,6.7,0,0.6984244137821607,97.89815007984545
CUST-01361,Midwest,76,1,6,month-to-month,fiber,93.38,1,1,0,2,0,8.3,0,0.6492310266987552,60.62519327312976
CUST-01362,South,33,1,5,month-to-month,fiber,103.69,1,0,3,0,0,7.0,0,0.6225450142132201,64.55169252376879
CUST-01363,South,22,4,26,one-year,dsl,87.04,1,1,0,2,1,6.9,0,0.30145021220406415,26.238226470241745
CUST-01364,Midwest,74,3,15,month-to-month,dsl,89.2,1,1,1,1,1,7.6,0,0.5754834389888759,51.33312275780773
CUST-01365,Northeast,24,2,40,two-year,fiber,72.48,0,1,0,0,1,7.1,0,0.1937891910674288,14.045840568567241
CUST-01366,Northeast,20,2,2,month-to-month,fiber,106.78,0,0,1,0,1,6.7,0,0.8047436219335222,85.9305239500615
CUST-01367,Northeast,62,5,22,one-year,fiber,108.41,1,0,2,2,2,6.6,0,0.5183668787637875,56.1961533267822
CUST-01368,South,27,2,33,month-to-month,fiber,151.72,1,1,4,0,0,8.9,0,0.4364064611748133,66.21158828944267
CUST-01369,Midwest,77,2,70,one-year,fiber,108.57,0,0,3,2,3,6.4,0,0.5739066153156087,62.30904122481564
CUST-01370,Midwest,43,5,46,month-to-month,dsl,117.84,1,0,3,1,0,9.3,1,0.21911412188075235,25.820408122427857
CUST-01371,West,58,2,64,month-to-month,dsl,99.23,0,1,2,2,0,7.3,0,0.5010552714972939,49.719714590676475
CUST-01372,South,30,3,25,month-to-month,dsl,108.53,1,0,1,2,1,6.3,0,0.7022177919831761,76.2116969639341
CUST-01373,West,30,2,33,month-to-month,fiber,87.62,1,1,1,0,0,5.7,0,0.5833325008004523,51.11159372013563
CUST-01374,West,64,3,31,month-to-month,dsl,82.78,1,1,0,3,1,4.8,0,0.8130627717837404,67.30533624825803
CUST-01375,Northeast,48,2,64,two-year,fiber,114.89,1,0,3,0,2,7.7,0,0.11635201608460487,13.367683127960253
CUST-01376,Northeast,72,5,70,month-to-month,fiber,128.28,0,1,3,1,0,5.9,1,0.6609674288362787,84.78890177111784
CUST-01377,South,73,1,70,month-to-month,dsl,109.45,0,0,2,0,2,7.2,0,0.5550354294975725,60.74862775850931
CUST-01378,South,54,3,55,two-year,dsl,66.74,0,0,2,0,0,8.4,0,0.05184819376156673,3.460348451646963
CUST-01379,Northeast,64,4,37,month-to-month,fiber,93.37,1,1,1,1,0,7.3,0,0.4912024412806403,45.86357194237338
CUST-01380,South,69,5,39,month-to-month,fiber,150.68,0,1,4,2,0,6.5,1,0.8327869581814825,125.48433885878579
CUST-01381,Northeast,52,1,71,one-year,dsl,102.27,1,0,4,0,0,10.0,0,0.02391715612802648,2.4460075572132682
CUST-01382,West,66,5,21,two-year,none,87.85,0,1,2,2,0,7.2,0,0.25210105591273946,22.14707776193416
CUST-01383,West,19,2,25,one-year,dsl,86.87,1,1,3,2,1,7.0,0,0.2831391751523203,24.596300145482065
CUST-01384,Northeast,27,4,65,month-to-month,fiber,96.2,0,1,1,2,1,5.6,1,0.7574249921202725,72.86428424197021
CUST-01385,South,46,1,28,two-year,fiber,80.23,1,0,0,0,0,8.4,0,0.08325740050462614,6.6797412424861555
CUST-01386,Midwest,22,1,17,month-to-month,fiber,113.01,1,1,1,1,1,6.9,0,0.734581736716715,83.01508206635597
CUST-01387,South,45,3,41,two-year,fiber,129.27,1,1,4,4,2,7.4,0,0.47112526709156155,60.90236327692617
CUST-01388,South,55,1,24,two-year,dsl,109.11,1,0,2,2,1,7.6,0,0.21128678450783922,23.053501057650337
CUST-01389,Midwest,40,3,65,two-year,dsl,82.69,1,1,4,0,0,9.7,0,0.017753620359967397,1.4680468675657041
CUST-01390,West,76,3,66,month-to-month,fiber,116.28,0,1,1,3,1,6.1,1,0.8293895015060535,96.44141123512391
CUST-01391,Midwest,70,3,23,month-to-month,dsl,89.24,1,0,2,0,1,9.0,0,0.32174706410629156,28.712708000845456
CUST-01392,Midwest,67,1,39,one-year,dsl,51.46,1,1,0,1,0,7.0,0,0.12733435765332873,6.552626044840297
CUST-01393,South,60,4,71,month-to-month,dsl,113.03,1,1,3,1,0,7.8,0,0.27306494367278344,30.864530583334712
CUST-01394,South,54,2,54,month-to-month,fiber,113.86,1,0,1,4,0,5.1,1,0.8072337921410694,91.91163957318216
CUST-01395,Midwest,57,4,16,two-year,fiber,114.76,0,1,0,0,0,7.8,0,0.24562139400657867,28.18751117619497
CUST-01396,Midwest,24,2,43,one-year,fiber,98.3,1,1,1,1,0,7.9,0,0.15577289099776745,15.31247518508054
CUST-01397,South,74,2,45,month-to-month,fiber,128.11,0,1,3,1,1,6.2,0,0.8313896442576311,106.50932732584512
CUST-01398,Midwest,64,1,48,month-to-month,fiber,126.84,0,1,4,2,2,4.9,1,0.9249861336044477,117.32524118638815
CUST-01399,Northeast,35,5,2,month-to-month,fiber,112.63,0,1,4,2,0,7.6,0,0.7957712358022443,89.62771428840676
CUST-01400,Northeast,58,2,22,month-to-month,fiber,74.75,1,1,1,2,2,5.0,0,0.8717505016098888,65.16334999533919
CUST-01401,South,42,1,62,month-to-month,fiber,100.23,0,1,2,2,0,8.3,0,0.5341655143893493,53.539409507244486
CUST-01402,Northeast,74,2,18,one-year,none,71.51,1,0,2,1,0,7.2,0,0.1669591520084807,11.939248960126454
CUST-01403,West,50,1,22,one-year,dsl,92.99,1,0,3,2,0,7.9,0,0.18121781661281217,16.851444766825402
CUST-01404,Northeast,60,1,24,month-to-month,fiber,96.07,1,1,3,2,0,7.6,0,0.6028753506898461,57.91823494077351
CUST-01405,West,29,1,13,month-to-month,none,69.61,0,1,0,4,0,4.7,0,0.8977730827933831,62.493984293247394
CUST-01406,South,24,4,12,one-year,fiber,68.47,1,1,0,0,0,8.9,0,0.1276115430356062,8.737562351647957
CUST-01407,Midwest,72,3,25,one-year,fiber,123.48,0,0,2,0,0,8.4,0,0.25990520014173046,32.093094113500875
CUST-01408,Midwest,54,5,63,two-year,dsl,64.48,1,0,2,1,0,8.5,0,0.028408543865881115,1.8317829084720143
CUST-01409,Northeast,57,5,1,month-to-month,fiber,122.91,1,0,4,2,1,7.8,0,0.7568767740662731,93.02772430048562
CUST-01410,West,42,4,21,one-year,fiber,112.12,0,1,4,1,1,8.1,0,0.41382340682588364,46.397880373318074
CUST-01411,South,55,3,5,month-to-month,fiber,82.78,1,0,0,0,1,7.1,0,0.6652560633048233,55.069896920373274
CUST-01412,Midwest,43,5,41,month-to-month,fiber,87.27,0,0,2,1,0,7.2,1,0.5715537394709133,49.879494843626595
CUST-01413,South,56,5,19,two-year,dsl,70.91,1,1,2,0,1,7.5,0,0.12015853670524025,8.520441837768585
CUST-01414,Northeast,55,1,58,month-to-month,fiber,113.46,0,1,2,3,1,5.4,0,0.8668813197152018,98.35635453488679
CUST-01415,Northeast,31,3,43,month-to-month,fiber,88.61,1,1,0,0,0,8.5,0,0.2816911672998044,24.96065433443567
CUST-01416,Midwest,71,4,57,month-to-month,fiber,125.0,1,0,4,0,2,8.1,0,0.48459644918747796,60.574556148434745
CUST-01417,South,74,5,46,month-to-month,dsl,42.66,0,1,0,0,0,8.4,1,0.27562320906463955,11.758086098697522
CUST-01418,South,63,3,32,month-to-month,fiber,146.07,1,1,4,1,1,7.6,0,0.7046892205264286,102.93395444229542
CUST-01419,West,19,4,62,one-year,dsl,104.73,0,0,4,1,2,7.5,0,0.23433202983162724,24.541593484266322
CUST-01420,Midwest,19,3,35,month-to-month,dsl,57.2,1,1,4,1,0,7.1,0,0.3353379497916164,19.18133072808046
CUST-01421,Midwest,66,4,69,month-to-month,fiber,93.84,1,1,0,0,1,9.1,0,0.24598598840750766,23.08332515216052
CUST-01422,Midwest,26,4,72,two-year,dsl,75.76,1,0,2,0,0,9.1,0,0.015723745065979164,1.1912309261985816
CUST-01423,Northeast,76,3,43,month-to-month,fiber,78.84,1,1,0,3,0,6.4,0,0.6541023275682277,51.56942750547908
CUST-01424,Midwest,39,4,49,two-year,fiber,122.68,1,0,3,2,0,8.4,0,0.10670278582798562,13.090297765377276
CUST-01425,West,28,1,19,month-to-month,fiber,131.86,1,0,4,5,0,4.9,1,0.9185069589743212,121.11432761035401
CUST-01426,West,59,1,59,one-year,fiber,111.41,1,0,2,0,1,8.3,0,0.12579978894747432,14.015354486638113
CUST-01427,Northeast,59,5,49,month-to-month,dsl,80.86,0,1,0,0,0,8.7,0,0.2693380609420097,21.778675607770904
CUST-01428,Northeast,56,2,65,one-year,none,81.84,0,1,1,1,0,6.6,0,0.1727371291236082,14.136806647476096
CUST-01429,West,64,2,20,month-to-month,fiber,72.03,1,1,0,2,0,9.0,1,0.46846347359069573,33.74342400273781
CUST-01430,West,48,4,57,two-year,fiber,105.36,1,1,2,1,1,7.1,0,0.15415250968475377,16.241508420385657
CUST-01431,Northeast,36,3,34,month-to-month,dsl,111.18,1,1,1,0,1,7.4,0,0.44519274371592943,49.49652924633704
CUST-01432,West,43,3,14,one-year,fiber,139.04,1,1,4,2,0,7.4,1,0.4109758998051956,57.1420891089144
CUST-01433,West,55,5,13,month-to-month,fiber,79.48,1,1,1,1,0,8.2,1,0.500059733228436,39.74474759699609
CUST-01434,Northeast,65,2,41,month-to-month,none,70.34,1,1,1,2,1,7.5,0,0.4778692035427787,33.61331977719905
CUST-01435,Northeast,43,2,24,month-to-month,dsl,67.96,1,1,1,1,1,8.6,0,0.3717085891711203,25.261315720069334
CUST-01436,West,23,1,8,month-to-month,none,90.02,0,1,4,1,3,6.5,1,0.8814640742089558,79.3493959602902
CUST-01437,South,42,5,31,month-to-month,fiber,79.33,1,0,1,3,0,6.7,0,0.6562562645523708,52.06080946693958
CUST-01438,Northeast,53,1,48,one-year,fiber,105.36,0,1,4,0,0,6.8,0,0.2637014448582544,27.783584230265685
CUST-01439,Midwest,64,3,23,month-to-month,fiber,105.01,1,0,3,2,0,6.0,0,0.7321012030541791,76.87794733271936
CUST-01440,Midwest,66,3,69,month-to-month,none,59.91,1,1,1,0,1,7.8,0,0.2161230470709376,12.94793175001987
CUST-01441,South,65,5,57,month-to-month,fiber,95.27,1,1,2,2,0,7.3,0,0.4934387054036659,47.00990546380725
CUST-01442,South,34,3,37,month-to-month,fiber,93.94,0,0,0,2,0,6.7,0,0.7272625179050293,68.31904093199844
CUST-01443,South,19,1,68,month-to-month,fiber,101.53,1,0,4,1,0,8.0,0,0.2970939931398176,30.163953123485683
CUST-01444,Northeast,30,2,32,one-year,dsl,101.43,0,1,4,1,0,7.6,0,0.22021767560280753,22.336678836392768
CUST-01445,Northeast,25,3,11,month-to-month,dsl,52.85,0,1,1,2,1,6.3,1,0.7633240289808448,40.34167493163765
CUST-01446,Midwest,58,4,3,two-year,dsl,53.9,1,1,0,4,0,8.4,0,0.18126932437771145,9.770416583958648
CUST-01447,South,34,1,68,month-to-month,fiber,118.96,1,1,2,0,0,7.9,0,0.3172276897417231,37.73740597167538
CUST-01448,South,28,4,70,month-to-month,dsl,87.14,0,0,3,4,0,6.6,0,0.5964227528474362,51.97227868312559
CUST-01449,South,50,1,54,two-year,fiber,105.97,1,1,3,1,0,6.7,0,0.15304126297762827,16.21778263773927
CUST-01450,Northeast,47,1,8,month-to-month,fiber,105.89,1,1,0,2,0,7.1,1,0.7269121824002742,76.97273099436504
CUST-01451,Midwest,60,1,22,month-to-month,fiber,110.65,1,1,0,2,0,6.4,0,0.7506664248250124,83.06123990688764
CUST-01452,Midwest,73,1,3,two-year,fiber,101.9,1,1,1,0,0,10.0,0,0.0966900793268515,9.85271908340617
CUST-01453,Midwest,23,4,4,two-year,fiber,122.53,1,1,3,0,1,7.7,0,0.24687440433653704,30.249520763355882
CUST-01454,Midwest,21,5,18,one-year,none,58.3,1,0,1,1,1,7.6,0,0.16188525283729457,9.437910240414274
CUST-01455,Midwest,67,1,42,month-to-month,fiber,126.51,1,1,4,1,0,6.8,0,0.6057577296159835,76.63441037371808
CUST-01456,Northeast,72,5,5,one-year,fiber,109.84,1,1,1,1,0,7.1,0,0.3576767429781607,39.287213448721175
CUST-01457,West,38,2,71,two-year,dsl,115.75,0,1,4,1,0,7.6,0,0.09463261490509936,10.953725175265252
CUST-01458,West,29,5,33,two-year,dsl,117.86,0,0,4,1,1,7.7,0,0.19647570702429737,23.156626829883688
CUST-01459,Northeast,35,5,19,month-to-month,fiber,89.88,1,1,3,0,0,9.1,0,0.32033642693082304,28.791838052542374
CUST-01460,West,46,4,38,month-to-month,dsl,65.75,0,0,0,2,1,6.0,0,0.7055626267675833,46.3907427099686
CUST-01461,South,18,3,57,month-to-month,fiber,83.23,1,0,0,1,0,7.0,0,0.38989178894905124,32.450693594229534
CUST-01462,South,25,5,23,month-to-month,fiber,68.32,0,0,0,0,1,8.8,1,0.5100202848984046,34.844585864258995
CUST-01463,South,20,3,4,one-year,dsl,107.54,1,1,3,4,1,7.4,0,0.5167872169293393,55.57529730858115
CUST-01464,West,60,1,4,month-to-month,dsl,92.32,1,0,3,0,2,7.5,1,0.6337003354470768,58.503214968474126
CUST-01465,Midwest,44,2,62,month-to-month,fiber,124.92,1,1,4,2,1,7.2,1,0.6034541695536308,75.38349486063957
CUST-01466,West,77,1,9,month-to-month,fiber,115.76,1,1,4,2,1,8.3,0,0.743475711898446,86.06474840936411
CUST-01467,Midwest,44,2,46,month-to-month,fiber,126.52,1,1,1,1,0,9.9,0,0.3054616747643087,38.64701109118033
CUST-01468,South,36,1,28,month-to-month,fiber,104.56,1,1,1,1,0,7.9,0,0.5362131036855117,56.0664421213571
CUST-01469,Northeast,36,3,56,month-to-month,none,77.81,0,1,3,3,0,6.9,1,0.5616260530222364,43.70012318566022
CUST-01470,West,73,3,5,month-to-month,dsl,101.42,1,0,3,1,0,7.7,0,0.5196229604745252,52.70016065132634
CUST-01471,Northeast,29,3,65,two-year,dsl,90.35,1,1,1,0,0,7.1,0,0.04448442054003702,4.019167395792344
CUST-01472,West,61,2,51,month-to-month,fiber,88.32,0,0,0,2,0,7.1,0,0.6322611812635495,55.84130752919668
CUST-01473,Northeast,70,2,33,month-to-month,dsl,51.88,0,0,0,2,2,7.5,1,0.6682761774911481,34.670168088240764
CUST-01474,West,75,3,15,month-to-month,fiber,143.82,1,0,4,2,1,6.1,0,0.8603764052366688,123.7393346011377
CUST-01475,Northeast,23,2,71,month-to-month,fiber,95.49,0,1,1,0,3,5.4,0,0.7876065231529552,75.20854689587568
CUST-01476,Northeast,58,1,22,month-to-month,fiber,100.9,1,0,3,3,0,7.0,1,0.701202658815857,70.75134827451997
CUST-01477,South,66,4,36,month-to-month,fiber,82.91,0,0,4,0,0,6.3,0,0.6361476382371815,52.74300068624471
CUST-01478,West,58,3,29,month-to-month,none,98.43,1,1,4,2,0,5.6,1,0.6694119239282663,65.89021567225926
CUST-01479,West,68,1,17,month-to-month,dsl,105.7,1,0,2,1,0,6.1,0,0.6241613515714308,65.97385486110024
CUST-01480,Northeast,74,5,30,one-year,dsl,102.64,1,1,3,4,0,4.4,0,0.5562377753736294,57.09224526434932
CUST-01481,Midwest,70,2,11,month-to-month,dsl,78.85,1,1,0,0,0,9.1,0,0.3021260762389078,23.82264111143788
CUST-01482,Midwest,61,4,1,month-to-month,dsl,117.24,0,1,4,2,1,6.6,1,0.8685087294678326,101.82396344280869
CUST-01483,West,29,1,21,one-year,dsl,102.89,1,0,4,1,0,9.8,0,0.0817065796703331,8.406789982280573
CUST-01484,Northeast,68,2,9,month-to-month,dsl,55.69,1,0,1,2,1,7.4,1,0.575340131720497,32.04069193551448
CUST-01485,Northeast,59,2,30,month-to-month,dsl,67.27,1,1,1,0,0,10.0,0,0.1520224303917994,10.226548892456346
CUST-01486,West,35,1,63,month-to-month,dsl,109.67,0,1,3,0,0,7.3,0,0.3880019623579222,42.55217521179333
CUST-01487,Northeast,56,3,12,month-to-month,fiber,119.78,0,0,2,1,0,7.6,1,0.7267447179872936,87.04948232051802
CUST-01488,West,28,2,1,month-to-month,none,93.54,1,0,3,0,0,7.0,0,0.5029153242486579,47.042699430219464
CUST-01489,South,68,2,8,two-year,fiber,77.07,1,1,0,3,0,6.6,0,0.3844440208496742,29.62910068688439
CUST-01490,Midwest,56,3,37,two-year,fiber,98.93,0,0,1,0,0,9.5,0,0.08546544181374048,8.455096158633346
CUST-01491,South,56,5,20,two-year,none,68.32,1,1,3,3,0,6.8,0,0.20743401259062255,14.171891740191331
CUST-01492,South,33,2,36,month-to-month,fiber,120.21,0,1,4,2,0,6.5,1,0.7991417792912783,96.06483328860456
CUST-01493,Northeast,27,1,3,month-to-month,fiber,85.16,1,1,0,3,1,6.2,1,0.8563169092215515,72.92394798930732
CUST-01494,Northeast,43,4,24,month-to-month,fiber,100.72,0,1,3,2,0,6.9,0,0.7598237090122638,76.52944397171521
CUST-01495,South,38,3,30,month-to-month,fiber,108.18,0,1,0,1,0,7.4,0,0.6989746386303778,75.61507640703428
CUST-01496,Northeast,69,5,32,month-to-month,none,85.47,0,1,4,1,0,8.5,0,0.4260867550884995,36.41763495741405
CUST-01497,West,77,4,40,month-to-month,dsl,83.65,0,1,1,1,0,6.7,0,0.5757192010411093,48.158911167088796
CUST-01498,West,55,1,57,month-to-month,fiber,104.54,1,1,1,0,0,7.9,0,0.3345909385732811,34.978136718450806
CUST-01499,Northeast,65,4,34,month-to-month,none,109.69,0,1,3,0,1,7.7,0,0.5668458891848485,62.177325584686024
CUST-01500,Midwest,74,1,61,month-to-month,dsl,104.49,1,1,4,0,2,6.8,0,0.4890240115940994,51.09811897146744
CUST-01501,Midwest,62,3,39,one-year,dsl,94.81,1,0,2,0,0,8.0,0,0.08499509616829723,8.05838506771626
CUST-01502,West,39,1,19,month-to-month,fiber,98.3,1,1,1,0,0,8.8,0,0.4041927103858601,39.732143430930044
CUST-01503,West,31,4,17,two-year,fiber,154.56,1,1,4,1,0,7.2,0,0.270839613396932,41.860970646629816
CUST-01504,West,34,5,24,month-to-month,fiber,117.95,0,0,4,1,0,9.8,0,0.4711731303280704,55.574870722195904
CUST-01505,West,36,5,44,month-to-month,fiber,114.1,0,1,2,1,0,8.8,0,0.4936731150230825,56.32810242413371
CUST-01506,Midwest,30,1,18,month-to-month,dsl,70.91,1,1,0,0,1,8.0,0,0.4087795395550016,28.986557149845165
CUST-01507,West,58,5,66,month-to-month,fiber,89.65,1,1,4,1,2,7.6,1,0.49458144169953144,44.339226248363
CUST-01508,South,76,4,35,month-to-month,dsl,96.33,1,1,3,1,0,8.2,0,0.36847899971021103,35.49558204208463
CUST-01509,Northeast,33,5,63,month-to-month,dsl,104.52,1,0,2,2,0,7.5,0,0.29537204688409,30.872286340325086
CUST-01510,South,43,3,50,one-year,fiber,94.89,1,1,0,1,0,8.0,0,0.14594782057690717,13.84898869454272
CUST-01511,Midwest,74,4,25,month-to-month,fiber,129.41,1,0,4,1,2,9.5,0,0.5840468059644345,75.58149715985746
CUST-01512,Northeast,73,3,17,month-to-month,dsl,110.18,1,1,3,1,0,6.9,1,0.564327637021649,62.17761904704529
CUST-01513,West,19,4,54,two-year,none,76.8,1,1,1,1,1,7.3,0,0.08387471349176115,6.441577996167256
CUST-01514,West,38,4,24,month-to-month,fiber,106.18,1,1,1,2,1,6.8,0,0.7515363434104771,79.79812894332447
CUST-01515,Northeast,38,2,18,one-year,none,71.96,1,0,1,2,0,7.9,0,0.1566234178152424,11.27062114598484
CUST-01516,West,35,2,67,month-to-month,dsl,91.94,0,1,4,1,0,9.1,1,0.2489573091850012,22.889135006469008
CUST-01517,West,74,5,35,month-to-month,dsl,76.78,0,1,2,1,0,7.3,0,0.5214214653457754,40.03474010924864
CUST-01518,South,64,5,4,month-to-month,fiber,87.45,0,0,4,3,0,6.7,0,0.8587195326457533,75.09502312987112
CUST-01519,West,21,1,36,month-to-month,dsl,121.78,0,0,3,0,0,8.2,0,0.42066883479721906,51.22905070160534
CUST-01520,Midwest,55,1,34,one-year,dsl,71.27,1,0,1,1,0,7.8,0,0.1080892119296978,7.7035181342295616
CUST-01521,South,52,4,63,month-to-month,fiber,100.97,1,1,2,1,1,8.4,1,0.39873493920722636,40.260266811753645
CUST-01522,Midwest,49,4,52,month-to-month,none,78.87,0,1,4,1,1,7.4,0,0.5122142942794242,40.39834138981819
CUST-01523,West,61,2,14,month-to-month,none,105.93,1,1,2,1,1,8.2,0,0.5627222827671685,59.60917141352616
CUST-01524,Midwest,44,5,11,two-year,fiber,112.1,0,1,3,3,1,6.0,0,0.6552681977784761,73.45556497096717
CUST-01525,Midwest,60,1,44,one-year,dsl,71.54,1,1,0,1,0,7.4,0,0.11747494170970822,8.404157329912527
CUST-01526,Midwest,45,1,4,two-year,dsl,121.04,0,1,2,2,1,6.5,1,0.5288299670639154,64.00957921341632
CUST-01527,Midwest,74,3,23,one-year,dsl,99.61,1,0,2,1,1,7.9,0,0.20479955697240138,20.4000838700209
CUST-01528,Northeast,68,3,10,one-year,dsl,73.49,1,0,1,1,0,8.9,0,0.10844357831029311,7.96951857002344
CUST-01529,Midwest,21,2,2,month-to-month,fiber,99.1,1,0,4,3,0,8.3,1,0.6631360750693066,65.71678503936828
CUST-01530,Midwest,27,4,67,two-year,fiber,109.7,1,1,1,1,2,7.6,0,0.14960435103401473,16.411597308431418
CUST-01531,Northeast,41,5,7,month-to-month,fiber,111.42,0,1,4,2,2,7.9,1,0.865848848148744,96.47287866073306
CUST-01532,West,21,1,1,month-to-month,none,70.82,1,1,0,1,1,7.9,0,0.563001780203796,39.871786074032826
CUST-01533,Northeast,22,4,68,one-year,fiber,105.04,0,1,2,1,0,7.0,0,0.2060294742615731,21.641335976435638
CUST-01534,Northeast,18,3,14,month-to-month,none,82.0,1,1,2,1,2,7.2,0,0.6376272263109994,52.285432557501956
CUST-01535,South,71,5,59,month-to-month,fiber,112.93,1,1,1,0,0,8.8,0,0.2784623454565282,31.446752672405733
CUST-01536,Midwest,47,2,3,month-to-month,fiber,73.2,1,1,2,2,0,7.8,0,0.6383664760037778,46.72842604347654
CUST-01537,Northeast,64,4,12,month-to-month,none,80.06,1,0,4,3,0,6.0,0,0.6904347139611092,55.2762031997264
CUST-01538,South,67,4,8,two-year,dsl,94.51,0,0,2,2,0,6.8,0,0.33670525922499145,31.822014049353943
CUST-01539,Northeast,27,2,51,month-to-month,fiber,108.25,1,1,2,0,0,7.8,0,0.3362005636048981,36.39371101023022
CUST-01540,West,58,3,45,one-year,fiber,128.42,0,1,4,0,0,8.0,0,0.23562160529587114,30.25852655209577
CUST-01541,Midwest,55,4,35,month-to-month,fiber,116.86,1,1,4,4,0,6.2,1,0.7985541622773994,93.3190394037369
CUST-01542,West,77,3,18,one-year,fiber,79.16,1,0,0,3,2,8.0,0,0.45738418357519633,36.20653197181254
CUST-01543,South,70,4,7,month-to-month,fiber,101.66,1,1,3,0,0,7.7,0,0.5833468528806973,59.30304106385169
CUST-01544,Midwest,54,4,41,two-year,dsl,80.0,1,1,4,2,1,5.6,0,0.22920316362777338,18.33625309022187
CUST-01545,South,58,2,17,month-to-month,fiber,130.82,1,0,4,1,0,6.0,0,0.7599026555276691,99.41046539612967
CUST-01546,South,48,4,43,month-to-month,fiber,130.36,0,1,4,3,0,6.9,0,0.808688879924455,105.42068238695197
CUST-01547,Midwest,53,3,50,month-to-month,fiber,81.53,1,1,0,2,1,6.3,0,0.6584630741840738,53.68449443822754
CUST-01548,West,52,2,62,month-to-month,fiber,125.67,1,0,3,1,4,6.8,0,0.7843986921043992,98.57538363675984
CUST-01549,West,71,5,36,month-to-month,none,96.69,1,0,4,2,1,6.1,1,0.6471234656384937,62.57036789258595
CUST-01550,South,70,1,1,one-year,fiber,103.82,0,1,2,2,1,6.7,1,0.7234953763040736,75.11328996788892
CUST-01551,South,31,4,21,two-year,fiber,71.65,0,1,0,2,0,6.8,0,0.3360257290442952,24.076243486023753
CUST-01552,South,18,2,62,one-year,dsl,74.41,1,0,0,2,0,6.7,0,0.12082930269788394,8.990908413749544
CUST-01553,West,33,4,39,month-to-month,none,71.08,1,1,1,1,1,8.4,0,0.3342393474316991,23.75773281544517
CUST-01554,South,45,5,45,month-to-month,dsl,126.47,1,1,4,2,0,8.2,0,0.41730708454530907,52.776826982445236
CUST-01555,Northeast,31,4,33,one-year,dsl,77.88,0,0,0,2,0,7.7,0,0.2027177498345931,15.78765835711811
CUST-01556,Northeast,42,2,12,two-year,none,92.17,0,1,3,1,1,9.2,0,0.1695712097071792,15.629378398710708
CUST-01557,South,44,4,65,month-to-month,dsl,100.44,1,1,0,2,0,5.8,1,0.5003975808266267,50.259933018226384
CUST-01558,West,75,2,56,two-year,none,75.91,0,0,4,3,0,6.4,0,0.2067806883466129,15.696722052391385
CUST-01559,Midwest,44,1,72,month-to-month,fiber,86.3,0,0,0,1,2,6.5,0,0.6812418460227894,58.79117131176672
CUST-01560,South,29,2,62,one-year,dsl,87.81,0,0,1,1,0,8.3,0,0.10520505881388968,9.238056214447653
CUST-01561,Midwest,42,4,21,two-year,dsl,90.08,0,1,0,1,1,6.3,0,0.331490184955375,29.86063586078018
CUST-01562,West,19,2,19,one-year,none,63.1,0,1,2,2,1,7.5,0,0.3527073097340766,22.255831244220236
CUST-01563,South,19,1,18,month-to-month,fiber,118.97,1,1,3,0,0,6.8,0,0.6292672357665455,74.86392303914592
CUST-01564,West,55,3,67,one-year,dsl,79.38,0,1,2,2,1,7.5,0,0.20884221454638438,16.57789499069199
CUST-01565,Midwest,33,5,41,month-to-month,fiber,114.23,1,1,2,2,1,7.8,0,0.6076302485528761,69.40960329219503
CUST-01566,Midwest,55,3,33,one-year,dsl,108.76,1,1,3,1,1,6.6,0,0.2795986406183022,30.409148153646548
CUST-01567,Northeast,20,3,70,month-to-month,fiber,133.72,1,1,2,2,0,6.7,0,0.5114301643624132,68.38844157854189
CUST-01568,Northeast,37,2,44,one-year,dsl,119.15,1,1,3,0,0,9.5,0,0.056496678648938016,6.731579261020965
CUST-01569,South,52,3,66,two-year,dsl,73.84,1,1,1,0,2,9.2,0,0.04402267246878017,3.250634135094728
CUST-01570,South,50,2,71,month-to-month,fiber,85.23,1,1,0,1,1,6.0,0,0.5587125342314779,47.619069292548865
CUST-01571,South,53,5,6,month-to-month,fiber,102.98,1,1,0,1,1,7.6,0,0.7262874264836784,74.79307917928921
CUST-01572,West,53,4,27,one-year,fiber,95.47,1,1,0,1,0,8.5,0,0.17101181728270987,16.32649819598031
CUST-01573,Northeast,37,4,53,month-to-month,dsl,66.16,1,1,0,1,0,7.5,0,0.2515120394510092,16.640036530078767
CUST-01574,South,39,4,59,month-to-month,dsl,59.39,1,1,0,2,1,8.0,0,0.33540883648453446,19.9199307988165
CUST-01575,Northeast,42,2,11,month-to-month,dsl,20.0,1,0,0,1,0,7.1,0,0.3569881914844475,7.13976382968895
CUST-01576,Northeast,43,4,23,month-to-month,fiber,67.71,0,0,0,1,0,6.9,0,0.635741741031557,43.04607328524672
CUST-01577,South,65,5,40,one-year,dsl,86.39,0,1,3,4,0,5.4,0,0.5526190886858054,47.74076307156673
CUST-01578,Midwest,26,1,58,one-year,dsl,73.53,0,1,1,0,0,8.4,0,0.08069116757756181,5.93322155197812
CUST-01579,Midwest,51,5,9,month-to-month,fiber,108.26,1,0,2,0,3,7.1,0,0.7970277051336048,86.28621935776405
CUST-01580,Midwest,64,5,44,month-to-month,fiber,95.14,1,1,0,1,1,8.1,0,0.4893534697483434,46.55708911185739
CUST-01581,West,38,1,22,month-to-month,fiber,150.17,1,1,4,2,1,6.4,1,0.844063918531757,126.75307864591393
CUST-01582,Midwest,41,1,16,month-to-month,fiber,88.37,0,0,1,1,0,7.2,0,0.7032283263679895,62.144287201139235
CUST-01583,South,58,3,38,one-year,fiber,70.31,0,1,2,1,0,7.9,0,0.2431819478482897,17.09812275321325
CUST-01584,South,56,4,30,month-to-month,fiber,91.05,0,0,3,0,0,7.2,1,0.5980432835476679,54.45184096701516
CUST-01585,Northeast,51,3,46,month-to-month,fiber,142.26,1,1,4,2,1,7.7,1,0.6503833387273977,92.5235337673596
CUST-01586,South,43,4,23,two-year,fiber,105.5,0,0,3,0,1,8.6,0,0.20295480167055602,21.41173157624366
CUST-01587,South,20,5,60,month-to-month,fiber,125.87,0,1,2,1,0,7.9,0,0.5320781262291069,66.97267374845768
CUST-01588,Northeast,27,2,6,one-year,dsl,69.06,0,1,1,5,3,3.8,1,0.9202556967354935,63.55285841655318
CUST-01589,Northeast,47,3,63,month-to-month,dsl,73.72,1,0,1,1,1,8.7,0,0.20169961180153947,14.86929538200949
CUST-01590,Midwest,60,1,3,month-to-month,fiber,66.56,0,1,0,2,0,5.1,1,0.8928629417940569,59.428957405812426
CUST-01591,South,30,1,53,month-to-month,dsl,69.73,1,1,1,1,0,8.3,0,0.2366592669204718,16.502250682364497
CUST-01592,West,43,4,25,one-year,dsl,90.94,1,1,3,1,0,8.1,0,0.13195266465342953,11.999775323582881
CUST-01593,West,32,5,28,two-year,fiber,106.86,1,0,1,1,0,8.5,0,0.10285128725579733,10.990688556154502
CUST-01594,West,29,3,2,month-to-month,fiber,109.33,1,1,1,4,1,5.5,1,0.9265655171258597,101.30140798737024
CUST-01595,South,71,4,51,month-to-month,fiber,128.96,0,0,0,1,1,7.2,0,0.7296328623312971,94.09345392624408
CUST-01596,Midwest,74,5,12,month-to-month,dsl,87.97,0,1,1,2,1,7.2,0,0.7794896362655377,68.57170330227935
CUST-01597,West,77,1,48,one-year,fiber,100.0,1,1,0,0,1,8.2,0,0.16682355943020552,16.682355943020553
CUST-01598,Midwest,71,4,53,one-year,fiber,97.57,0,1,2,1,1,7.6,0,0.3092941326018141,30.177828517959
CUST-01599,South,42,4,61,one-year,dsl,66.19,1,0,1,2,0,7.6,0,0.08702441843753309,5.760146256380315
CUST-01600,Midwest,61,5,51,two-year,none,103.08,1,0,4,2,0,9.4,0,0.04601464819469578,4.743189935909241
CUST-01601,Northeast,35,2,22,month-to-month,fiber,107.49,0,0,2,0,0,6.5,0,0.6887203327630672,74.03054856870209
CUST-01602,Midwest,52,4,54,one-year,dsl,109.93,0,1,1,0,0,9.4,0,0.08199699398835139,9.013929549139469
CUST-01603,West,33,5,60,one-year,fiber,96.19,1,1,2,2,0,7.8,0,0.14430710330783092,13.880900267180255
CUST-01604,West,55,3,23,month-to-month,dsl,94.76,1,1,4,1,0,7.9,0,0.41712457266208547,39.52672450545922
CUST-01605,West,43,2,9,two-year,dsl,63.92,1,0,0,0,1,7.1,0,0.13577465754354012,8.678716110183085
CUST-01606,Midwest,39,5,65,month-to-month,dsl,82.42,0,0,1,0,0,8.9,0,0.1861989649634663,15.346518692288893
CUST-01607,South,23,1,11,one-year,fiber,76.03,1,1,2,2,0,6.4,0,0.40716022885966274,30.95639220020016
CUST-01608,Northeast,33,5,43,one-year,fiber,93.88,0,1,0,0,1,9.3,0,0.15691409769314504,14.731095491432455
CUST-01609,South,44,5,18,two-year,dsl,67.55,0,1,2,2,2,6.2,0,0.464967453472692,31.408551482080345
CUST-01610,Midwest,53,1,10,month-to-month,fiber,68.75,1,0,0,0,0,9.5,1,0.3125122289946875,21.485215743384767
CUST-01611,South,68,2,56,month-to-month,none,82.92,1,0,4,1,0,7.0,0,0.3342821388907824,27.718674956823676
CUST-01612,Northeast,62,3,11,one-year,fiber,112.8,1,1,3,0,1,7.4,0,0.3333053021105998,37.596838078075656
CUST-01613,West,50,1,49,one-year,fiber,90.85,1,1,0,2,0,7.3,0,0.21713013597971534,19.726272853757138
CUST-01614,Midwest,47,1,50,month-to-month,fiber,99.93,0,1,2,1,2,6.2,1,0.817239651879311,81.66675841229956
CUST-01615,South,46,2,5,one-year,fiber,113.44,0,0,1,2,0,6.9,0,0.5877497238615762,66.67432867485721
CUST-01616,West,71,5,13,month-to-month,dsl,80.39,0,0,2,1,0,8.9,0,0.4580214918390307,36.82034772893968
CUST-01617,West,68,3,58,one-year,fiber,79.88,1,1,2,2,1,6.6,0,0.2777991258602419,22.19059417371612
CUST-01618,Midwest,41,4,37,two-year,dsl,80.09,0,0,4,1,0,7.9,0,0.10212863605575817,8.179482461705673
CUST-01619,West,51,4,9,month-to-month,dsl,61.24,1,1,0,1,2,8.5,0,0.5364455299922123,32.85192425672308
CUST-01620,South,40,3,72,month-to-month,dsl,85.45,0,0,2,1,1,7.3,0,0.4316775792435832,36.886849146364185
CUST-01621,West,51,1,20,two-year,dsl,113.44,1,0,4,1,1,8.7,0,0.12255303886143769,13.90241672844149
CUST-01622,Midwest,43,5,1,one-year,none,60.18,0,0,0,2,0,7.6,1,0.31442099252257055,18.921855330008295
CUST-01623,Midwest,69,3,67,two-year,dsl,102.01,0,1,1,1,1,8.3,0,0.10759332154798747,10.975594731110203
CUST-01624,Northeast,60,2,2,month-to-month,fiber,119.16,1,0,3,1,0,7.5,0,0.6611680197735118,78.78478123621167
CUST-01625,Midwest,28,3,40,two-year,dsl,47.63,1,0,0,1,1,8.2,0,0.05836431052438308,2.7798921102763665
CUST-01626,Midwest,19,3,72,month-to-month,none,33.11,1,1,1,0,0,9.8,0,0.05916214145250716,1.958858503492512
CUST-01627,Northeast,75,5,42,month-to-month,fiber,103.75,0,0,4,0,0,7.6,0,0.501353412787214,52.01541657667345
CUST-01628,South,39,2,43,month-to-month,dsl,96.42,1,0,2,1,1,7.7,0,0.42230995384359643,40.71912574959957
CUST-01629,West,27,5,28,one-year,fiber,90.94,1,0,0,3,0,6.2,0,0.3804128609651414,34.594745576169956
CUST-01630,Midwest,62,1,10,two-year,dsl,97.1,0,1,4,1,0,8.6,0,0.176214558914295,17.110433670578043
CUST-01631,Northeast,46,2,42,one-year,fiber,107.79,1,1,2,1,0,6.4,0,0.2568925074116195,27.690443373898468
CUST-01632,West,51,1,65,one-year,dsl,114.88,1,1,2,3,2,6.1,0,0.40066642705543415,46.02855914012827
CUST-01633,West,56,5,7,month-to-month,fiber,117.21,1,1,4,2,0,8.0,0,0.6745912984431609,79.06884609052288
CUST-01634,Northeast,36,3,64,month-to-month,dsl,89.23,1,1,1,3,0,6.4,0,0.45420602691750245,40.528803781848744
CUST-01635,Northeast,52,3,30,month-to-month,fiber,121.12,1,0,1,0,0,6.5,0,0.5587859207997405,67.68015072726458
CUST-01636,Midwest,57,1,39,month-to-month,dsl,60.62,1,1,2,0,0,7.5,0,0.2746994860306431,16.652282843177584
CUST-01637,Northeast,54,1,12,month-to-month,fiber,128.4,1,1,1,0,0,7.5,0,0.6074066538108672,77.99101434931535
CUST-01638,Midwest,72,5,45,two-year,dsl,36.16,1,1,0,2,0,8.8,0,0.04326889957654289,1.5646034086877907
CUST-01639,Midwest,41,5,14,one-year,fiber,75.4,0,0,0,3,0,7.3,0,0.4581721477128867,34.54617993755166
CUST-01640,West,48,2,20,one-year,fiber,86.1,1,1,1,0,1,9.0,0,0.16918163867413183,14.566539089842749
CUST-01641,Northeast,63,4,52,month-to-month,fiber,63.97,1,1,0,1,1,6.2,0,0.5485479249990861,35.09061076219154
CUST-01642,West,62,2,4,month-to-month,none,70.07,0,1,2,0,1,7.6,1,0.6589985953471141,46.17603157597228
CUST-01643,Northeast,77,5,33,month-to-month,fiber,116.04,1,0,4,2,0,8.4,0,0.4892638145138842,56.77417303619112
CUST-01644,South,29,1,43,month-to-month,dsl,92.39,1,1,1,2,0,7.9,0,0.4028309621526012,37.217552593278825
CUST-01645,West,73,1,10,month-to-month,fiber,102.05,1,1,0,0,0,7.7,0,0.5772609764547502,58.909482647207255
CUST-01646,Northeast,46,2,22,month-to-month,dsl,71.68,1,1,0,0,0,8.9,0,0.2393365978348755,17.155647332803877
CUST-01647,Midwest,30,1,25,month-to-month,fiber,104.67,0,1,0,1,0,6.2,1,0.7830480184416622,81.96163609028878
CUST-01648,Midwest,35,4,48,one-year,fiber,111.82,1,1,2,0,0,7.7,0,0.13199846093842493,14.760067902134676
CUST-01649,West,39,5,71,month-to-month,fiber,95.31,1,1,2,3,0,4.8,0,0.6747416049242235,64.30962236532774
CUST-01650,Midwest,77,5,61,month-to-month,fiber,102.89,1,0,2,1,1,7.2,0,0.4817909699275152,49.571472895842035
CUST-01651,South,24,5,14,month-to-month,fiber,105.97,0,1,3,1,0,7.9,0,0.6974003458858291,73.90351465352131
CUST-01652,West,31,1,2,month-to-month,fiber,85.44,1,1,1,2,0,6.2,0,0.7798851319127785,66.6333856706278
CUST-01653,Northeast,60,1,4,month-to-month,dsl,99.85,1,0,3,0,2,7.6,0,0.6239838659713447,62.30478901723876
CUST-01654,West,74,1,43,month-to-month,none,63.96,0,1,4,0,0,7.1,0,0.43368801184612665,27.73868523767826
CUST-01655,Northeast,22,4,12,one-year,fiber,86.78,0,1,0,1,1,6.9,0,0.4918899804315433,42.686212501849326
CUST-01656,Midwest,42,1,17,month-to-month,none,27.95,1,1,0,1,0,6.7,0,0.43237743904707937,12.084949421365868
CUST-01657,Northeast,42,4,62,two-year,fiber,101.53,1,1,1,1,0,9.1,0,0.048429459632579434,4.91704303649579
CUST-01658,South,47,3,63,month-to-month,fiber,77.11,1,1,0,0,0,7.5,0,0.2968182022862411,22.88765157829205
CUST-01659,West,63,4,61,month-to-month,fiber,123.81,1,0,4,0,0,7.9,0,0.31190094578377864,38.61645609748963
CUST-01660,South,49,1,19,month-to-month,fiber,126.92,1,1,4,0,0,7.7,0,0.5789706298695348,73.48295234304136
CUST-01661,Northeast,26,3,45,month-to-month,fiber,95.62,1,1,2,0,0,8.4,0,0.2863644512646163,27.382168829922612
CUST-01662,West,32,1,44,month-to-month,dsl,79.29,1,1,0,0,0,10.0,0,0.1352059603412736,10.720480595459586
CUST-01663,Midwest,62,1,14,two-year,dsl,100.28,1,0,4,2,0,9.9,0,0.07802967409469849,7.824815718216365
CUST-01664,South,32,4,40,month-to-month,dsl,92.23,1,0,4,3,1,6.0,0,0.6811426650775158,62.82178800009928
CUST-01665,West,47,3,38,one-year,fiber,97.71,0,1,2,4,0,6.4,0,0.5758201259798899,56.26338450949503
CUST-01666,Midwest,40,4,29,month-to-month,fiber,100.74,0,1,3,3,0,7.1,0,0.785166481744156,79.09767137090627
CUST-01667,Midwest,44,1,55,month-to-month,dsl,86.77,1,1,3,2,1,7.9,0,0.40636450367975685,35.2602479842925
CUST-01668,Midwest,62,2,49,month-to-month,fiber,116.55,1,1,2,0,0,8.7,0,0.32149597482941605,37.47035586636844
CUST-01669,Northeast,32,1,39,month-to-month,fiber,71.06,1,1,1,1,0,8.6,0,0.32137473689425755,22.836888803705943
CUST-01670,Northeast,60,3,53,month-to-month,fiber,74.7,1,1,1,1,0,8.0,0,0.3241104081107792,24.211047485875206
CUST-01671,Midwest,63,3,55,two-year,fiber,134.0,1,1,1,0,1,7.7,0,0.13722085079260277,18.387594006208772
CUST-01672,West,77,4,41,one-year,dsl,78.58,0,1,1,3,0,7.6,0,0.28305845514195604,22.242733405054906
CUST-01673,West,45,1,20,two-year,fiber,99.32,1,0,3,0,1,8.4,0,0.13627916187181996,13.535246357109157
CUST-01674,Northeast,23,1,55,month-to-month,fiber,113.56,1,0,4,0,1,8.2,0,0.34807865154182815,39.527811669090006
CUST-01675,Northeast,58,5,52,one-year,none,61.28,0,1,0,4,0,4.8,0,0.47165815181630927,28.90321154330343
CUST-01676,West,63,4,71,one-year,none,73.48,1,0,0,0,2,7.3,0,0.10237457015186091,7.5224834147587405
CUST-01677,Northeast,19,1,11,one-year,fiber,92.8,1,1,2,1,0,7.6,0,0.2528529590017208,23.464754595359686
CUST-01678,Midwest,29,2,31,two-year,fiber,107.12,1,0,3,2,1,7.6,0,0.2219200225883006,23.77207281965876
CUST-01679,South,38,3,67,one-year,dsl,83.62,1,1,2,1,0,9.6,0,0.039581505176594346,3.3098054628668194
CUST-01680,Northeast,48,3,38,two-year,fiber,122.89,0,0,4,2,0,7.8,0,0.23671764244743246,29.090231080364976
CUST-01681,West,48,4,68,one-year,fiber,111.84,1,1,3,1,0,7.8,0,0.11826228606987507,13.226454074054828
CUST-01682,West,29,2,1,month-to-month,fiber,91.7,1,1,3,4,1,4.8,1,0.9348286821714022,85.72379015511758
CUST-01683,South,29,3,3,one-year,fiber,87.13,1,0,2,0,0,9.6,0,0.12465368607434969,10.861075667658088
CUST-01684,West,74,4,58,month-to-month,none,53.59,0,1,0,0,0,8.2,1,0.2572788457961343,13.787573346214838
CUST-01685,Midwest,61,1,26,two-year,dsl,90.72,1,1,0,3,1,3.7,0,0.5575040481836167,50.5767672512177
CUST-01686,Northeast,48,3,38,one-year,none,80.11,0,1,3,0,0,9.2,0,0.08841556653569765,7.082971035174739
CUST-01687,South,37,2,31,month-to-month,dsl,122.47,0,1,1,2,2,6.6,1,0.8590332143671003,105.20579776353878
CUST-01688,Northeast,46,4,30,month-to-month,dsl,88.58,1,1,3,2,0,5.1,1,0.6573716888560076,58.229984198865154
CUST-01689,Midwest,75,1,68,month-to-month,dsl,65.4,1,1,1,1,0,8.2,0,0.1949325220209948,12.74858694017306
CUST-01690,Midwest,36,2,7,month-to-month,dsl,78.9,1,1,0,1,0,7.7,1,0.4787909264013289,37.776604093064854
CUST-01691,Northeast,37,4,56,month-to-month,fiber,126.95,0,1,3,2,0,5.6,1,0.7717757462773442,97.97693098990885
CUST-01692,Midwest,44,3,65,one-year,fiber,125.2,1,1,4,1,0,9.8,0,0.07096151789730018,8.884382040741983
CUST-01693,South,29,1,48,one-year,dsl,92.01,1,1,2,2,1,7.5,0,0.2026951894497758,18.64998438127387
CUST-01694,Northeast,24,5,29,two-year,fiber,81.67,1,1,0,0,2,7.6,0,0.169509655464524,13.843853561787677
CUST-01695,Northeast,71,1,12,month-to-month,fiber,98.9,1,1,2,2,0,6.3,0,0.7646233662894057,75.62125092602223
CUST-01696,Midwest,59,3,50,month-to-month,fiber,80.38,1,1,4,0,1,7.7,0,0.40091831642368286,32.22581427413563
CUST-01697,West,38,1,34,month-to-month,dsl,86.42,0,0,1,1,0,7.2,0,0.527667707427833,45.60104327591333
CUST-01698,Midwest,52,3,11,two-year,fiber,90.18,0,1,0,3,0,7.1,0,0.45169953115210876,40.73426371929717
CUST-01699,Midwest,47,2,26,month-to-month,fiber,123.78,1,1,3,2,1,6.6,1,0.7904046866503349,97.83629211357845
CUST-01700,West,23,4,70,month-to-month,fiber,97.01,1,1,1,1,1,7.0,0,0.4476920816313928,43.430608839061414
CUST-01701,Midwest,63,4,20,month-to-month,fiber,85.37,1,1,0,0,0,8.3,0,0.4178039356406765,35.667921985644554
CUST-01702,West,24,5,13,one-year,none,94.95,1,1,3,0,0,8.1,0,0.12677437326875832,12.037226741868603
CUST-01703,Midwest,52,1,50,month-to-month,fiber,126.72,1,0,1,0,0,8.0,0,0.3693488812767302,46.80389023538725
CUST-01704,Northeast,35,4,15,one-year,fiber,95.22,1,1,0,1,1,8.9,0,0.22058714213759256,21.004307674341565
CUST-01705,Midwest,44,2,67,one-year,fiber,50.61,1,1,0,0,0,8.1,0,0.05694615980669528,2.8820451478168483
CUST-01706,Midwest,46,4,62,one-year,dsl,47.61,0,1,0,0,0,8.1,0,0.06803540230349389,3.2391655036693443
CUST-01707,South,44,5,71,month-to-month,dsl,83.83,1,0,0,0,0,7.4,1,0.18538885065943062,15.541147350780069
CUST-01708,Midwest,31,5,66,month-to-month,fiber,72.83,1,1,0,2,0,8.0,0,0.31278766487887055,22.780325633128143
CUST-01709,Northeast,22,5,18,month-to-month,fiber,95.29,0,0,1,0,0,6.3,1,0.6795795602016841,64.75713629161848
CUST-01710,South,25,5,16,month-to-month,dsl,94.94,0,1,4,1,0,6.6,1,0.6846970315574993,65.00513617606899
CUST-01711,West,61,4,25,one-year,none,78.28,1,1,1,0,1,8.8,0,0.11324145474577531,8.864541077499291
CUST-01712,Northeast,23,5,34,month-to-month,fiber,76.26,1,0,0,1,0,7.4,0,0.4040953506710623,30.816311442175213
CUST-01713,Midwest,48,4,64,month-to-month,fiber,127.01,0,1,4,2,2,7.0,0,0.7928313264679695,100.6975067746968
CUST-01714,Midwest,36,1,53,month-to-month,fiber,91.56,0,1,3,0,1,7.4,0,0.5716040035823468,52.33606256799967
CUST-01715,Midwest,59,5,47,one-year,fiber,122.33,0,1,4,0,0,7.6,0,0.2372253150911256,29.019772795097396
CUST-01716,West,55,4,64,month-to-month,dsl,88.14,0,1,2,4,2,5.0,0,0.8713714678822194,76.80268117913882
CUST-01717,Northeast,29,5,47,one-year,none,110.2,1,1,2,0,0,7.3,0,0.09959700689067548,10.975590159352437
CUST-01718,Northeast,58,2,28,month-to-month,none,96.55,1,1,2,1,0,6.8,0,0.4975431189783498,48.03778813735967
CUST-01719,South,57,3,30,two-year,dsl,103.47,1,1,0,1,0,8.7,0,0.08386955950695604,8.677983322184742
CUST-01720,Northeast,34,3,38,one-year,fiber,118.9,0,0,1,0,1,7.7,0,0.2939315937959642,34.94846650234014
CUST-01721,Northeast,68,1,7,month-to-month,none,75.51,1,0,2,0,0,8.1,0,0.3588572995431239,27.09731468850129
CUST-01722,Midwest,44,4,54,month-to-month,fiber,93.4,0,0,1,1,1,7.2,1,0.6174086355908167,57.665966564182284
CUST-01723,South,20,2,47,month-to-month,fiber,100.25,1,0,4,0,0,6.7,1,0.43031097590423645,43.13867533439971
CUST-01724,West,55,1,53,month-to-month,dsl,104.12,1,1,4,0,0,6.7,1,0.3532588097594308,36.781307272151935
CUST-01725,West,45,2,39,month-to-month,fiber,108.27,1,0,2,2,0,7.3,0,0.5614617898354526,60.78946798548445
CUST-01726,Midwest,39,4,57,two-year,dsl,101.83,1,1,3,2,0,7.0,0,0.09772065835000851,9.950894639781366
CUST-01727,West,45,4,69,one-year,none,55.13,0,0,1,0,0,8.0,0,0.06029898946685121,3.324283289307507
CUST-01728,South,76,2,42,month-to-month,dsl,107.84,0,1,4,0,1,8.2,0,0.525651924731389,56.68630356303299
CUST-01729,Midwest,41,2,32,one-year,dsl,85.51,1,1,3,0,1,7.4,0,0.1566879762614587,13.398388850117334
CUST-01730,West,59,5,8,month-to-month,fiber,104.16,0,0,3,2,2,5.7,0,0.9305699298757752,96.92816389586075
CUST-01731,Northeast,69,3,57,two-year,fiber,101.83,1,1,2,1,0,7.6,0,0.09495304362002943,9.669068431827597
CUST-01732,Midwest,52,2,66,month-to-month,dsl,107.94,0,1,4,2,0,7.1,0,0.5170168721895019,55.806801184134834
CUST-01733,West,71,5,51,one-year,dsl,71.04,1,1,2,2,1,6.8,0,0.19809290717236278,14.072520125524653
CUST-01734,Midwest,47,1,63,one-year,none,86.87,0,1,4,2,1,6.3,0,0.32298631831748,28.05782147223949
CUST-01735,West,31,4,63,month-to-month,fiber,116.19,0,1,3,3,0,7.7,1,0.6332015304352354,73.57168582127
CUST-01736,Northeast,47,3,58,month-to-month,fiber,113.64,1,0,2,0,0,8.1,0,0.2771190521391441,31.49180908509234
CUST-01737,South,25,2,37,month-to-month,fiber,69.08,1,1,1,2,0,7.6,0,0.49932731727163804,34.49353107712476
CUST-01738,Northeast,35,4,8,two-year,dsl,111.81,1,0,4,1,1,6.0,0,0.2785566739050814,31.14542170932715
CUST-01739,Midwest,30,2,1,month-to-month,dsl,79.55,1,1,0,2,0,5.8,0,0.724134925590879,57.60493333075442
CUST-01740,Midwest,22,4,15,one-year,none,40.97,0,1,0,2,0,7.6,0,0.24522367466384143,10.046813950977583
CUST-01741,Northeast,27,2,32,one-year,fiber,80.13,0,1,0,1,1,7.2,0,0.3733226797852069,29.914346331188625
CUST-01742,West,68,4,54,one-year,fiber,91.7,0,1,0,0,0,7.9,0,0.17223596227987842,15.794037741064852
CUST-01743,Midwest,69,3,33,month-to-month,fiber,65.96,1,1,1,2,1,5.9,0,0.7361968906580767,48.559546907806734
CUST-01744,West,72,5,2,month-to-month,fiber,108.09,0,1,2,2,0,7.6,1,0.818730543943167,88.49658449481693
CUST-01745,Midwest,19,3,16,one-year,fiber,109.1,0,1,1,1,0,8.2,0,0.33605034423081004,36.66309255558137
CUST-01746,West,76,1,71,month-to-month,dsl,99.45,1,0,2,4,0,5.8,0,0.5836551597203893,58.04450563419272
CUST-01747,Northeast,38,4,72,two-year,fiber,119.86,1,0,2,1,0,8.1,0,0.05805563476583599,6.958548383033102
CUST-01748,Midwest,42,1,28,month-to-month,fiber,92.69,0,1,2,5,0,4.8,1,0.9357868010937561,86.73807859338025
CUST-01749,Northeast,28,4,58,month-to-month,dsl,95.95,0,1,0,1,0,6.7,0,0.46999972124780975,45.096473253727346
CUST-01750,Midwest,74,2,52,one-year,dsl,81.3,1,0,2,3,0,6.3,0,0.2158408891083201,17.547864284506424
CUST-01751,South,77,5,68,month-to-month,fiber,88.3,1,1,1,2,0,7.7,0,0.4024122334547747,35.53300021405661
CUST-01752,Midwest,60,2,64,month-to-month,fiber,108.64,0,0,2,1,1,6.7,0,0.661990993903919,71.91870157772176
CUST-01753,Northeast,22,3,46,month-to-month,dsl,79.65,1,1,0,3,0,6.5,0,0.5037098024500114,40.120485765143414
CUST-01754,South,43,3,29,month-to-month,dsl,119.67,0,1,4,2,0,6.4,0,0.7605555579583883,91.01568362088032
CUST-01755,South,34,1,46,two-year,dsl,113.19,1,0,3,1,0,8.7,0,0.058788032218589505,6.654217366822146
CUST-01756,Northeast,73,2,23,month-to-month,fiber,84.68,1,0,1,1,0,7.0,0,0.5550909153214502,47.0050987094204
CUST-01757,Northeast,57,5,26,month-to-month,dsl,84.99,0,0,1,2,0,8.1,0,0.5193474970112344,44.13934377098481
CUST-01758,West,76,2,44,month-to-month,none,76.87,1,1,1,2,0,6.5,1,0.5041395800579797,38.753209519056895
CUST-01759,South,68,4,42,two-year,fiber,124.95,0,1,4,0,2,7.2,0,0.36821883037600783,46.00894285548218
CUST-01760,Northeast,50,3,42,month-to-month,fiber,113.53,1,0,3,3,0,8.3,0,0.5107919276421687,57.99020754521542
CUST-01761,Northeast,34,2,28,two-year,none,99.36,1,1,2,1,1,6.7,0,0.18403205697166292,18.285425180704426
CUST-01762,West,64,4,30,two-year,fiber,105.07,1,1,3,3,1,6.5,0,0.39464288466931946,41.465127892205395
CUST-01763,Northeast,59,1,1,month-to-month,dsl,102.16,0,1,0,1,1,8.0,1,0.7383242855449539,75.42720901127248
CUST-01764,West,64,5,44,one-year,dsl,81.07,0,0,4,1,0,6.3,0,0.22970252295806076,18.621983536209985
CUST-01765,Northeast,73,4,42,one-year,fiber,106.71,1,0,2,4,0,6.5,0,0.3970046698655507,42.36436832135291
CUST-01766,Northeast,54,4,68,month-to-month,dsl,89.28,1,1,1,0,0,6.7,0,0.24658092092861061,22.014744620506356
CUST-01767,West,58,1,37,month-to-month,fiber,95.96,1,1,3,0,2,7.6,0,0.6031732175215861,57.8805019533714
CUST-01768,Northeast,43,2,34,one-year,dsl,64.5,1,1,0,1,1,9.5,0,0.08144644207278631,5.2532955136947175
CUST-01769,West,47,2,5,one-year,none,78.04,1,1,2,0,2,5.8,0,0.4386982892891718,34.23601449612697
CUST-01770,Midwest,26,2,15,one-year,dsl,82.4,1,0,4,0,0,8.4,0,0.0942522111202685,7.766382196310126
CUST-01771,West,29,1,25,two-year,fiber,127.04,1,0,3,1,0,7.5,0,0.17937294999100775,22.787539566857625
CUST-01772,Midwest,77,1,28,month-to-month,dsl,98.36,1,0,0,0,0,7.2,0,0.40577842850980433,39.91236622822436
CUST-01773,West,28,3,27,one-year,none,106.72,1,1,2,2,1,5.7,1,0.4265979948988694,45.52653801560734
CUST-01774,Midwest,22,3,29,two-year,dsl,100.96,1,0,3,3,1,7.5,0,0.1966531828442017,19.8541053399506
CUST-01775,Northeast,65,2,56,month-to-month,dsl,81.78,0,0,2,2,0,6.9,1,0.49855360986470476,40.77171421473555
CUST-01776,South,26,3,10,month-to-month,fiber,91.9,1,0,1,1,1,5.6,1,0.7994825260142541,73.47244414070995
CUST-01777,Northeast,45,5,24,month-to-month,dsl,94.29,1,0,3,2,0,6.2,0,0.5687330600719931,53.62584023418823
CUST-01778,West,40,5,12,two-year,fiber,104.04,0,1,2,0,0,7.7,0,0.23525487758720812,24.475917464173133
CUST-01779,South,42,5,23,month-to-month,fiber,111.54,1,1,4,1,1,5.9,1,0.7809998837102556,87.11272702904192
CUST-01780,Midwest,41,2,50,one-year,none,114.25,1,1,4,2,0,7.4,0,0.1669998658330662,19.07973467142781
CUST-01781,West,20,1,4,month-to-month,none,93.2,1,1,4,3,1,6.4,0,0.8019750824970094,74.74407768872128
CUST-01782,Midwest,34,2,25,month-to-month,none,102.2,0,1,2,0,0,8.1,1,0.4786321631013739,48.91620706896042
CUST-01783,West,56,2,2,one-year,fiber,109.56,1,1,3,0,1,10.0,0,0.19495038953111385,21.358764677028834
CUST-01784,West,22,1,69,month-to-month,fiber,90.45,1,0,0,1,0,6.7,0,0.37110566047825355,33.566506990258034
CUST-01785,Northeast,33,2,53,two-year,fiber,125.77,1,0,3,0,0,8.0,0,0.07046294441287955,8.86212451880786
CUST-01786,West,71,3,18,month-to-month,fiber,109.96,0,1,3,2,0,6.3,0,0.8484326808767725,93.2936575892099
CUST-01787,Northeast,57,2,15,two-year,dsl,91.69,1,1,3,1,0,8.7,0,0.08659653704419747,7.9400364815824656
CUST-01788,Midwest,48,5,8,month-to-month,dsl,75.94,0,1,0,3,1,6.6,0,0.839739115812813,63.76978845482502
CUST-01789,Midwest,50,5,35,two-year,fiber,126.53,0,0,2,0,0,7.2,0,0.2074932692105569,26.254123353211767
CUST-01790,West,76,2,55,one-year,fiber,125.66,0,0,1,1,2,8.5,0,0.3491514098618626,43.87436616324165
CUST-01791,Northeast,20,3,43,month-to-month,fiber,116.59,1,0,4,0,0,7.3,0,0.3889344169804716,45.345863675753186
CUST-01792,West,70,3,64,month-to-month,dsl,76.11,0,1,2,3,0,7.0,1,0.5472497854462951,41.65118117031752
CUST-01793,Midwest,46,2,25,month-to-month,dsl,80.73,1,1,3,3,2,6.7,1,0.7625231642075387,61.558495046474604
CUST-01794,West,47,1,21,one-year,fiber,149.48,1,0,2,2,0,7.7,0,0.36517017984745764,54.58563848359797
CUST-01795,West,31,2,35,one-year,fiber,50.34,1,0,0,2,2,6.6,0,0.35864739349782554,18.054309788680538
CUST-01796,West,41,3,15,month-to-month,fiber,94.79,1,0,3,1,0,7.3,1,0.57178302214502,54.19931266912645
CUST-01797,Northeast,50,2,71,month-to-month,fiber,111.03,0,0,3,3,0,6.6,0,0.660087336112973,73.2894969286234
CUST-01798,Northeast,33,2,14,one-year,none,54.63,0,1,1,2,1,7.3,0,0.37030741142599294,20.229893886201996
CUST-01799,Northeast,38,3,35,month-to-month,dsl,106.03,0,1,3,2,0,7.4,0,0.6037127780787331,64.01166585968808
CUST-01800,West,77,1,38,one-year,fiber,99.87,1,1,1,2,0,8.0,0,0.23283093995352477,23.25282597315852
CUST-01801,Midwest,66,4,5,month-to-month,dsl,94.83,1,1,3,3,1,6.5,0,0.8009321623898651,75.9523969594309
CUST-01802,West,54,4,34,one-year,fiber,119.68,1,1,1,1,1,8.9,0,0.21216274470833008,25.391637286692944
CUST-01803,South,35,5,33,two-year,fiber,99.03,1,1,3,1,0,7.4,0,0.1478866071739184,14.64521070843314
CUST-01804,Midwest,68,1,19,month-to-month,dsl,88.52,0,1,4,0,0,7.9,1,0.5136410744378479,45.46750790923829
CUST-01805,Northeast,69,4,10,month-to-month,fiber,134.31,1,1,2,1,0,7.0,0,0.7163571001939117,96.21392212704428
CUST-01806,Midwest,77,1,4,month-to-month,fiber,70.59,1,0,0,2,1,8.9,0,0.6197690525053413,43.74949741635204
CUST-01807,West,58,4,1,one-year,dsl,105.57,0,0,3,1,2,7.8,0,0.4954072040556712,52.300138532157206
CUST-01808,Midwest,31,2,35,month-to-month,none,116.36,1,0,4,1,1,8.2,0,0.43104158622554334,50.15599897320422
CUST-01809,West,40,5,7,two-year,fiber,71.84,1,1,3,5,1,5.9,0,0.5942375351041261,42.690024521880424
CUST-01810,Midwest,73,1,70,one-year,dsl,80.93,0,1,1,1,1,7.3,0,0.18735121621515377,15.162333928292396
CUST-01811,South,24,5,18,month-to-month,fiber,139.14,0,0,2,0,0,10.0,0,0.4780029258647599,66.50932710482269
CUST-01812,Northeast,65,4,47,one-year,dsl,71.29,0,1,1,0,1,9.0,0,0.10588806660420617,7.548760268213859
CUST-01813,Northeast,48,1,49,month-to-month,fiber,111.29,1,1,3,4,0,5.6,1,0.7824288313320753,87.07650463894666
CUST-01814,Midwest,45,2,36,one-year,dsl,91.35,1,1,3,1,0,7.7,0,0.12993221349295084,11.86930770258106
CUST-01815,South,27,3,64,month-to-month,fiber,117.76,1,1,3,1,0,7.7,0,0.39121045802722915,46.06894353728651
CUST-01816,South,74,4,8,one-year,none,58.04,0,0,1,0,1,7.5,0,0.29241788490459997,16.971934039862983
CUST-01817,Midwest,30,4,17,two-year,none,83.21,1,1,0,2,0,7.0,0,0.16948436983339366,14.102794413836685
CUST-01818,Midwest,53,3,19,one-year,fiber,113.54,1,0,3,0,1,6.8,0,0.3325725737297028,37.76029002127046
CUST-01819,West,51,4,10,two-year,dsl,68.57,1,1,1,1,0,5.7,0,0.20801846238290744,14.263825965595961
CUST-01820,West,41,2,22,month-to-month,fiber,100.62,1,0,4,2,1,8.5,1,0.596543105002684,60.02416722537007
CUST-01821,Northeast,26,2,23,one-year,dsl,53.56,1,0,0,1,0,7.4,0,0.11378231469594151,6.094180775114627
CUST-01822,Northeast,27,1,56,one-year,fiber,116.86,1,1,4,1,0,7.6,0,0.14989841654916544,17.517128957935473
CUST-01823,West,56,4,22,one-year,fiber,121.32,1,1,3,1,1,7.7,0,0.342684768331256,41.57451609394798
CUST-01824,West,61,4,64,month-to-month,dsl,96.94,0,1,2,4,0,6.3,0,0.6960110829972925,67.47131438575754
CUST-01825,Midwest,32,5,56,month-to-month,fiber,123.25,1,1,4,1,0,8.2,0,0.36605906778881775,45.11678010497179
CUST-01826,Midwest,64,3,65,one-year,dsl,99.7,1,0,3,3,0,7.7,0,0.12461113627076899,12.423730286195669
CUST-01827,Midwest,59,4,8,month-to-month,dsl,83.65,0,1,0,1,2,7.3,1,0.7944288610169981,66.45397422407189
CUST-01828,West,30,4,71,one-year,fiber,95.32,0,0,1,0,0,8.0,0,0.10710298385706592,10.209056421255523
CUST-01829,South,41,5,45,two-year,fiber,130.58,1,0,4,2,0,8.5,0,0.12295590410518072,16.0555819580545
CUST-01830,Northeast,40,3,71,two-year,dsl,70.69,0,1,3,1,0,7.5,0,0.06481742809100244,4.581943991752962
CUST-01831,West,51,4,26,month-to-month,dsl,48.05,0,1,0,1,1,8.0,0,0.5243337208021392,25.19423528454279
CUST-01832,Northeast,21,5,69,two-year,fiber,95.64,1,1,0,1,1,6.3,0,0.13466083111980257,12.878961888297917
CUST-01833,Northeast,75,3,43,month-to-month,fiber,124.88,0,1,4,2,0,7.9,0,0.6738070561967807,84.14502517785397
CUST-01834,Midwest,51,3,6,month-to-month,dsl,76.25,0,1,0,2,0,5.9,0,0.8009982309563944,61.07611511042508
CUST-01835,South,59,4,30,two-year,dsl,102.7,0,1,4,1,0,6.3,0,0.2626266132302946,26.97175317875126
CUST-01836,Midwest,54,5,10,month-to-month,dsl,97.32,0,0,2,3,0,5.0,1,0.8706690307409423,84.7335100717085
CUST-01837,South,41,3,68,month-to-month,fiber,87.31,1,1,4,2,0,7.2,0,0.42461997150998715,37.07356971253698
CUST-01838,Midwest,68,3,22,month-to-month,dsl,115.38,1,1,1,2,0,9.1,0,0.43442260539516214,50.12368021049381
CUST-01839,Northeast,37,2,17,month-to-month,dsl,62.86,0,1,1,0,0,7.7,0,0.45479328513107403,28.588305903339315
CUST-01840,Midwest,19,5,40,one-year,fiber,89.6,1,1,3,0,0,8.3,0,0.09909481663662162,8.878895570641296
CUST-01841,Midwest,51,1,31,month-to-month,fiber,112.85,1,1,0,0,2,8.3,0,0.6043445179358939,68.20027884906563
CUST-01842,Midwest,25,5,7,month-to-month,fiber,88.14,0,1,0,0,0,7.3,0,0.6748341685934421,59.47988361982599
CUST-01843,South,67,2,59,one-year,dsl,79.31,1,1,3,2,3,6.5,0,0.3658078511435903,29.01222067419815
CUST-01844,West,19,2,61,month-to-month,fiber,93.78,0,1,0,0,1,7.3,0,0.5404679684258032,50.68508607897183
CUST-01845,Northeast,30,2,54,one-year,dsl,87.05,0,1,4,1,0,9.4,0,0.07928112010374201,6.901421505030742
CUST-01846,South,74,4,45,two-year,dsl,78.68,0,1,3,0,0,8.3,0,0.07954586911550161,6.258668982007667
CUST-01847,Midwest,33,2,29,one-year,fiber,126.9,0,1,3,1,2,7.8,1,0.5264463686202161,66.80604417790542
CUST-01848,South,48,1,40,two-year,dsl,81.85,1,0,2,2,1,6.5,0,0.18763479087890678,15.357907633438519
CUST-01849,Midwest,70,3,38,month-to-month,dsl,84.02,1,1,3,0,1,6.8,0,0.45682952357420364,38.38281657070459
CUST-01850,West,32,5,12,two-year,fiber,107.02,1,1,4,1,0,8.5,1,0.14436988810565743,15.450465425067458
CUST-01851,Midwest,36,5,6,month-to-month,dsl,76.45,0,0,0,2,0,7.0,0,0.6899328284903328,52.74536473808594
CUST-01852,South,19,2,19,month-to-month,fiber,96.03,1,0,1,1,0,8.5,0,0.46213351307543526,44.378681260634046
CUST-01853,Midwest,66,4,33,one-year,fiber,102.59,1,1,3,2,2,6.1,0,0.5483762614541025,56.257920662576375
CUST-01854,Midwest,23,3,12,month-to-month,dsl,76.93,0,0,0,0,0,7.8,1,0.4733439832684524,36.414352632842046
CUST-01855,West,76,2,8,two-year,dsl,65.77,1,1,1,3,0,5.6,1,0.3407150641372565,22.40882976830736
CUST-01856,Midwest,61,1,62,one-year,fiber,79.0,1,0,0,1,0,7.5,0,0.11426640334344375,9.027045864132056
CUST-01857,Northeast,36,1,27,two-year,none,52.17,0,0,0,5,0,4.1,0,0.5622025112058257,29.330105009607927
CUST-01858,South,46,5,43,month-to-month,dsl,115.2,1,0,2,1,0,7.3,0,0.3986419016906384,45.923547074761544
CUST-01859,South,49,5,38,month-to-month,dsl,127.48,0,1,3,1,0,8.5,0,0.5032510374421355,64.15444225312343
CUST-01860,South,62,5,53,one-year,fiber,90.27,1,1,0,0,2,7.2,0,0.2457294824982677,22.182000385118624
CUST-01861,West,40,5,54,month-to-month,fiber,129.85,0,1,4,1,1,6.3,1,0.7618942435293168,98.93196752228178
CUST-01862,Northeast,33,3,22,month-to-month,fiber,95.73,0,1,3,0,0,7.7,0,0.5835619940976053,55.86438969496376
CUST-01863,Midwest,25,1,62,one-year,dsl,87.99,1,1,3,1,0,7.7,0,0.07927015047652691,6.974980540429603
CUST-01864,South,44,1,27,two-year,fiber,97.88,1,0,0,3,0,7.5,0,0.24263750039893991,23.749358539048238
CUST-01865,Midwest,46,4,61,one-year,dsl,55.24,0,0,2,1,0,6.5,0,0.13822950399773248,7.635797800834743
CUST-01866,South,55,4,30,month-to-month,fiber,128.45,1,1,4,1,2,4.8,1,0.889408497868445,114.24452155120176
CUST-01867,Northeast,68,5,8,month-to-month,dsl,75.28,1,0,1,0,2,7.7,1,0.5362335839399169,40.36766419899695
CUST-01868,Northeast,30,2,55,one-year,dsl,74.92,1,1,2,1,0,9.4,0,0.042963517237368534,3.2188267114236506
CUST-01869,South,31,2,3,month-to-month,dsl,92.19,1,1,2,1,0,7.4,0,0.5641695841022883,52.01079395838996
CUST-01870,West,35,5,56,month-to-month,dsl,116.23,1,1,3,1,2,7.4,0,0.5039425208078566,58.57323919349718
CUST-01871,South,27,5,4,month-to-month,none,84.43,1,1,4,2,2,6.4,1,0.806166664867336,68.06465151474919
CUST-01872,West,26,2,15,month-to-month,fiber,88.25,0,1,0,0,2,8.0,1,0.7508409791220013,66.26171640751662
CUST-01873,West,65,5,44,month-to-month,dsl,78.38,1,1,0,1,1,7.0,0,0.4582923428893083,35.92095383566399
CUST-01874,Northeast,60,3,68,month-to-month,none,69.4,0,1,0,0,0,7.8,0,0.2580057500155254,17.905599051077463
CUST-01875,West,67,5,30,one-year,dsl,70.28,0,1,1,2,0,8.6,0,0.18868855802701673,13.261031858138736
CUST-01876,Midwest,52,1,9,month-to-month,fiber,102.05,1,1,1,1,0,8.6,0,0.5474628046391935,55.8685792134297
CUST-01877,Midwest,67,3,17,one-year,none,87.7,0,1,4,1,0,7.0,0,0.3281526292905957,28.778985588785243
CUST-01878,South,44,5,65,month-to-month,fiber,67.95,1,1,2,1,0,7.0,0,0.3523932818797395,23.9451235037283
CUST-01879,West,70,5,53,two-year,fiber,133.12,1,1,3,1,0,7.4,0,0.1381319469315353,18.38812477552598
CUST-01880,Northeast,52,3,8,month-to-month,fiber,84.41,1,1,2,3,0,5.4,1,0.8354517111987216,70.52047894228409
CUST-01881,Northeast,20,1,28,month-to-month,fiber,119.91,1,0,4,2,0,6.5,1,0.6703290614612869,80.37915775982292
CUST-01882,Northeast,28,5,20,month-to-month,fiber,115.45,1,1,1,0,0,8.0,0,0.4603196895668276,53.14390816049025
CUST-01883,West,48,1,13,month-to-month,fiber,107.27,1,1,3,4,0,5.2,1,0.8948006677856063,95.98526763336199
CUST-01884,Midwest,66,2,61,month-to-month,none,50.83,0,1,1,0,0,8.3,0,0.2367947111472328,12.036275167613843
CUST-01885,Midwest,26,5,45,two-year,fiber,104.39,0,0,1,1,0,6.1,0,0.24810499632250838,25.89968056610665
CUST-01886,Northeast,63,3,13,two-year,fiber,145.47,1,1,4,2,1,6.0,0,0.5231393536178954,76.10108177079525
CUST-01887,Northeast,71,2,47,month-to-month,none,49.79,1,1,0,1,1,7.9,0,0.3209261386784236,15.978912444798713
CUST-01888,West,28,1,30,month-to-month,dsl,43.89,0,1,1,1,1,8.8,0,0.423657192050643,18.594314159102723
CUST-01889,West,51,1,5,one-year,fiber,115.18,0,0,1,0,1,8.2,0,0.42370193542435464,48.80198892217717
CUST-01890,West,71,4,33,one-year,fiber,102.79,0,0,0,2,2,5.8,0,0.6887799200309945,70.79968797998593
CUST-01891,West,36,4,14,month-to-month,dsl,98.61,1,0,3,1,1,6.3,0,0.651187209910907,64.21357076931453
CUST-01892,Midwest,41,1,18,one-year,dsl,47.29,1,0,1,2,0,7.0,0,0.1832235696062719,8.664642606680598
CUST-01893,West,44,5,64,month-to-month,dsl,101.11,1,1,2,1,0,8.7,0,0.19775654679178303,19.995164446117183
CUST-01894,West,45,3,52,one-year,fiber,118.41,1,1,1,1,0,8.4,0,0.13764748149862724,16.29883828425245
CUST-01895,South,37,4,10,month-to-month,dsl,131.31,1,1,4,2,1,5.6,0,0.8406248462948123,110.3824485669718
CUST-01896,Northeast,49,4,62,month-to-month,dsl,80.51,0,1,2,0,2,7.7,0,0.44842296956017347,36.10253327928957
CUST-01897,Northeast,34,1,42,month-to-month,dsl,101.92,1,1,3,4,2,6.7,0,0.7698943720946233,78.467634403884
CUST-01898,Midwest,65,1,63,one-year,dsl,59.38,0,0,3,2,0,8.2,0,0.11044802171174256,6.558403529243273
CUST-01899,Northeast,58,4,54,month-to-month,dsl,109.59,0,1,4,1,0,8.5,0,0.3669149147390952,40.210205506257445
CUST-01900,Northeast,27,4,25,one-year,dsl,106.94,1,1,3,1,0,8.6,0,0.11482623410559449,12.279517475252275
CUST-01901,West,69,5,39,one-year,dsl,114.84,0,1,4,1,0,6.5,0,0.3137785279089028,36.0343261450584
CUST-01902,Midwest,33,5,39,one-year,dsl,110.2,0,1,3,2,0,6.4,0,0.3502926388119879,38.60224879708107
CUST-01903,South,49,3,52,month-to-month,dsl,59.03,1,1,0,1,0,9.1,0,0.1803212677756426,10.644364436796184
CUST-01904,South,74,3,18,month-to-month,fiber,84.37,1,1,0,1,0,7.2,0,0.6194899820823984,52.266369788291954
CUST-01905,South,58,3,24,month-to-month,dsl,86.56,1,1,3,2,0,5.3,0,0.7052184401172147,61.043708176546104
CUST-01906,Northeast,74,4,18,one-year,dsl,83.9,1,1,0,3,0,7.3,0,0.27708579990880566,23.247498612348796
CUST-01907,West,54,5,22,two-year,fiber,105.51,0,1,0,2,1,7.8,0,0.3851980265071002,40.64224377676415
CUST-01908,Midwest,66,1,12,month-to-month,fiber,108.75,1,0,3,0,0,8.0,0,0.5130338573502871,55.79243198684372
CUST-01909,West,45,3,3,two-year,dsl,82.99,0,1,1,1,0,8.1,0,0.19837938110013129,16.463504837499894
CUST-01910,South,28,3,68,month-to-month,dsl,90.58,1,1,1,5,0,4.6,0,0.7393142102158563,66.96708116135227
CUST-01911,Northeast,28,2,6,month-to-month,fiber,86.84,0,1,0,3,0,5.8,0,0.8878581883495349,77.10160507627361
CUST-01912,Northeast,53,5,64,month-to-month,fiber,116.72,0,0,1,0,1,6.0,0,0.6456100846147869,75.35560907623793
CUST-01913,West,26,3,1,one-year,fiber,105.23,0,1,4,0,0,7.2,0,0.4182189224135669,44.00917720557965
CUST-01914,West,44,1,56,month-to-month,none,80.39,1,1,2,5,0,6.6,0,0.6188260536076557,49.747426449519445
CUST-01915,West,45,4,24,month-to-month,dsl,94.78,0,0,4,2,0,3.8,1,0.8559621396998007,81.12809160074711
CUST-01916,Northeast,22,5,38,one-year,dsl,112.31,1,1,3,2,1,6.8,0,0.265551398242271,29.824077536589453
CUST-01917,South,68,1,21,month-to-month,fiber,94.14,1,1,1,3,0,6.0,1,0.814654177073836,76.69154422973092
CUST-01918,Northeast,22,3,36,month-to-month,dsl,101.48,1,0,0,0,1,8.4,0,0.3015362834301548,30.59990204249211
CUST-01919,Midwest,36,2,33,month-to-month,dsl,100.52,0,0,4,1,0,5.4,0,0.6972905665726149,70.09164775187925
CUST-01920,Northeast,69,1,39,month-to-month,none,102.29,0,1,4,1,1,6.4,0,0.7126539579225591,72.89737335589858
CUST-01921,South,20,3,29,month-to-month,fiber,75.45,1,1,0,2,0,6.5,0,0.6399730294935286,48.28596507528674
CUST-01922,Midwest,23,2,39,month-to-month,fiber,93.93,1,1,1,3,2,6.3,1,0.8189852290968367,76.92728256906588
CUST-01923,South,68,5,60,one-year,dsl,94.46,0,1,3,0,0,8.2,0,0.10524064807287802,9.941031616964057
CUST-01924,West,34,3,32,month-to-month,fiber,117.73,1,1,4,2,0,5.5,0,0.7598481947325573,89.45692796586397
CUST-01925,Northeast,72,4,27,one-year,dsl,87.65,0,1,4,2,1,6.5,0,0.4479389922923901,39.26185267442799
CUST-01926,West,27,5,10,month-to-month,dsl,71.49,1,0,1,2,1,6.1,1,0.6859010064909689,49.03506295403936
CUST-01927,Northeast,27,3,26,month-to-month,fiber,111.72,0,1,4,1,2,7.2,0,0.8190353762560619,91.50263223532724
CUST-01928,Midwest,52,4,10,month-to-month,fiber,113.35,0,1,3,1,0,7.1,1,0.7816195697340702,88.59657822935685
CUST-01929,Midwest,75,3,14,month-to-month,dsl,90.61,0,1,2,0,0,9.4,0,0.4056365960199642,36.754731965368954
CUST-01930,South,63,3,69,month-to-month,dsl,75.86,1,1,1,0,1,7.3,0,0.2839760820371218,21.542425583336062
CUST-01931,Northeast,54,2,7,month-to-month,fiber,94.1,0,0,4,2,1,6.0,0,0.8855208683982945,83.3275137162795
CUST-01932,West,33,5,35,two-year,fiber,130.92,1,1,4,4,0,5.8,0,0.43505629385846173,56.9575699919498
CUST-01933,West,22,2,61,two-year,dsl,116.39,1,1,4,1,0,7.7,0,0.06330825315457232,7.3684475846606725
CUST-01934,West,64,2,69,month-to-month,fiber,121.89,1,0,2,2,0,7.8,0,0.4159783014604683,50.70359516501649
CUST-01935,West,25,2,11,one-year,dsl,79.33,0,1,1,0,0,7.8,0,0.21491788440582157,17.049435769913824
CUST-01936,West,28,2,12,one-year,dsl,91.53,1,1,4,3,2,5.9,1,0.5932085737178094,54.2963807523911
CUST-01937,West,44,2,27,one-year,fiber,92.12,0,1,1,1,1,7.7,1,0.40058725194802247,36.90209764945183
CUST-01938,Northeast,39,4,40,month-to-month,dsl,98.45,1,1,3,3,1,5.3,0,0.7431652217012188,73.16461607648499
CUST-01939,West,69,4,70,month-to-month,fiber,115.15,0,0,2,1,0,7.9,0,0.4534554592743419,52.21539613544047
CUST-01940,Midwest,32,3,15,month-to-month,fiber,91.74,1,0,2,0,1,7.5,0,0.5656154192234294,51.88955855955741
CUST-01941,Northeast,57,2,12,month-to-month,dsl,61.18,0,0,1,2,2,5.4,1,0.8689356803584727,53.16148492433136
CUST-01942,Northeast,45,2,19,month-to-month,none,72.11,1,0,1,1,0,5.9,0,0.5368557301671116,38.71266670235042
CUST-01943,South,32,4,63,two-year,dsl,99.43,0,0,3,0,0,7.2,0,0.0800228946036808,7.956676410443982
CUST-01944,Midwest,76,4,3,two-year,fiber,102.42,0,1,1,1,0,7.5,0,0.36092406005472855,36.9658422308053
CUST-01945,West,65,3,28,month-to-month,dsl,94.59,1,0,3,5,0,5.3,1,0.812795444636415,76.8823211081585
CUST-01946,West,62,2,9,month-to-month,fiber,114.87,0,1,4,2,0,6.5,0,0.8639995949745354,99.24763347472488
CUST-01947,West,45,3,12,month-to-month,dsl,75.48,1,0,0,1,0,6.2,1,0.5576642565588009,42.092498085058295
CUST-01948,Midwest,30,3,67,month-to-month,dsl,129.71,1,0,4,3,0,6.3,1,0.5082115655794314,65.92012217130805
CUST-01949,Northeast,56,1,1,one-year,fiber,91.92,1,1,0,0,0,7.1,0,0.29714527186687834,27.313593390003458
CUST-01950,West,75,5,24,month-to-month,fiber,69.31,1,1,0,1,0,6.4,0,0.6041675835962342,41.87485521905499
CUST-01951,South,33,4,66,two-year,none,78.89,1,1,4,3,0,7.8,0,0.07344584763996877,5.794142920317136
CUST-01952,South,58,2,44,two-year,fiber,121.71,1,0,1,1,1,7.5,0,0.1941365420944369,23.628358538313915
CUST-01953,Midwest,69,5,6,one-year,dsl,110.48,0,1,3,1,0,8.0,0,0.3242855556941309,35.827068193087584
CUST-01954,South,45,4,34,one-year,dsl,88.91,1,0,0,1,1,8.9,0,0.11799357023984307,10.490808330024446
CUST-01955,Midwest,22,3,70,month-to-month,dsl,85.71,1,1,0,1,0,7.5,0,0.23018540588222525,19.729191138165525
CUST-01956,West,72,5,29,month-to-month,fiber,111.85,0,1,1,1,0,8.1,1,0.645309263613798,72.17784113520331
CUST-01957,South,24,2,39,month-to-month,fiber,93.12,0,1,2,1,0,7.6,0,0.6081837950404698,56.63407499416855
CUST-01958,South,63,2,39,one-year,fiber,110.53,0,1,1,2,1,6.2,0,0.610439565321057,67.47188515493643
CUST-01959,West,46,5,48,month-to-month,dsl,93.58,1,1,1,0,0,7.9,0,0.24735643786204206,23.147615455129895
CUST-01960,Northeast,61,1,14,one-year,none,102.38,0,0,4,4,0,5.3,1,0.6696900834414677,68.56287074273746
CUST-01961,West,60,5,61,month-to-month,dsl,71.25,1,0,0,3,0,7.0,0,0.3755432042811292,26.757453305030456
CUST-01962,South,30,5,72,month-to-month,fiber,91.54,1,1,0,3,0,7.3,0,0.461428954205828,42.2392064680015
CUST-01963,West,23,2,11,month-to-month,fiber,85.45,1,1,0,1,0,6.3,0,0.6829800545034296,58.36064565731806
CUST-01964,West,25,3,59,two-year,fiber,133.42,0,0,4,1,0,6.8,0,0.20265802750787193,27.03863403010027
CUST-01965,Northeast,30,5,59,month-to-month,none,79.6,1,0,2,1,0,7.2,0,0.24348518242834,19.381420521295862
CUST-01966,Midwest,69,2,54,month-to-month,fiber,129.9,1,1,4,0,0,7.3,1,0.4438409561729857,57.65494020687084
CUST-01967,South,23,2,27,month-to-month,fiber,135.18,0,0,4,1,2,6.6,1,0.8747931209481824,118.2545340897753
CUST-01968,Northeast,58,1,34,one-year,dsl,67.81,0,1,1,0,1,8.2,0,0.17091113905432714,11.589484339273923
CUST-01969,Midwest,40,2,61,two-year,dsl,110.67,0,1,3,5,2,6.1,0,0.5439711010450488,60.20128175265555
CUST-01970,Midwest,67,1,12,month-to-month,fiber,96.09,1,0,2,0,0,7.6,0,0.5262478468479324,50.56715560361782
CUST-01971,West,53,2,60,two-year,dsl,84.71,0,1,2,2,0,6.6,0,0.16428771783996557,13.916812578223482
CUST-01972,Midwest,63,3,67,month-to-month,fiber,95.24,0,1,2,0,0,8.2,0,0.3659278766231619,34.85097096958994
CUST-01973,Midwest,67,4,50,one-year,fiber,110.2,0,1,3,2,0,7.0,0,0.3686018571646241,40.61992465954158
CUST-01974,Midwest,72,5,25,month-to-month,fiber,95.04,0,0,1,2,0,5.3,1,0.8440318006876616,80.21678233735537
CUST-01975,Midwest,66,2,41,month-to-month,fiber,84.37,0,0,0,2,0,5.9,0,0.757635428400908,63.92170109418461
CUST-01976,Northeast,40,3,4,one-year,none,54.16,1,1,3,1,1,7.3,0,0.2351063445803131,12.733359622469756
CUST-01977,Midwest,73,1,68,month-to-month,dsl,103.22,1,1,4,0,0,8.8,0,0.16567415843691652,17.100886633858522
CUST-01978,Northeast,39,2,25,month-to-month,dsl,97.64,1,1,2,4,0,6.9,1,0.6727839572076064,65.6906255817507
CUST-01979,Midwest,53,2,5,one-year,fiber,100.14,0,0,0,1,2,6.2,1,0.7086547412676516,70.96468579054263
CUST-01980,South,32,5,58,two-year,dsl,84.4,1,1,0,0,2,7.2,0,0.09970209454526749,8.414856779620576
CUST-01981,West,66,5,48,month-to-month,none,68.44,1,1,2,5,1,5.8,0,0.7592729404013836,51.964640041070695
CUST-01982,South,24,2,45,one-year,fiber,115.78,1,0,4,1,0,7.4,0,0.18799083568659475,21.76557895579394
CUST-01983,Northeast,75,1,4,one-year,none,83.83,1,1,3,4,2,6.0,1,0.6896543809246601,57.813726752914256
CUST-01984,Northeast,46,1,55,month-to-month,dsl,102.27,0,1,1,1,0,7.1,1,0.486671594948484,49.77190401538146
CUST-01985,Northeast,68,3,46,two-year,dsl,119.32,1,0,3,1,0,7.9,0,0.07379939455827246,8.805743758693069
CUST-01986,West,47,5,58,month-to-month,fiber,83.87,1,1,0,2,0,6.6,0,0.5029713940336101,42.18421081759888
CUST-01987,West,26,3,60,one-year,dsl,83.8,0,1,2,1,0,8.6,0,0.09560077232698405,8.011344721001263
CUST-01988,West,24,2,16,month-to-month,fiber,113.6,1,1,4,3,0,5.0,1,0.8647724834799781,98.23815412332551
CUST-01989,Midwest,71,5,16,month-to-month,none,81.97,0,0,3,2,0,6.4,0,0.7229147134585904,59.25731906220065
CUST-01990,Northeast,54,3,67,month-to-month,none,52.44,0,1,0,0,0,8.7,1,0.17950336442964235,9.413156430690444
CUST-01991,Northeast,26,2,39,month-to-month,fiber,87.94,1,1,1,1,0,7.3,0,0.4565436724445176,40.148450554770875
CUST-01992,Midwest,39,5,32,two-year,none,55.68,1,1,0,1,0,7.8,0,0.06615053204724558,3.6832616243906338
CUST-01993,Midwest,52,5,21,two-year,none,84.01,1,0,2,0,0,9.3,0,0.04289045167230808,3.603226844990602
CUST-01994,South,45,2,47,month-to-month,dsl,104.76,1,0,1,1,0,7.9,0,0.32790021646386563,34.350826676754565
CUST-01995,Midwest,22,5,55,month-to-month,fiber,115.57,0,1,4,0,0,8.6,0,0.38437915468466427,44.422698906906646
CUST-01996,South,48,3,1,month-to-month,fiber,123.0,1,1,1,0,0,9.1,0,0.5258817535209966,64.68345568308258
CUST-01997,Northeast,28,2,40,month-to-month,fiber,83.36,1,0,0,1,0,6.2,0,0.5175527596639273,43.14319804558498
CUST-01998,Midwest,36,5,72,month-to-month,fiber,100.52,0,1,2,2,0,6.3,0,0.6200324493325379,62.3256618069067
CUST-01999,South,58,1,21,two-year,none,89.65,1,0,3,0,1,7.4,0,0.1365793502519072,12.244338750083482
CUST-02000,South,59,2,21,one-year,fiber,84.86,1,1,3,1,0,8.1,1,0.21357220698817841,18.12373748501682
CUST-02001,West,22,2,64,month-to-month,dsl,115.6,0,1,4,0,0,8.7,0,0.26912763307891524,31.1111543839226
CUST-02002,South,48,5,5,month-to-month,dsl,88.89,1,0,1,0,0,5.8,1,0.5965680746907253,53.02893615925857
CUST-02003,West,33,5,29,one-year,dsl,75.97,1,1,2,2,0,5.9,0,0.25618044006819274,19.4620280319806
CUST-02004,Northeast,44,1,33,month-to-month,fiber,96.33,1,1,2,0,0,6.2,0,0.5518521399808644,53.15991664435666
CUST-02005,Midwest,66,1,58,month-to-month,dsl,66.31,1,1,0,1,1,6.5,0,0.433450237354029,28.742085238945663
CUST-02006,Midwest,42,5,10,month-to-month,dsl,96.53,1,1,0,2,2,6.5,0,0.7941142964289019,76.6558530342819
CUST-02007,Northeast,53,3,32,month-to-month,dsl,94.72,1,1,3,1,1,8.7,0,0.3759210791778131,35.60724461972246
CUST-02008,Midwest,19,2,11,month-to-month,fiber,105.8,0,1,1,2,0,5.5,0,0.8817297544275275,93.28700801843242
CUST-02009,Midwest,47,1,57,one-year,dsl,98.42,1,0,3,1,0,10.0,0,0.0407129000815191,4.00696362602311
CUST-02010,Northeast,64,3,46,month-to-month,fiber,114.13,1,1,4,1,0,7.9,0,0.4354246211372945,49.695012010399424
CUST-02011,West,56,1,36,one-year,dsl,80.45,1,0,1,1,0,8.3,0,0.0958621855750231,7.712112829510609
CUST-02012,South,75,3,29,month-to-month,fiber,117.37,1,0,3,1,0,8.1,0,0.5214063819948972,61.19746705474109
CUST-02013,Midwest,65,1,12,two-year,fiber,104.7,1,1,1,4,0,4.9,0,0.6173566691905237,64.63724326424783
CUST-02014,Northeast,25,2,67,month-to-month,dsl,97.74,1,1,3,4,0,5.3,0,0.6128837538615582,59.9032581024287
CUST-02015,Northeast,21,1,47,month-to-month,fiber,74.72,1,0,0,3,0,5.4,1,0.6628537390495056,49.52843138177906
CUST-02016,South,35,1,23,month-to-month,none,58.28,1,0,1,2,0,7.5,0,0.4438318850618651,25.8665222614055
CUST-02017,Northeast,66,4,30,month-to-month,none,80.08,1,0,2,1,1,6.4,0,0.5440864226884243,43.57044072888902
CUST-02018,Northeast,68,4,53,month-to-month,fiber,104.86,0,0,2,0,1,7.3,1,0.5719737810637315,59.97717068234289
CUST-02019,Midwest,61,3,52,one-year,fiber,67.1,0,1,0,4,0,5.3,0,0.5587785345701082,37.494039669654256
CUST-02020,Midwest,60,5,34,month-to-month,fiber,121.26,1,1,4,4,0,7.1,1,0.7498481398725682,90.92658544094762
CUST-02021,West,58,5,22,month-to-month,none,66.54,0,0,0,2,0,6.1,1,0.6962285403735246,46.32704707645433
CUST-02022,Midwest,36,1,48,month-to-month,dsl,98.7,0,1,4,2,0,5.7,0,0.6941193590883944,68.50958074202453
CUST-02023,Midwest,58,2,48,one-year,fiber,76.41,0,0,1,0,0,8.5,0,0.1287008472677892,9.83403173973177
CUST-02024,Midwest,56,4,44,two-year,fiber,100.51,1,1,3,0,1,8.1,0,0.10784372231866761,10.839372530249282
CUST-02025,West,22,3,6,one-year,fiber,93.19,1,1,3,1,0,9.1,0,0.1813336475467945,16.89848261488578
CUST-02026,South,73,2,35,one-year,dsl,90.05,1,1,2,1,0,8.1,0,0.13324102911814925,11.99835467208934
CUST-02027,Midwest,63,3,45,one-year,fiber,106.19,1,0,2,0,2,8.1,0,0.20864540953103805,22.15605603810093
CUST-02028,Midwest,31,3,69,one-year,fiber,112.24,1,1,0,3,0,7.5,0,0.19802642065011777,22.226485453769218
CUST-02029,Northeast,35,3,38,month-to-month,dsl,113.27,0,1,4,1,3,6.9,0,0.799380427652075,90.54582104015053
CUST-02030,West,58,3,25,one-year,fiber,113.15,0,1,0,0,0,8.8,0,0.23613378490549963,26.718537762057284
CUST-02031,South,32,1,41,one-year,dsl,91.91,0,0,3,0,0,8.7,0,0.10880821288473244,10.00056284623576
CUST-02032,South,66,4,13,month-to-month,dsl,55.41,0,1,0,1,0,6.9,0,0.637962788766618,35.349518125558305
CUST-02033,Northeast,46,1,7,one-year,none,117.51,1,1,3,2,0,6.2,0,0.41410052354388605,48.66095252164205
CUST-02034,South,23,3,49,month-to-month,fiber,89.95,0,1,1,2,1,6.3,0,0.78419912472801,70.5387112692845
CUST-02035,Midwest,59,3,72,month-to-month,none,50.11,1,1,2,2,0,5.1,0,0.4228578791783878,21.189408325629014
CUST-02036,West,74,1,61,month-to-month,fiber,81.77,1,1,0,2,1,6.0,0,0.6602902257641929,53.991931760738055
CUST-02037,South,37,2,43,one-year,dsl,62.45,0,1,1,4,0,5.6,0,0.4740178915941489,29.602417330054603
CUST-02038,Midwest,75,2,3,two-year,fiber,97.14,1,0,2,1,1,8.7,0,0.2086890403663734,20.27205338118951
CUST-02039,West,61,2,72,month-to-month,dsl,83.77,1,0,3,0,0,7.9,0,0.15758847698187273,13.201186716771478
CUST-02040,Midwest,61,2,33,month-to-month,fiber,117.33,1,1,2,1,0,9.0,0,0.42783817668065877,50.198253269941695
CUST-02041,Northeast,39,2,21,month-to-month,none,72.26,1,0,1,3,0,6.8,0,0.5709268477970852,41.25517402181738
CUST-02042,Midwest,48,3,65,month-to-month,none,77.92,1,1,2,1,0,6.0,0,0.3631541213976676,28.29696913930626
CUST-02043,Midwest,31,1,54,two-year,fiber,86.91,1,1,1,1,1,8.6,0,0.08966300413310348,7.792611689208023
CUST-02044,South,54,1,54,month-to-month,dsl,98.64,1,1,2,2,0,7.9,0,0.3788158638236133,37.366396807561216
CUST-02045,West,69,3,20,month-to-month,dsl,72.62,0,0,2,1,0,5.7,0,0.6969677556260541,50.61379841356405
CUST-02046,Northeast,56,2,72,month-to-month,fiber,91.32,1,1,1,2,1,7.3,1,0.4793351318905818,43.772884244247926
CUST-02047,West,70,3,33,two-year,dsl,85.33,1,1,1,1,1,8.9,0,0.0854661954455365,7.2928304573676295
CUST-02048,Midwest,27,1,39,month-to-month,dsl,72.0,0,1,2,0,1,5.6,0,0.6539243191570544,47.08255097930792
CUST-02049,Midwest,54,2,55,one-year,dsl,77.34,0,1,2,1,1,6.3,0,0.28239434238395145,21.840378439974806
CUST-02050,Midwest,35,2,48,month-to-month,fiber,127.23,0,0,4,2,1,7.3,0,0.7471961944860135,95.0657718244555
CUST-02051,West,51,1,13,month-to-month,none,91.11,0,1,2,2,0,6.5,1,0.7719698443479015,70.3341725185373
CUST-02052,South,24,3,22,one-year,fiber,76.42,0,0,2,1,1,8.6,0,0.29183571055677343,22.302085000748626
CUST-02053,West,40,1,27,month-to-month,dsl,75.44,1,1,2,3,1,7.0,0,0.6565684123843798,49.53152103027761
CUST-02054,Northeast,40,5,69,one-year,fiber,140.48,1,0,4,2,1,7.8,0,0.19546275284196846,27.458607519239727
CUST-02055,West,49,1,52,month-to-month,fiber,102.9,1,0,1,1,0,8.5,0,0.33313075188723196,34.27915436919617
CUST-02056,West,62,1,27,one-year,fiber,91.98,1,0,1,0,1,7.4,0,0.24057989323097695,22.12853857938526
CUST-02057,South,52,3,53,one-year,fiber,105.78,0,0,1,2,1,6.5,1,0.46821535622219557,49.52782038118385
CUST-02058,Midwest,71,1,54,one-year,dsl,102.8,1,1,3,0,0,10.0,0,0.041128207371176735,4.227979717756968
CUST-02059,South,35,4,29,month-to-month,dsl,103.82,0,1,3,1,1,6.7,1,0.7263138263239658,75.40590144895413
CUST-02060,South,40,2,30,one-year,dsl,106.02,0,0,2,2,0,8.0,0,0.26924169714653035,28.545004731475146
CUST-02061,Midwest,46,1,65,two-year,dsl,97.9,1,0,1,1,1,7.4,0,0.07817838387765069,7.6536637816220034
CUST-02062,Northeast,54,4,41,month-to-month,fiber,89.19,1,1,3,1,3,6.0,1,0.791244099261226,70.57106121310875
CUST-02063,Northeast,68,1,11,month-to-month,fiber,74.62,1,0,1,0,1,6.9,1,0.6231575461503894,46.50001609374206
CUST-02064,Midwest,53,4,52,one-year,dsl,102.13,1,1,4,1,0,8.3,0,0.08584971144979273,8.767831030367331
CUST-02065,West,75,4,43,month-to-month,dsl,65.08,1,0,3,0,1,8.9,0,0.21415069389956012,13.936927158983373
CUST-02066,Northeast,46,2,37,one-year,dsl,103.75,1,1,2,2,0,7.7,0,0.16689624241843098,17.315485150912213
CUST-02067,South,49,4,53,one-year,fiber,74.18,1,1,1,1,2,7.6,0,0.23796214376726813,17.65203182465595
CUST-02068,South,59,1,66,month-to-month,dsl,95.31,0,0,3,1,0,6.2,0,0.5127821062682967,48.873262548431356
CUST-02069,Midwest,26,5,24,one-year,fiber,96.24,0,1,3,1,1,7.3,0,0.423837022535091,40.790075048777155
CUST-02070,West,27,5,31,one-year,dsl,79.53,1,1,4,4,0,6.3,0,0.3232611426896406,25.70895867810712
CUST-02071,Midwest,38,1,14,month-to-month,fiber,131.27,1,1,3,1,0,6.7,0,0.7249308836110961,95.1616770916286
CUST-02072,Midwest,22,3,47,two-year,dsl,97.11,0,1,3,0,2,8.0,0,0.1519010031762879,14.751106418449318
CUST-02073,Northeast,42,3,29,month-to-month,fiber,123.22,0,1,0,2,1,5.8,0,0.8852007843159873,109.07444064341595
CUST-02074,West,38,4,25,month-to-month,dsl,90.72,0,1,0,3,1,5.5,0,0.8650336467664951,78.47585243465643
CUST-02075,West,55,2,51,two-year,fiber,100.0,1,1,3,1,0,8.5,0,0.08019315678088207,8.019315678088207
CUST-02076,South,76,2,30,month-to-month,dsl,43.32,0,0,0,0,0,9.2,0,0.2709547002896043,11.737757616545657
CUST-02077,Midwest,51,2,34,one-year,fiber,109.37,1,1,4,2,0,8.6,0,0.20054946870304255,21.934095392051766
CUST-02078,Northeast,75,5,32,month-to-month,dsl,133.86,0,1,4,1,0,7.1,0,0.6461263797811431,86.49047719750382
CUST-02079,Midwest,54,3,19,month-to-month,fiber,105.44,0,0,2,1,0,7.7,1,0.6783958878193758,71.53006241167498
CUST-02080,West,55,4,10,month-to-month,fiber,105.96,0,0,3,2,0,7.2,0,0.79215640668049,83.93689285186471
CUST-02081,Northeast,68,1,60,one-year,dsl,76.2,1,0,2,2,0,7.8,0,0.08783085784339287,6.692711367666536
CUST-02082,West,52,1,7,one-year,fiber,130.73,0,1,4,3,0,6.6,0,0.7050685482732234,92.17361131575849
CUST-02083,West,76,5,24,two-year,fiber,92.18,1,0,0,1,0,9.0,0,0.09388729936735371,8.654531255682665
CUST-02084,Midwest,55,1,49,two-year,dsl,81.67,1,0,1,3,1,5.9,0,0.22880418985862636,18.686438185754014
CUST-02085,West,38,4,10,one-year,dsl,114.69,1,0,3,0,1,7.1,0,0.2546725561559431,29.20839546552511
CUST-02086,Northeast,43,1,48,one-year,dsl,111.22,0,1,3,2,0,7.3,0,0.25862064649915406,28.763788303635913
CUST-02087,South,56,3,53,month-to-month,fiber,103.58,1,0,1,1,1,7.0,0,0.5590478817760904,57.906179594367444
CUST-02088,Midwest,35,5,48,two-year,dsl,77.95,0,0,4,1,0,9.3,0,0.04998885146560817,3.896630971744157
CUST-02089,South,61,3,22,one-year,dsl,68.79,1,0,2,2,0,6.9,0,0.21833129415276248,15.019009724768532
CUST-02090,Northeast,18,2,2,two-year,fiber,115.94,1,1,4,3,0,7.7,0,0.3210402098779922,37.22140193325441
CUST-02091,West,61,1,64,month-to-month,dsl,90.6,1,0,1,0,0,8.5,0,0.16196801138558942,14.6743018315344
CUST-02092,West,19,2,24,month-to-month,fiber,139.68,1,1,3,3,0,5.1,1,0.8676864709919261,121.19844626815224
CUST-02093,Midwest,27,5,58,one-year,none,90.97,1,0,1,2,0,7.8,0,0.09273650833169204,8.436240162934025
CUST-02094,Midwest,76,3,15,month-to-month,dsl,76.57,1,0,0,0,0,7.4,1,0.39306348625984794,30.096871142916555
CUST-02095,Northeast,67,3,12,month-to-month,fiber,122.79,0,1,3,0,0,9.9,0,0.5107038423256548,62.709324799167156
CUST-02096,Northeast,62,4,57,two-year,fiber,84.58,1,1,3,0,1,7.4,0,0.09259432655639835,7.831628140140173
CUST-02097,West,73,3,68,month-to-month,fiber,87.15,0,1,1,0,1,6.7,1,0.5750092247698035,50.11205393868838
CUST-02098,Northeast,59,3,62,month-to-month,fiber,95.85,0,0,3,1,1,5.0,0,0.7548645384937958,72.35376601463032
CUST-02099,West,24,1,55,month-to-month,dsl,90.64,1,1,4,0,0,7.3,0,0.2586274470503303,23.44199180064194
CUST-02100,Northeast,68,3,18,month-to-month,dsl,85.59,1,1,1,3,0,7.0,1,0.628005331491559,53.75097632236254
CUST-02101,South,32,2,66,one-year,dsl,69.28,1,1,2,1,1,6.7,0,0.1323134837055651,9.16667815112155
CUST-02102,West,54,2,49,two-year,fiber,74.33,1,1,1,2,0,7.7,0,0.11420123631701022,8.48857789544337
CUST-02103,Northeast,71,2,13,two-year,dsl,102.72,1,1,2,3,0,7.0,0,0.25974621333937453,26.681131034220552
CUST-02104,Northeast,58,1,10,one-year,fiber,129.37,1,1,4,4,1,5.1,0,0.7944965780267055,102.7840222993149
CUST-02105,Midwest,20,3,63,one-year,fiber,119.66,1,0,3,0,0,8.3,0,0.07868702401730937,9.415689293911239
CUST-02106,Midwest,65,1,20,month-to-month,none,60.11,1,1,0,3,2,5.0,1,0.8620596956180547,51.81840830360127
CUST-02107,West,66,3,56,two-year,fiber,103.31,0,1,3,1,0,8.4,0,0.1288280755285627,13.309228482855813
CUST-02108,South,25,5,10,month-to-month,dsl,79.11,1,1,2,1,0,5.8,0,0.6261888518028195,49.53780006612105
CUST-02109,Midwest,74,5,21,month-to-month,none,74.19,1,0,0,0,0,8.7,0,0.2565390970934228,19.032635613361037
CUST-02110,Midwest,29,5,21,two-year,fiber,103.12,1,0,3,0,1,7.5,0,0.16191555896884602,16.696732440867404
CUST-02111,Northeast,21,1,21,two-year,none,102.75,0,0,1,2,0,7.1,0,0.24431456723822256,25.103321783727367
CUST-02112,Midwest,51,5,49,month-to-month,dsl,121.52,0,1,4,1,1,7.4,0,0.6030905269968952,73.2875608406627
CUST-02113,West,58,5,66,one-year,dsl,112.08,0,1,4,5,1,5.3,0,0.6162315084324298,69.06722746510673
CUST-02114,Northeast,23,2,66,month-to-month,fiber,162.11,0,0,3,1,0,9.1,0,0.42253618567753165,68.49734106018467
CUST-02115,West,27,2,54,month-to-month,fiber,134.9,1,0,3,3,1,5.8,0,0.7822850652884156,105.53025530740726
CUST-02116,Northeast,57,1,15,month-to-month,fiber,86.62,0,0,1,1,1,5.8,0,0.8464191678828662,73.31682832201388
CUST-02117,West,22,5,70,month-to-month,fiber,75.53,0,1,0,1,1,8.9,0,0.36857333972515044,27.838344349440614
CUST-02118,South,67,3,40,month-to-month,fiber,78.39,1,1,0,0,2,7.9,0,0.5481980683362372,42.973246576877635
CUST-02119,Midwest,34,2,40,month-to-month,dsl,92.51,0,0,2,1,0,7.4,0,0.4814750208209779,44.54125417614866
CUST-02120,West,68,1,51,month-to-month,dsl,65.34,0,1,1,0,2,9.3,0,0.37498380394289754,24.501441749628928
CUST-02121,Midwest,62,3,56,month-to-month,fiber,112.29,1,1,4,1,3,5.6,1,0.8143129818500248,91.43920473193928
CUST-02122,South,37,5,69,two-year,dsl,83.07,1,1,1,1,0,7.8,0,0.04401469515312134,3.6563007263697895
CUST-02123,South,65,2,42,one-year,none,82.1,1,1,1,0,1,7.2,0,0.16259252699746027,13.348846466491487
CUST-02124,South,30,4,44,two-year,dsl,127.54,1,0,4,2,0,7.2,0,0.1300044552533575,16.580768223013216
CUST-02125,Northeast,46,2,54,month-to-month,dsl,99.57,1,0,4,0,0,6.8,0,0.2842554091600742,28.303311090068586
CUST-02126,Midwest,75,5,19,one-year,dsl,87.39,0,0,1,1,1,7.4,0,0.3363967234461164,29.39770966195611
CUST-02127,West,71,4,23,two-year,fiber,63.39,1,1,0,0,0,8.4,0,0.08272655006418816,5.244036008568888
CUST-02128,Northeast,72,5,46,month-to-month,fiber,102.97,1,1,0,4,0,5.8,1,0.7687978443682818,79.16311403460197
CUST-02129,West,26,4,5,month-to-month,none,58.73,1,0,2,0,0,6.0,0,0.49286485824303244,28.945953124613293
CUST-02130,West,36,3,24,month-to-month,dsl,108.1,1,1,4,3,0,7.1,0,0.6255831049492784,67.62553364501699
CUST-02131,Midwest,22,1,52,month-to-month,dsl,77.64,0,1,1,0,0,7.6,0,0.3447954412677646,26.769918060029244
CUST-02132,South,71,2,71,month-to-month,none,58.35,0,1,0,2,0,9.1,0,0.27576664554385283,16.090983767483813
CUST-02133,Midwest,65,2,38,month-to-month,fiber,83.57,1,1,1,2,1,6.3,1,0.7198548320942988,60.15826831812055
CUST-02134,West,70,5,29,month-to-month,fiber,75.78,1,0,0,1,0,6.9,0,0.5186769007362383,39.30533553779214
CUST-02135,South,24,3,32,one-year,dsl,72.17,0,1,2,0,1,8.0,0,0.1926238082403905,13.901660240708981
CUST-02136,Midwest,38,3,50,month-to-month,fiber,89.31,1,1,2,0,1,6.7,0,0.499923262074512,44.648146535874666
CUST-02137,South,60,5,40,month-to-month,dsl,111.04,1,1,3,1,3,7.9,1,0.6425776420367995,71.35182137176622
CUST-02138,Midwest,39,5,2,one-year,dsl,70.58,1,1,0,3,0,5.9,1,0.42264538370853644,29.830311182148503
CUST-02139,South,35,4,39,month-to-month,dsl,75.26,0,1,2,0,1,6.8,0,0.5661080938050417,42.60529513976744
CUST-02140,South,73,2,29,month-to-month,fiber,94.07,1,1,0,2,0,7.7,0,0.6119892097414152,57.56982496037493
CUST-02141,West,50,1,51,month-to-month,dsl,94.71,1,0,2,0,0,8.3,0,0.20913664533047194,19.807331679248996
CUST-02142,Northeast,62,3,64,month-to-month,fiber,150.82,1,1,4,3,1,6.4,0,0.7519613385749122,113.41080908386826
CUST-02143,West,64,5,70,month-to-month,none,101.24,1,0,3,1,1,6.1,0,0.43387629412906853,43.92563601762689
CUST-02144,Northeast,55,3,44,month-to-month,fiber,81.97,1,0,4,1,2,7.9,0,0.5194599607769764,42.580132984888756
CUST-02145,West,62,5,27,month-to-month,dsl,92.93,0,0,0,0,0,6.9,1,0.5333456155615333,49.56380805413329
CUST-02146,West,75,1,32,two-year,fiber,118.85,1,1,3,1,0,6.3,0,0.25876600020080054,30.754339123865144
CUST-02147,West,47,1,13,two-year,fiber,137.85,0,1,4,2,0,7.4,0,0.44834948997112917,61.804977192520155
CUST-02148,West,69,3,68,month-to-month,fiber,113.15,1,0,3,1,0,7.4,0,0.37172877469187926,42.061110856386144
CUST-02149,West,22,2,62,month-to-month,fiber,134.12,1,1,3,1,0,7.3,0,0.4525108980585722,60.6907616476157
CUST-02150,Northeast,22,1,62,month-to-month,fiber,83.1,1,0,0,1,0,8.2,0,0.25595753306559454,21.270070997750906
CUST-02151,West,41,5,24,two-year,dsl,95.19,1,1,3,1,1,7.4,0,0.1525262790703216,14.518976504703913
CUST-02152,West,47,2,24,one-year,dsl,88.39,0,0,4,0,1,6.4,0,0.33328049063893994,29.458662567575903
CUST-02153,Midwest,37,2,62,month-to-month,fiber,69.72,1,1,1,0,0,7.8,0,0.2478667107200709,17.281267071403345
CUST-02154,Midwest,71,3,40,month-to-month,dsl,113.8,1,1,2,1,1,7.6,1,0.504146437121922,57.37186454447472
CUST-02155,West,19,5,51,month-to-month,dsl,82.89,0,1,2,0,0,8.0,0,0.30510383705984473,25.29005705389053
CUST-02156,West,24,1,36,two-year,dsl,56.57,0,1,0,1,1,7.2,0,0.17308142537467727,9.791216233445493
CUST-02157,West,55,2,32,two-year,fiber,101.41,1,1,0,0,2,10.0,0,0.10550133179589939,10.698890057422156
CUST-02158,West,22,4,46,month-to-month,fiber,51.37,0,0,1,2,1,8.0,0,0.5496924124890658,28.237699229563308
CUST-02159,West,29,4,59,one-year,none,45.17,0,0,0,0,1,6.9,0,0.12768764088248352,5.767650738661781
CUST-02160,West,69,1,25,month-to-month,fiber,84.73,0,0,2,3,1,4.7,0,0.9245677265805006,78.33862347316581
CUST-02161,West,66,1,59,one-year,fiber,109.82,1,1,0,2,0,8.5,1,0.1534807894105429,16.85526029306582
CUST-02162,Midwest,64,4,18,two-year,dsl,64.02,1,1,0,3,2,7.3,0,0.2995309286590441,19.175970052752003
CUST-02163,Midwest,38,2,30,month-to-month,fiber,109.38,1,1,3,1,0,8.9,0,0.417253722254011,45.63921214014372
CUST-02164,Midwest,28,1,66,month-to-month,dsl,81.49,1,1,1,1,1,6.9,0,0.3661878434841855,29.840647365526273
CUST-02165,South,37,5,69,one-year,fiber,113.53,0,0,1,1,0,7.5,0,0.1945195832112847,22.083808281977152
CUST-02166,Midwest,28,4,67,month-to-month,dsl,96.04,1,0,1,0,0,6.5,0,0.2516751532386052,24.17088171703564
CUST-02167,Midwest,32,3,23,one-year,none,90.66,0,1,2,1,2,7.3,0,0.42951081674324815,38.93945064594288
CUST-02168,Northeast,67,3,61,month-to-month,none,73.29,1,0,2,1,1,6.7,0,0.36575507160211335,26.80618919771889
CUST-02169,West,32,5,68,two-year,none,77.93,0,1,0,3,0,5.8,0,0.2037863690666803,15.881071741366396
CUST-02170,South,30,4,71,month-to-month,dsl,55.92,0,0,0,0,1,8.4,0,0.2341193666369941,13.09195498234071
CUST-02171,South,33,3,2,month-to-month,fiber,99.35,1,0,2,2,0,6.9,0,0.7389346699710394,73.41315946162275
CUST-02172,West,26,3,54,month-to-month,none,58.29,0,0,2,0,0,8.6,0,0.2095180658941758,12.212808060971506
CUST-02173,Midwest,69,3,72,month-to-month,none,109.3,1,1,3,2,0,6.9,0,0.38762184814481654,42.36706800222845
CUST-02174,Northeast,72,2,56,month-to-month,dsl,59.36,1,0,0,0,0,8.6,0,0.13734922939302302,8.153050256769847
CUST-02175,South,30,3,17,one-year,fiber,107.98,1,1,0,0,1,7.0,0,0.3514585675719291,37.95049612641691
CUST-02176,South,66,4,55,month-to-month,fiber,109.21,0,0,2,1,1,6.2,0,0.7469782258759623,81.57749204791384
CUST-02177,Midwest,34,4,8,month-to-month,dsl,102.37,1,1,4,3,1,6.6,0,0.7802672980383757,79.87596330018852
CUST-02178,South,42,2,35,month-to-month,dsl,87.62,1,1,1,4,1,7.2,1,0.7009711218030535,61.41908969238356
CUST-02179,South,77,5,46,month-to-month,fiber,71.6,0,1,0,0,0,8.3,0,0.428326768352997,30.66819661407458
CUST-02180,Midwest,55,2,33,two-year,fiber,118.97,1,0,2,1,0,7.9,0,0.13777528416453386,16.391125557054593
CUST-02181,Midwest,66,4,51,two-year,dsl,86.56,1,0,2,1,0,9.3,0,0.03360561539489139,2.908902068581799
CUST-02182,Northeast,43,3,18,month-to-month,fiber,128.8,1,1,3,3,0,6.3,1,0.8089035314110855,104.18677484574782
CUST-02183,Midwest,55,5,44,one-year,none,55.63,1,1,0,0,1,7.5,0,0.10263102072087324,5.709363682702179
CUST-02184,West,34,4,47,one-year,fiber,84.84,1,0,3,0,1,8.2,0,0.11542676066520416,9.792806374835921
CUST-02185,Midwest,62,4,46,two-year,fiber,124.29,0,1,1,1,0,8.0,0,0.19429447506008055,24.14886030521741
CUST-02186,West,77,4,21,month-to-month,fiber,83.54,1,0,0,1,1,6.2,0,0.718177962581124,59.996586994027105
CUST-02187,Midwest,27,1,22,month-to-month,dsl,109.06,0,1,4,3,3,5.6,1,0.9382884207340082,102.32973516525094
CUST-02188,Northeast,50,5,19,month-to-month,dsl,39.09,1,1,2,2,2,4.9,0,0.7727353854216679,30.206226216133
CUST-02189,South,34,4,34,two-year,fiber,102.43,1,0,1,2,0,7.1,0,0.1902600791844831,19.488339910866603
CUST-02190,South,56,1,43,one-year,fiber,122.83,1,1,4,1,1,7.5,0,0.3029339072652752,37.20937182939375
CUST-02191,Midwest,45,2,27,month-to-month,fiber,98.21,1,1,3,2,0,7.0,1,0.6446187755989203,63.308009951569964
CUST-02192,Northeast,42,1,30,month-to-month,fiber,95.97,0,1,1,1,1,5.3,0,0.8525379280886206,81.81806495866492
CUST-02193,Northeast,41,1,21,one-year,dsl,99.48,1,1,4,2,0,7.4,0,0.2238932971808929,22.272905203555226
CUST-02194,Northeast,48,3,16,two-year,fiber,117.35,0,1,2,1,0,8.4,0,0.24179061560415316,28.374128741147373
CUST-02195,Northeast,30,4,48,month-to-month,dsl,63.6,1,1,1,0,0,9.4,0,0.12000161447157723,7.632102680392312
CUST-02196,South,35,4,59,one-year,fiber,97.66,1,0,2,0,0,9.8,0,0.047402201634019606,4.629299011578355
CUST-02197,West,22,5,21,month-to-month,fiber,116.65,0,1,0,0,0,7.9,0,0.6183459573427311,72.13005592402959
CUST-02198,South,43,1,62,month-to-month,fiber,88.93,1,0,4,2,1,9.0,0,0.3677758963055444,32.706310458452066
CUST-02199,West,54,4,42,month-to-month,fiber,95.3,1,0,1,2,3,5.6,1,0.8510139684671321,81.10163119491769
CUST-02200,Midwest,55,2,13,one-year,fiber,84.32,1,1,2,1,0,7.2,1,0.2864322205917245,24.15196484029421
CUST-02201,Midwest,30,1,27,two-year,fiber,99.55,1,0,0,2,0,7.4,0,0.18766577881061372,18.682128280596594
CUST-02202,South,66,5,1,month-to-month,fiber,114.52,1,1,4,0,2,8.3,1,0.7308425581333651,83.69608975743297
CUST-02203,South,42,1,3,month-to-month,none,55.19,1,1,1,0,0,8.7,1,0.3333957848489202,18.400113365811904
CUST-02204,South,66,2,25,month-to-month,fiber,111.79,0,0,3,1,0,5.2,1,0.8476868928503155,94.76291775173678
CUST-02205,South,67,3,33,month-to-month,fiber,98.97,0,1,1,2,0,5.9,1,0.8288293061323261,82.02923642791632
CUST-02206,West,18,2,58,month-to-month,fiber,91.21,0,1,2,0,1,8.3,0,0.45325373488339243,41.34127315871422
CUST-02207,Northeast,20,1,10,month-to-month,dsl,83.58,0,1,2,1,0,6.5,0,0.6862747905279724,57.358846992327926
CUST-02208,West,50,2,61,month-to-month,none,59.42,0,1,1,2,1,6.4,0,0.6038714398005238,35.88204095294713
CUST-02209,West,68,4,17,month-to-month,dsl,55.51,1,0,2,0,0,8.4,0,0.25629168828087684,14.226751616471473
CUST-02210,Northeast,40,1,10,month-to-month,dsl,109.78,1,1,2,3,1,6.6,1,0.7910533697137199,86.84183892717216
CUST-02211,South,54,1,51,one-year,dsl,99.5,0,1,1,2,0,7.9,0,0.2257842478274794,22.465532658834203
CUST-02212,Midwest,54,2,56,month-to-month,fiber,58.77,1,0,0,0,0,9.2,0,0.16080574776685488,9.450553796258061
CUST-02213,South,63,5,44,one-year,dsl,101.93,1,1,0,5,0,6.3,1,0.41802230078883074,42.60901311940552
CUST-02214,Northeast,70,1,9,two-year,dsl,98.92,0,0,2,2,0,6.0,0,0.3917235634220307,38.74929489370727
CUST-02215,South,52,4,9,one-year,fiber,83.74,1,0,1,0,1,8.7,0,0.20348640547716404,17.039951594657715
CUST-02216,West,64,2,29,month-to-month,fiber,92.95,0,0,1,0,1,8.6,0,0.570902310632088,53.06536977325258
CUST-02217,South,54,3,33,month-to-month,fiber,104.11,1,1,3,0,2,8.0,0,0.6077682714143942,63.27475473695257
CUST-02218,West,37,2,72,one-year,fiber,114.56,1,1,3,6,0,6.3,0,0.4470288257781864,51.21162228114904
CUST-02219,South,52,5,21,month-to-month,dsl,95.97,0,1,4,0,1,7.8,0,0.6030883722332324,57.87839108322331
CUST-02220,Midwest,62,3,14,month-to-month,fiber,147.33,0,0,3,3,1,5.8,1,0.9401838166704121,138.51728171005183
CUST-02221,West,71,1,69,month-to-month,dsl,104.49,1,1,2,1,1,6.5,0,0.45999452370864774,48.0648277823166
CUST-02222,Midwest,24,2,12,month-to-month,none,75.98,0,1,4,2,0,8.6,0,0.5578141570591953,42.38271965335767
CUST-02223,South,38,2,2,month-to-month,fiber,145.67,1,0,4,1,0,6.6,1,0.7839726445447522,114.20129513083405
CUST-02224,West,25,5,31,one-year,fiber,102.9,1,1,1,2,0,7.3,0,0.2679232332922056,27.569300705767954
CUST-02225,Northeast,28,1,29,month-to-month,dsl,72.64,0,0,0,5,0,4.8,0,0.8710421006843967,63.272498193714576
CUST-02226,Northeast,31,2,45,month-to-month,dsl,114.01,1,1,4,2,0,5.8,1,0.5789646602614908,66.00776091641258
CUST-02227,Northeast,72,1,64,one-year,fiber,131.2,1,1,4,0,1,9.0,0,0.11261849657617472,14.775546750794122
CUST-02228,Midwest,41,1,68,month-to-month,fiber,105.53,0,0,4,0,0,8.3,1,0.3391973131786799,35.79549245974609
CUST-02229,South,73,5,21,one-year,dsl,105.03,1,0,2,0,3,7.9,1,0.3112847813912323,32.69424058952113
CUST-02230,Northeast,48,4,71,month-to-month,none,84.39,1,1,4,1,1,6.7,0,0.34812700839106386,29.37843823812188
CUST-02231,Northeast,19,5,46,month-to-month,fiber,132.6,1,1,3,1,0,8.1,0,0.4179433499947791,55.41928820930771
CUST-02232,Northeast,41,5,6,two-year,fiber,105.69,0,0,3,0,1,7.7,0,0.29144142171041715,30.802443860573987
CUST-02233,South,61,5,68,month-to-month,none,69.94,0,0,3,2,0,7.2,0,0.41116123558489004,28.75661681680721
CUST-02234,Midwest,55,3,10,month-to-month,fiber,101.85,1,1,1,1,0,8.8,0,0.5153949126215119,52.492971850500986
CUST-02235,South,40,3,43,two-year,fiber,108.71,1,1,3,1,0,5.7,0,0.23368760160808805,25.40417917081525
CUST-02236,South,25,2,57,one-year,dsl,98.75,0,1,4,1,0,8.6,0,0.11999791144562391,11.84979375525536
CUST-02237,West,63,1,18,one-year,fiber,125.57,1,1,4,0,3,9.8,0,0.31352641302280243,39.3695116832733
CUST-02238,Northeast,49,5,20,month-to-month,fiber,131.94,1,1,2,2,1,8.3,1,0.6859842587684437,90.50876310190846
CUST-02239,West,65,2,35,month-to-month,dsl,67.72,0,0,0,2,0,7.4,0,0.5454151248365053,36.93551225392814
CUST-02240,Northeast,34,4,64,one-year,dsl,77.32,1,0,3,1,0,9.0,0,0.03679218955889596,2.8447720966938355
CUST-02241,West,27,5,17,month-to-month,fiber,126.41,1,1,1,2,0,6.2,0,0.7724678434287785,97.64766008783188
CUST-02242,West,39,2,48,month-to-month,fiber,98.85,1,1,1,0,0,8.3,0,0.31581534878292755,31.218347227192385
CUST-02243,South,32,1,33,one-year,dsl,65.4,1,0,0,1,0,7.8,0,0.10828018539920409,7.081524125107948
CUST-02244,Northeast,48,2,9,month-to-month,dsl,74.6,1,0,0,2,1,6.3,0,0.6934582246321531,51.73198355755862
CUST-02245,Northeast,48,5,52,month-to-month,dsl,74.79,1,0,2,1,0,8.4,0,0.1896633372569805,14.184920993449573
CUST-02246,South,25,1,60,month-to-month,dsl,88.24,1,1,1,1,0,7.4,0,0.302082022019046,26.655717622960616
CUST-02247,South,46,2,42,month-to-month,dsl,116.74,0,1,1,2,0,5.1,0,0.8048055784030094,93.95300322276731
CUST-02248,South,41,1,13,one-year,none,56.22,1,1,2,2,0,7.7,0,0.20237005097319466,11.377244265713003
CUST-02249,Northeast,49,4,12,two-year,dsl,68.0,1,0,2,3,1,6.5,0,0.2694225094024226,18.32073063936474
CUST-02250,West,63,1,31,month-to-month,fiber,117.29,1,1,2,0,1,8.5,0,0.513699067610075,60.2517636399857
CUST-02251,South,45,2,37,month-to-month,none,72.8,0,0,2,3,0,5.8,1,0.7408598957967034,53.93460041400001
CUST-02252,Northeast,34,2,40,month-to-month,none,101.54,0,1,4,1,1,5.5,1,0.74940766902644,76.09485471294472
CUST-02253,South,72,1,18,month-to-month,fiber,101.28,0,0,1,1,0,6.4,1,0.7998099754079246,81.0047543093146
CUST-02254,Midwest,63,5,37,month-to-month,fiber,62.26,1,1,0,3,1,5.4,0,0.7875284097903066,49.031518793544485
CUST-02255,Northeast,75,2,22,two-year,dsl,121.26,1,1,4,2,2,5.9,0,0.442428834966014,53.64892052797886
CUST-02256,South,31,5,50,month-to-month,fiber,75.49,1,1,0,2,0,6.5,1,0.540741170479097,40.82055095946703
CUST-02257,West,54,3,58,month-to-month,dsl,118.93,0,0,3,0,1,8.3,0,0.40082059668967585,47.66959356430315
CUST-02258,Midwest,63,1,47,two-year,dsl,68.47,1,0,1,1,0,6.7,0,0.0814391368756991,5.576137701879118
CUST-02259,South,71,1,1,month-to-month,fiber,151.29,0,1,4,4,0,6.4,1,0.951439922165669,143.94334582444404
CUST-02260,West,29,1,72,two-year,fiber,111.94,1,1,0,1,2,6.3,0,0.22182528413621136,24.831122306207497
CUST-02261,South,33,2,2,month-to-month,none,53.24,0,1,0,1,0,7.0,0,0.6684411350034626,35.58780602758435
CUST-02262,Northeast,75,3,72,month-to-month,fiber,113.54,1,1,2,2,1,6.7,1,0.5833698152075752,66.2358088186681
CUST-02263,Northeast,51,1,3,two-year,dsl,87.27,1,1,2,2,0,7.1,0,0.21230238687035566,18.52762930217594
CUST-02264,Northeast,27,2,38,month-to-month,fiber,125.32,0,1,3,3,0,6.8,0,0.8000085728708116,100.25707435217011
CUST-02265,South,29,1,8,month-to-month,fiber,112.52,0,1,3,0,0,7.8,1,0.7070676636116416,79.55925350958191
CUST-02266,South,77,5,7,month-to-month,dsl,112.92,1,1,4,0,0,8.0,0,0.478386213979689,54.019371282586484
CUST-02267,Northeast,71,2,50,one-year,fiber,116.08,0,1,3,3,0,4.4,0,0.6691029892014912,77.6694749865091
CUST-02268,South,31,5,53,one-year,dsl,95.05,1,0,1,1,0,8.3,0,0.07426845323467918,7.059216479956255
CUST-02269,Northeast,51,2,9,month-to-month,dsl,84.86,0,1,0,1,1,8.7,0,0.6097189142539858,51.74074706359324
CUST-02270,West,60,3,71,one-year,fiber,91.63,0,0,1,2,1,6.4,0,0.3536419214862013,32.40420926578063
CUST-02271,Midwest,44,3,24,one-year,fiber,138.09,0,0,4,1,0,8.2,0,0.33854323165817274,46.74943485967707
CUST-02272,South,36,1,23,month-to-month,dsl,88.48,1,0,3,2,1,6.0,0,0.7063423837670517,62.49717411570874
CUST-02273,West,60,4,22,month-to-month,dsl,103.96,1,1,3,2,0,7.9,1,0.5050442692198295,52.50440222809347
CUST-02274,West,22,5,34,month-to-month,dsl,67.23,0,1,1,2,0,7.2,0,0.5482259714384132,36.857232059804524
CUST-02275,West,30,5,13,month-to-month,dsl,100.14,1,0,2,1,0,7.2,0,0.48777751324919016,48.846040176773904
CUST-02276,Northeast,19,3,31,month-to-month,fiber,127.5,0,0,3,1,0,6.9,0,0.6960665150485555,88.74848066869083
CUST-02277,Midwest,71,4,16,month-to-month,fiber,129.71,1,0,4,2,2,7.1,1,0.8364892748279547,108.501023837934
CUST-02278,Northeast,26,3,4,month-to-month,dsl,106.83,0,0,2,1,0,7.3,0,0.6588784099827906,70.38798053846152
CUST-02279,Midwest,70,1,27,month-to-month,dsl,69.08,1,0,0,1,0,6.4,0,0.4812347546404024,33.243696850559
CUST-02280,Midwest,42,4,49,one-year,dsl,112.87,0,0,4,2,0,5.7,0,0.3523786720708582,39.77298071663777
CUST-02281,Northeast,24,3,55,month-to-month,fiber,99.46,1,1,4,1,0,8.1,0,0.3253722797909822,32.36152694801109
CUST-02282,West,52,2,26,two-year,fiber,87.02,1,1,0,3,0,6.1,0,0.33957486037130596,29.549804349511042
CUST-02283,Northeast,37,1,24,two-year,dsl,73.98,1,0,1,0,0,8.5,0,0.04825504548958545,3.569908265319532
CUST-02284,Northeast,46,2,57,one-year,fiber,119.33,1,0,4,0,0,9.0,0,0.07017490552275546,8.373971476030409
CUST-02285,South,76,3,50,two-year,fiber,136.64,0,0,4,0,1,6.9,0,0.28765719450239713,39.30547905680754
CUST-02286,West,55,4,60,two-year,dsl,131.49,0,0,4,1,0,6.7,0,0.15377111240498006,20.21936357013083
CUST-02287,South,19,2,66,month-to-month,fiber,105.19,1,1,4,0,2,9.1,0,0.34146605035203875,35.91881383653096
CUST-02288,Northeast,23,1,60,one-year,fiber,108.19,1,1,0,1,0,7.5,0,0.13983989236722533,15.129277955210108
CUST-02289,Northeast,64,2,68,month-to-month,fiber,107.24,1,1,0,3,1,7.1,0,0.6193183896070169,66.41570410145648
CUST-02290,West,58,1,30,one-year,none,77.35,1,1,2,1,0,10.0,0,0.06656489781035661,5.148794845631084
CUST-02291,Midwest,47,3,29,month-to-month,fiber,124.39,1,0,3,1,1,7.5,1,0.6356968756254977,79.07433435905565
CUST-02292,Northeast,65,3,24,month-to-month,fiber,96.93,1,1,2,3,0,5.7,1,0.7942895768845208,76.99048868741662
CUST-02293,Midwest,31,4,17,month-to-month,fiber,92.24,1,1,1,1,1,7.4,0,0.6509222958655347,60.04107257063692
CUST-02294,Northeast,31,1,54,two-year,fiber,98.02,1,0,1,2,0,7.2,0,0.12079040549794094,11.839875546908171
CUST-02295,Midwest,42,4,52,month-to-month,fiber,117.68,0,1,3,0,1,7.7,0,0.5902703527815771,69.463015115336
CUST-02296,West,65,4,58,month-to-month,dsl,102.34,1,0,4,1,2,7.7,0,0.43343425097646965,44.357661244931904
CUST-02297,West,76,5,13,month-to-month,fiber,107.38,1,1,4,2,1,7.5,1,0.7538056669127755,80.94365251309382
CUST-02298,Northeast,33,5,36,month-to-month,fiber,79.94,0,0,0,1,0,5.5,1,0.705010962338464,56.35857632933681
CUST-02299,South,55,4,16,two-year,fiber,82.37,1,1,0,2,1,8.2,0,0.2417588461274515,19.913676155518182
CUST-02300,Midwest,44,5,65,one-year,fiber,79.21,1,0,1,2,1,7.3,0,0.1731850928477404,13.717991204469515
CUST-02301,Northeast,70,2,20,month-to-month,fiber,130.1,0,1,3,0,1,7.1,0,0.7937058741362362,103.26113422512432
CUST-02302,West,66,1,11,month-to-month,dsl,96.97,1,1,0,0,0,8.8,0,0.363449900856345,35.24373688603977
CUST-02303,Midwest,28,1,42,month-to-month,dsl,111.02,0,1,3,0,1,6.7,0,0.6216015933592565,69.01020889474465
CUST-02304,Northeast,59,5,64,month-to-month,dsl,133.98,0,1,2,2,0,5.8,0,0.6692578206264281,89.66716280752884
CUST-02305,West,19,1,66,one-year,fiber,120.88,1,0,3,1,1,8.6,0,0.12362501290491429,14.943791559946039
CUST-02306,Midwest,48,1,7,one-year,dsl,125.19,1,1,4,0,0,8.5,0,0.16782785293278052,21.010368908654794
CUST-02307,Northeast,34,4,24,month-to-month,dsl,88.72,1,0,2,2,0,8.4,0,0.3627087567772687,32.17952090127928
CUST-02308,Midwest,40,2,12,one-year,fiber,103.74,0,1,3,5,1,4.6,0,0.8905026996167319,92.38075005823977
CUST-02309,South,37,3,23,month-to-month,fiber,106.63,1,0,2,1,0,7.8,0,0.5322785988156199,56.75686699170955
CUST-02310,South,51,1,39,one-year,dsl,91.74,0,1,3,0,2,8.0,0,0.279299208664033,25.62290940283839
CUST-02311,West,68,3,21,month-to-month,fiber,91.83,1,1,1,2,0,7.4,1,0.6403762869906313,58.80575443434967
CUST-02312,Northeast,49,5,5,one-year,fiber,76.29,0,1,0,2,3,6.9,0,0.7355443439104979,56.114677996931896
CUST-02313,South,69,3,37,month-to-month,dsl,57.54,1,1,0,0,1,8.3,0,0.30849517291361633,17.750812249449485
CUST-02314,South,76,2,4,two-year,fiber,119.24,0,0,3,2,1,6.9,0,0.5910766209720412,70.47997628470618
CUST-02315,South,31,1,17,month-to-month,none,93.62,0,1,3,1,0,5.6,1,0.776414498848755,72.68792538222044
CUST-02316,South,67,4,1,month-to-month,fiber,133.41,1,0,2,1,1,8.1,1,0.7440002443014788,99.25707259226029
CUST-02317,Midwest,31,4,7,month-to-month,fiber,105.69,1,0,3,0,0,6.0,0,0.6656833242028685,70.35607053500117
CUST-02318,South,24,4,32,month-to-month,fiber,88.26,1,1,2,1,0,6.4,0,0.591675887194242,52.221313803763806
CUST-02319,Midwest,30,1,62,month-to-month,fiber,84.92,1,1,1,0,0,7.5,0,0.2948192578488367,25.036051376523215
CUST-02320,Midwest,42,2,56,one-year,none,90.61,0,1,2,2,0,7.9,0,0.17912581453124607,16.230590054676206
CUST-02321,Northeast,28,1,8,one-year,dsl,69.31,0,1,1,1,0,7.4,0,0.27758537098462055,19.23944206294405
CUST-02322,South,53,4,3,month-to-month,none,94.76,1,0,4,4,2,7.1,1,0.8544637907610702,80.96898881251902
CUST-02323,Midwest,53,2,25,one-year,dsl,99.08,0,0,3,2,0,5.9,1,0.4358112897598571,43.18018258940664
CUST-02324,South,60,2,47,one-year,fiber,78.0,1,1,3,1,0,6.9,0,0.19544942818186617,15.245055398185562
CUST-02325,Midwest,72,3,54,month-to-month,fiber,131.43,1,0,3,1,1,5.3,0,0.7319898004839666,96.20541947760773
CUST-02326,West,28,1,60,month-to-month,fiber,115.11,1,1,3,1,0,6.5,0,0.5043778562067216,58.05893502795572
CUST-02327,Midwest,76,4,25,month-to-month,none,85.49,1,1,3,6,0,4.2,1,0.9040721583115016,77.28912881405026
CUST-02328,South,67,3,13,month-to-month,fiber,109.18,0,0,2,1,0,8.6,0,0.6639524973924824,72.49033366531124
CUST-02329,Midwest,21,3,2,one-year,fiber,114.03,1,1,4,0,1,9.1,0,0.2340109068325538,26.68426370611611
CUST-02330,West,55,4,11,two-year,fiber,107.81,1,1,0,1,0,8.1,0,0.18449267697889993,19.8901555050952
CUST-02331,Northeast,33,4,5,one-year,dsl,94.72,1,1,3,1,0,7.6,0,0.1999285836908828,18.93723544720042
CUST-02332,Midwest,22,1,62,month-to-month,fiber,102.79,1,1,2,0,0,8.8,0,0.22680033343678146,23.312806273966768
CUST-02333,Northeast,58,1,20,one-year,dsl,59.4,1,1,0,0,2,9.1,0,0.13000346733094467,7.722205959458114
CUST-02334,West,21,5,60,one-year,dsl,49.83,0,0,3,0,1,7.4,0,0.10155348430684222,5.060410123009947
CUST-02335,Midwest,28,5,40,month-to-month,dsl,95.82,1,1,0,0,0,7.6,0,0.29358064229866077,28.130897145057673
CUST-02336,West,59,2,39,one-year,fiber,108.3,0,1,3,1,1,7.0,0,0.44437602885609895,48.125923925115515
CUST-02337,Midwest,23,1,33,month-to-month,fiber,93.38,1,1,2,2,0,5.4,1,0.7302396358343776,68.18977719421417
CUST-02338,South,63,4,59,month-to-month,fiber,138.09,0,1,3,1,1,8.1,1,0.6574561686089009,90.78812232320313
CUST-02339,Northeast,19,5,4,month-to-month,dsl,108.51,1,1,3,0,0,7.6,0,0.4485447357034145,48.67158927117751
CUST-02340,Midwest,36,1,7,month-to-month,none,70.6,0,0,1,2,0,6.5,0,0.7339057143437726,51.81374343267034
CUST-02341,West,33,1,31,two-year,dsl,109.82,0,0,3,1,0,9.0,0,0.10419774123479741,11.442995942405451
CUST-02342,Northeast,27,2,29,month-to-month,fiber,105.73,0,1,1,0,0,7.4,0,0.6041278896603278,63.874441773786465
CUST-02343,Northeast,49,4,40,month-to-month,fiber,123.84,0,1,3,0,0,9.0,0,0.44484189991673107,55.08922088568798
CUST-02344,Midwest,31,3,54,month-to-month,dsl,59.86,1,1,0,2,0,5.4,0,0.48115660191658494,28.802034190726776
CUST-02345,Midwest,27,3,43,month-to-month,fiber,95.17,0,1,0,0,1,8.1,1,0.5540337162869372,52.72738877902781
CUST-02346,South,41,3,19,month-to-month,dsl,110.97,0,1,3,0,2,6.9,0,0.7828737495882337,86.8754999918063
CUST-02347,Northeast,47,5,24,month-to-month,dsl,58.49,0,1,0,0,0,6.4,0,0.5229970393950548,30.59009683421676
CUST-02348,South,55,2,55,one-year,fiber,81.82,1,1,4,3,1,5.5,0,0.454345808999223,37.174574092316426
CUST-02349,Midwest,23,1,15,month-to-month,fiber,96.23,0,1,0,0,0,8.0,0,0.6163356689087086,59.309981419085034
CUST-02350,Northeast,29,3,37,one-year,fiber,114.17,0,1,2,0,0,7.3,0,0.26632110810925225,30.40588091283333
CUST-02351,Midwest,21,3,39,month-to-month,fiber,120.45,1,1,4,3,1,6.5,0,0.7769314178900087,93.58138928485155
CUST-02352,West,65,2,55,one-year,dsl,93.68,1,1,3,2,0,6.7,0,0.1733692254068981,16.241229036118213
CUST-02353,Northeast,51,5,52,one-year,fiber,108.29,1,1,3,1,0,6.4,0,0.2125193977451788,23.013725581825415
CUST-02354,Northeast,32,1,34,month-to-month,fiber,103.4,0,1,3,2,0,7.6,0,0.6829754189012066,70.61965831438476
CUST-02355,Midwest,49,1,23,month-to-month,fiber,110.73,1,0,3,3,0,6.7,1,0.7429637580993893,82.26837693434538
CUST-02356,West,66,1,27,two-year,fiber,73.23,1,0,0,0,0,6.8,0,0.1323111067251576,9.689142345483292
CUST-02357,Northeast,63,5,30,month-to-month,dsl,104.27,1,1,1,3,1,6.8,0,0.6937951135518389,72.34201649005024
CUST-02358,West,73,5,16,one-year,dsl,77.28,0,1,0,2,0,7.2,0,0.35380467775169555,27.342025496651033
CUST-02359,South,31,5,46,month-to-month,fiber,96.52,0,1,1,0,0,7.5,0,0.5190837416843288,50.10196274737142
CUST-02360,Northeast,27,1,16,month-to-month,fiber,99.11,1,0,1,0,1,7.5,0,0.5709578614453655,56.587633647850176
CUST-02361,South,63,1,47,month-to-month,fiber,111.84,0,0,3,3,0,7.4,0,0.7376342602409928,82.49701566535263
CUST-02362,South,73,2,55,two-year,fiber,133.76,1,1,4,2,0,7.6,0,0.17664237211239364,23.62768369375377
CUST-02363,South,28,3,70,month-to-month,fiber,127.52,0,1,2,0,1,8.9,0,0.43734258683391014,55.76992667306022
CUST-02364,Midwest,60,2,9,one-year,none,67.9,0,1,0,2,3,6.8,1,0.6679874329183929,45.356346695158884
CUST-02365,Northeast,52,4,55,one-year,fiber,89.8,0,1,3,1,1,7.6,0,0.26374249020604795,23.684075620503105
CUST-02366,West,71,4,7,month-to-month,fiber,105.98,0,1,2,3,0,5.5,1,0.9193913150364783,97.43709156756597
CUST-02367,South,29,4,25,month-to-month,fiber,113.04,1,1,3,0,0,8.2,1,0.4504056964523827,50.913859926977345
CUST-02368,West,38,2,13,month-to-month,dsl,85.44,0,0,1,0,0,8.8,1,0.4110356663444377,35.11888733246876
CUST-02369,West,55,1,12,month-to-month,fiber,98.43,1,1,2,2,2,6.6,1,0.8573561941301449,84.38957018823017
CUST-02370,South,69,2,13,one-year,none,67.09,0,1,3,2,0,8.8,1,0.252323829799052,16.9284057412184
CUST-02371,Northeast,67,1,4,month-to-month,fiber,120.83,1,1,3,0,0,9.0,1,0.49888880685500137,60.28073453228981
CUST-02372,West,46,5,60,month-to-month,dsl,76.53,1,1,1,2,0,5.9,0,0.4403425536473346,33.69941563063052
CUST-02373,Midwest,40,5,5,one-year,dsl,79.2,1,1,2,0,0,8.0,0,0.13578576153279504,10.754232313397367
CUST-02374,South,29,5,29,one-year,fiber,116.44,1,0,4,0,0,9.1,0,0.11091715866796151,12.915193955297438
CUST-02375,Northeast,42,4,51,month-to-month,fiber,66.92,0,0,0,1,1,5.7,1,0.6907710571976478,46.22639914766659
CUST-02376,South,77,1,72,one-year,fiber,102.35,1,1,1,1,1,7.5,0,0.18752043399331014,19.19271641921529
CUST-02377,Midwest,31,3,62,month-to-month,dsl,77.68,1,1,2,2,0,6.2,0,0.40382800736801716,31.369359612347576
CUST-02378,Midwest,74,4,10,one-year,dsl,106.73,1,1,4,4,0,6.3,1,0.5056097304370466,53.96372652954599
CUST-02379,Northeast,34,1,72,month-to-month,fiber,118.36,0,0,4,1,0,6.5,0,0.5485444115344228,64.92571654921429
CUST-02380,West,25,5,48,month-to-month,fiber,102.51,1,1,2,2,0,7.9,0,0.451709277248312,46.304718010724464
CUST-02381,South,61,5,13,month-to-month,fiber,105.75,0,0,2,1,0,6.8,1,0.7765083185590672,82.11575468762136
CUST-02382,Northeast,45,5,33,one-year,fiber,101.57,1,0,2,1,1,8.2,0,0.19384267861383347,19.688600866807064
CUST-02383,Midwest,61,2,67,one-year,dsl,65.21,0,0,2,1,0,6.3,0,0.1537396848919631,10.025364851804913
CUST-02384,Midwest,77,2,29,month-to-month,fiber,118.64,0,1,3,0,0,7.6,0,0.6523086816643748,77.38990199266144
CUST-02385,West,26,4,14,two-year,fiber,107.3,1,0,2,0,0,7.3,0,0.15126104746349298,16.230310392832795
CUST-02386,Northeast,50,4,64,two-year,dsl,55.13,1,0,2,3,1,7.6,0,0.07695852360662173,4.242723406433056
CUST-02387,South,33,2,69,month-to-month,dsl,82.8,1,0,4,4,0,5.2,0,0.592743264366826,49.07914228957319
CUST-02388,South,47,2,71,one-year,dsl,86.86,1,1,0,1,1,7.6,0,0.109461970816748,9.507866785142731
CUST-02389,Midwest,33,2,69,month-to-month,fiber,118.56,1,0,4,1,0,7.9,0,0.31649758357739577,37.523953508936046
CUST-02390,West,29,4,63,two-year,none,81.02,1,0,3,3,1,5.9,0,0.166714527552597,13.507211022311408
CUST-02391,Northeast,49,1,33,month-to-month,dsl,89.24,1,1,2,4,1,4.6,1,0.8497433435763253,75.83109598075127
CUST-02392,Midwest,43,3,14,month-to-month,fiber,114.96,0,1,2,5,0,5.3,0,0.948156429325733,109.00006311528625
CUST-02393,South,64,2,45,month-to-month,fiber,127.05,0,1,2,0,0,6.1,1,0.7305533363881763,92.8168013881178
CUST-02394,South,47,4,16,month-to-month,none,85.98,1,1,2,0,0,9.3,0,0.27607283089008666,23.736741999929652
CUST-02395,West,54,4,35,one-year,dsl,77.12,0,1,1,3,1,6.2,0,0.49253761292448156,37.98450070873602
CUST-02396,Midwest,60,5,48,month-to-month,dsl,88.51,1,1,3,2,0,5.7,0,0.5420931292263763,47.98066286782657
CUST-02397,Northeast,21,2,69,month-to-month,dsl,57.98,0,1,1,2,0,6.5,0,0.4263439563444003,24.719422588848328
CUST-02398,South,45,1,21,month-to-month,dsl,100.81,0,1,3,2,0,7.3,0,0.7076456569064788,71.33775867274214
CUST-02399,Midwest,49,2,19,two-year,dsl,84.37,0,0,2,2,0,6.4,0,0.2868231986640916,24.19927327128941
CUST-02400,Northeast,56,2,53,one-year,none,77.15,1,0,1,2,0,5.6,0,0.19429497282571206,14.989857153503687
CUST-02401,Midwest,20,1,1,month-to-month,fiber,144.82,1,0,4,1,1,7.2,1,0.7903579818261922,114.45964292806914
CUST-02402,South,24,3,41,month-to-month,fiber,81.37,0,1,1,0,0,8.5,0,0.4276364007513417,34.79677392913668
CUST-02403,Northeast,68,4,54,month-to-month,dsl,87.84,0,1,3,0,0,8.1,1,0.3095252907528978,27.188701539734545
CUST-02404,West,63,2,40,two-year,fiber,106.99,0,0,1,2,0,7.5,0,0.25500135798928186,27.282595291273264
CUST-02405,South,43,2,28,one-year,dsl,75.02,0,1,1,1,0,8.5,0,0.17859290358020452,13.398039626586943
CUST-02406,South,18,3,60,one-year,dsl,104.51,1,1,2,3,0,8.2,0,0.12871361379015914,13.451859777209531
CUST-02407,Northeast,33,1,27,two-year,dsl,88.55,1,1,4,2,1,4.7,0,0.3539864286410669,31.345498256166472
CUST-02408,Northeast,56,4,52,month-to-month,dsl,111.64,0,0,1,1,0,6.1,0,0.572372171149901,63.89962918717495
CUST-02409,Northeast,58,2,34,one-year,fiber,100.37,1,1,0,2,0,7.5,0,0.25717305741289076,25.812459772531845
CUST-02410,Midwest,67,4,2,month-to-month,dsl,97.96,1,0,0,0,0,8.3,0,0.40540843314680586,39.7138101110611
CUST-02411,South,51,4,39,month-to-month,fiber,64.1,0,0,2,2,1,5.1,0,0.8361043548425703,53.59428914540875
CUST-02412,South,64,4,4,month-to-month,dsl,102.42,0,1,3,0,0,7.1,0,0.6812632312947908,69.77498014921248
CUST-02413,Midwest,32,3,68,month-to-month,none,82.67,1,0,3,2,1,8.3,0,0.27524628217708524,22.754610147579637
CUST-02414,South,26,1,44,two-year,fiber,56.91,0,1,1,1,0,7.3,0,0.16305570088627486,9.279499937437901
CUST-02415,South,38,1,27,month-to-month,fiber,119.04,0,0,4,0,1,7.8,0,0.695820621829884,82.8304868226294
CUST-02416,South,68,1,36,one-year,fiber,70.89,0,1,0,3,0,8.2,0,0.35556392410725046,25.205926579962984
CUST-02417,West,71,1,45,one-year,dsl,79.35,1,0,2,0,0,8.5,0,0.06151711123702095,4.881382776657612
CUST-02418,West,22,5,19,one-year,fiber,132.52,0,1,4,1,0,8.4,1,0.33720824277197525,44.686836332142164
CUST-02419,South,29,1,21,two-year,fiber,115.65,1,0,4,1,0,8.4,0,0.14182260039455,16.401783735629706
CUST-02420,South,21,3,31,month-to-month,none,97.46,1,1,3,2,1,6.4,0,0.6701574113753432,65.31354131264095
CUST-02421,South,63,3,19,month-to-month,fiber,95.22,1,0,1,2,1,6.4,1,0.7868098671640855,74.92003555136422
CUST-02422,Northeast,67,4,55,month-to-month,dsl,122.77,1,1,3,3,0,7.5,0,0.47628287557093896,58.47324863384417
CUST-02423,Midwest,73,1,8,month-to-month,dsl,80.84,0,1,1,1,1,7.0,0,0.7646447015266984,61.813877671418304
CUST-02424,Midwest,28,1,60,two-year,fiber,104.55,0,1,1,3,0,5.6,0,0.3802587284400419,39.75605005840638
CUST-02425,South,49,5,26,month-to-month,fiber,106.52,0,0,2,0,0,8.8,0,0.4977881694176521,53.0243958063683
CUST-02426,South,44,4,41,month-to-month,none,75.48,1,1,3,0,0,5.5,0,0.45881134478675045,34.631080304503925
CUST-02427,West,76,4,12,month-to-month,dsl,58.94,1,1,1,1,0,9.0,0,0.3191587643460233,18.811217570554614
CUST-02428,Northeast,74,1,28,month-to-month,fiber,126.46,1,1,4,1,0,7.4,0,0.6068684806443042,76.74458806227871
CUST-02429,West,68,4,55,one-year,dsl,124.23,1,1,4,0,0,8.5,0,0.07420831370520896,9.218898811598109
CUST-02430,Midwest,30,4,20,month-to-month,fiber,116.97,0,1,1,0,0,7.9,0,0.6294960423816169,73.63215207737774
CUST-02431,West,38,5,10,one-year,fiber,102.72,0,1,1,1,0,8.8,0,0.30480879710295267,31.309959638415297
CUST-02432,Midwest,64,1,38,one-year,dsl,78.26,0,1,0,2,0,7.3,1,0.2708948282037408,21.200229255224755
CUST-02433,West,54,3,12,one-year,fiber,103.78,1,0,2,1,2,7.4,1,0.4419277232235079,45.863259116135644
CUST-02434,Midwest,53,1,23,month-to-month,fiber,112.62,0,0,0,4,0,4.8,0,0.9319503990828994,104.95625394471614
CUST-02435,Midwest,22,2,33,one-year,dsl,100.95,1,1,4,1,0,7.3,0,0.15564723260026503,15.712588130996755
CUST-02436,South,42,2,41,month-to-month,fiber,86.16,0,1,4,1,0,7.9,0,0.5652693473215049,48.703606965220864
CUST-02437,West,76,1,47,month-to-month,fiber,154.8,1,1,4,0,1,8.1,0,0.5550863483795418,85.92736672915308
CUST-02438,South,45,2,49,one-year,fiber,90.67,0,0,1,2,2,8.1,0,0.40085528091221334,36.345548320310385
CUST-02439,Midwest,71,5,61,one-year,dsl,75.75,1,1,3,2,0,6.6,0,0.13656094041222977,10.344491236226405
CUST-02440,South,42,5,5,month-to-month,dsl,87.58,0,1,2,4,0,4.6,1,0.9232411542069004,80.85746028544034
CUST-02441,West,68,3,27,two-year,none,71.52,1,1,1,2,2,7.1,0,0.25145046838826995,17.983737499129067
CUST-02442,West,67,3,1,month-to-month,fiber,111.19,1,1,2,1,0,7.5,1,0.6918056745067569,76.9218729484063
CUST-02443,Northeast,55,5,1,one-year,dsl,89.0,1,0,0,2,0,6.3,0,0.3373174087771637,30.02124938116757
CUST-02444,Midwest,66,3,16,two-year,dsl,107.64,0,0,4,1,0,7.2,0,0.23022739852670573,24.781677177414604
CUST-02445,Midwest,20,3,44,month-to-month,fiber,95.64,1,0,0,1,0,8.2,0,0.35193259810578503,33.65883368283728
CUST-02446,South,40,1,65,one-year,fiber,87.33,1,1,1,2,0,6.2,0,0.23557563989036065,20.572820631625195
CUST-02447,South,23,1,56,one-year,dsl,80.4,0,1,1,1,1,6.4,0,0.2829167045463615,22.746503045527465
CUST-02448,Midwest,59,3,47,one-year,fiber,108.22,1,0,2,0,0,7.8,0,0.12365713259483484,13.382174889413026
CUST-02449,West,35,2,57,one-year,dsl,111.82,1,0,3,0,1,7.6,0,0.10595668134271209,11.848076107742065
CUST-02450,South,49,1,13,one-year,dsl,93.93,1,1,4,2,0,8.1,0,0.22664684622556,21.288938265966852
CUST-02451,South,68,4,61,month-to-month,fiber,78.65,1,1,1,1,1,6.8,0,0.5185963477636119,40.78760275160808
CUST-02452,West,62,4,65,one-year,none,82.27,1,1,1,1,1,9.1,0,0.06722856378396866,5.5308939425071015
CUST-02453,West,57,1,7,month-to-month,dsl,76.63,1,1,0,3,1,5.3,0,0.847807092500975,64.9674574983497
CUST-02454,Midwest,21,5,34,two-year,fiber,92.62,0,1,2,0,0,8.5,0,0.11542391349696583,10.690562868088977
CUST-02455,Midwest,54,2,60,month-to-month,dsl,63.98,1,1,4,1,0,7.5,0,0.24372526446348403,15.593542420373707
CUST-02456,Northeast,38,2,35,month-to-month,fiber,110.94,0,1,0,1,0,7.3,0,0.6650260741541373,73.77799266665998
CUST-02457,Northeast,77,1,61,two-year,dsl,107.14,0,0,4,0,1,5.7,0,0.19546533572094515,20.942156069142065
CUST-02458,Northeast,38,5,68,month-to-month,fiber,103.84,0,0,1,0,0,6.9,0,0.4257424673556258,44.209097810208185
CUST-02459,South,62,5,35,month-to-month,fiber,130.87,1,0,4,3,1,6.0,0,0.8354127507094433,109.33046668534485
CUST-02460,Northeast,53,5,5,one-year,fiber,91.54,0,1,0,1,1,5.6,0,0.6615592986543883,60.559138198822716
CUST-02461,South,38,1,25,month-to-month,fiber,112.73,0,1,4,0,0,5.2,1,0.8200742479233076,92.44696996839447
CUST-02462,Northeast,30,5,16,month-to-month,fiber,92.39,0,0,1,1,0,6.2,0,0.7467241671468291,68.98984580269554
CUST-02463,West,33,1,35,month-to-month,fiber,85.72,0,1,1,3,2,6.0,1,0.9031885394337212,77.42132160025858
CUST-02464,South,49,4,43,month-to-month,none,35.74,1,1,1,2,0,7.4,0,0.3383820747676285,12.093775352195044
CUST-02465,Northeast,71,4,34,month-to-month,fiber,121.22,1,0,0,1,0,6.4,1,0.6210704962449682,75.28616555481504
CUST-02466,Northeast,76,5,15,month-to-month,fiber,115.81,1,1,3,2,0,6.8,0,0.7302466236426597,84.56986148405642
CUST-02467,Northeast,36,3,22,month-to-month,fiber,76.64,1,1,0,2,0,7.4,0,0.5721496574860901,43.849549749733946
CUST-02468,Midwest,20,2,49,month-to-month,dsl,70.8,0,0,2,1,0,8.5,0,0.29742028909391577,21.057356467849235
CUST-02469,West,31,4,2,month-to-month,fiber,125.27,1,1,4,1,1,8.5,0,0.6809556258965895,85.30331125606577
CUST-02470,South,48,3,16,one-year,dsl,85.69,1,0,2,0,0,9.3,0,0.07999865269156847,6.855084549140503
CUST-02471,Midwest,42,1,65,one-year,dsl,86.44,1,1,4,2,1,6.6,0,0.18552563229732047,16.03683565578038
CUST-02472,Northeast,26,4,8,month-to-month,fiber,105.26,1,1,3,2,0,7.0,1,0.7024389104909333,73.93871971827565
CUST-02473,South,28,4,30,month-to-month,none,83.09,1,1,3,1,0,7.6,0,0.39203661024118125,32.574321944939754
CUST-02474,Northeast,52,2,15,two-year,fiber,110.29,1,1,4,2,0,7.2,0,0.2631838467892765,29.026546462389305
CUST-02475,South,33,4,8,one-year,dsl,91.12,0,0,0,1,1,6.2,0,0.4995147488602789,45.515783916148614
CUST-02476,Northeast,32,2,31,month-to-month,fiber,130.53,1,1,1,1,0,8.8,0,0.45062448077860606,58.82001347603145
CUST-02477,West,40,3,38,month-to-month,dsl,85.34,0,1,1,1,0,7.7,0,0.47981523072411547,40.94743178999602
CUST-02478,Midwest,72,2,13,month-to-month,dsl,66.36,1,0,0,1,1,8.1,0,0.4715121202249453,31.28954429812737
CUST-02479,West,68,4,6,one-year,fiber,75.31,1,1,0,1,1,8.2,0,0.29974787984255674,22.574012830942948
CUST-02480,Midwest,37,1,10,two-year,fiber,88.47,1,0,0,1,1,7.3,0,0.25206993731746574,22.300627354476195
CUST-02481,Northeast,64,1,47,two-year,fiber,86.02,0,0,4,1,0,6.3,0,0.21836732330371494,18.783957150585557
CUST-02482,South,75,3,62,month-to-month,fiber,134.36,1,1,4,0,0,8.8,0,0.30836774487730856,41.43229020171518
CUST-02483,Northeast,34,4,13,month-to-month,none,46.4,1,1,2,1,3,7.4,0,0.6429723614267008,29.833917570198913
CUST-02484,Northeast,18,4,24,month-to-month,dsl,88.05,1,1,4,0,0,8.4,0,0.2620541520678581,23.073868089574905
CUST-02485,West,31,1,25,month-to-month,dsl,86.65,1,1,1,1,0,9.5,0,0.26728472989637053,23.160221845520507
CUST-02486,West,67,4,26,month-to-month,none,106.18,1,1,2,3,0,5.9,1,0.7306824114508992,77.58385844785649
CUST-02487,Northeast,24,5,18,one-year,dsl,96.43,1,1,4,1,0,7.6,0,0.15785165443507954,15.221635037174721
CUST-02488,South,33,4,4,month-to-month,dsl,71.83,0,1,0,1,2,7.0,0,0.8103139187505457,58.204848783851695
CUST-02489,South,75,1,38,two-year,fiber,96.81,1,1,0,0,0,8.0,0,0.10744760870987034,10.402002999202548
CUST-02490,South,30,4,26,month-to-month,fiber,95.58,1,1,2,0,0,7.9,1,0.4400438044400205,42.05938682837716
CUST-02491,Midwest,46,2,25,month-to-month,fiber,92.42,1,1,1,1,0,8.5,1,0.4517715778578817,41.75272922562543
CUST-02492,South,71,1,20,two-year,fiber,82.35,0,0,3,1,0,7.1,0,0.2863986011409022,23.584924803953296
CUST-02493,West,68,3,67,one-year,fiber,104.33,0,1,3,1,0,7.1,0,0.23652183154539977,24.676322685131556
CUST-02494,Northeast,36,1,44,month-to-month,fiber,114.91,0,0,1,0,0,8.4,0,0.4464945426649995,51.30668789763509
CUST-02495,Midwest,32,1,31,one-year,fiber,106.43,1,1,0,1,1,6.5,0,0.38128188782351013,40.57983132105618
CUST-02496,Midwest,53,1,15,month-to-month,fiber,71.44,1,1,0,2,1,6.7,1,0.7566106858289084,54.05226739561722
CUST-02497,Midwest,37,2,58,month-to-month,fiber,87.94,1,1,2,0,0,8.0,0,0.2756540079180109,24.24101345630988
CUST-02498,Midwest,62,5,64,month-to-month,fiber,99.86,0,1,1,0,0,8.4,0,0.3627777547545278,36.226986589787145
CUST-02499,Midwest,58,2,3,month-to-month,fiber,70.93,0,1,0,1,1,7.8,0,0.7762353954419832,55.05837659869987
CUST-02500,Northeast,43,5,67,one-year,fiber,103.13,1,0,3,1,0,7.8,0,0.09300304541314902,9.591404073458058
CUST-02501,West,42,1,51,month-to-month,dsl,89.3,0,1,4,1,0,7.2,0,0.47641997352229504,42.54430363554095
CUST-02502,South,24,3,8,one-year,dsl,95.07,0,1,4,2,1,6.8,1,0.5354072161643806,50.90116404074766
CUST-02503,Northeast,59,2,55,one-year,fiber,91.81,0,0,0,0,0,7.9,0,0.14826375029961472,13.612094915007628
CUST-02504,Midwest,73,2,8,month-to-month,fiber,100.63,1,0,0,1,1,8.5,0,0.6261720427532053,63.011692662255044
CUST-02505,Midwest,70,3,4,month-to-month,fiber,89.0,1,1,2,3,1,6.7,1,0.8489987713156646,75.56089064709415
CUST-02506,South,56,5,9,month-to-month,fiber,135.58,0,1,4,4,1,6.5,1,0.9469428286730044,128.38650871148596
CUST-02507,Northeast,61,4,34,one-year,fiber,122.17,0,1,2,1,0,6.9,1,0.39535590009902394,48.300630315097756
CUST-02508,West,71,1,45,one-year,none,111.99,1,1,2,1,0,9.0,0,0.09609496096525186,10.761674678498554
CUST-02509,West,31,5,30,one-year,fiber,127.13,1,1,4,5,0,5.8,0,0.6266701285826719,79.66857344671507
CUST-02510,South,64,1,9,month-to-month,fiber,130.87,1,0,3,0,0,8.7,0,0.5287317169767726,69.19511980075023
CUST-02511,South,24,3,15,month-to-month,dsl,112.22,0,1,4,1,0,5.6,0,0.7926198530276548,88.94779990676342
CUST-02512,West,64,4,62,month-to-month,fiber,124.5,0,1,4,4,0,7.1,1,0.7660244540889543,95.37004453407481
CUST-02513,South,31,3,70,month-to-month,fiber,97.19,1,1,4,3,0,6.8,1,0.5292097256936079,51.43389324016175
CUST-02514,Northeast,53,3,55,one-year,fiber,107.7,1,1,2,3,0,8.5,0,0.17408383938797112,18.74882950208449
CUST-02515,South,18,4,8,month-to-month,none,79.73,1,0,1,5,0,6.4,1,0.785668532765663,62.64135211740631
CUST-02516,Midwest,18,5,60,month-to-month,fiber,118.08,1,0,0,0,1,6.0,1,0.5283477296053494,62.38729991179965
CUST-02517,Midwest,56,2,50,month-to-month,dsl,107.15,0,1,3,1,1,8.4,0,0.5017191778899572,53.75920991090892
CUST-02518,South,70,5,38,month-to-month,dsl,95.91,1,1,1,1,0,7.7,0,0.3928950490148938,37.68256415101846
CUST-02519,Northeast,24,1,11,one-year,fiber,85.51,0,1,0,2,0,7.7,0,0.4167601500104877,35.63716042739681
CUST-02520,West,67,5,72,month-to-month,dsl,99.25,0,1,4,3,0,6.7,1,0.5662443658563129,56.19975331123905
CUST-02521,Northeast,63,2,32,two-year,fiber,75.16,1,1,2,1,1,7.6,0,0.16179956424251993,12.160855248467797
CUST-02522,Midwest,61,4,4,two-year,fiber,113.73,1,1,2,3,2,5.9,0,0.6681946314598837,75.99377543593258
CUST-02523,Northeast,34,2,16,two-year,fiber,132.02,1,0,3,1,1,8.3,0,0.2101235484115712,27.74051086129563
CUST-02524,Midwest,70,5,29,one-year,none,81.34,1,0,1,1,1,6.9,0,0.21767045356077422,17.705314692633376
CUST-02525,South,54,3,5,one-year,fiber,115.65,1,1,4,0,0,8.5,0,0.23252068036346132,26.8910166840343
CUST-02526,Northeast,29,4,24,one-year,fiber,74.7,1,0,2,0,0,9.7,0,0.0659615606996979,4.927328584267434
CUST-02527,Northeast,70,2,34,month-to-month,none,64.68,0,0,2,3,1,4.9,1,0.8375551103115629,54.1730645349519
CUST-02528,South,34,3,69,month-to-month,fiber,88.02,1,0,1,2,0,6.8,0,0.4322636884681157,38.047849858963545
CUST-02529,Northeast,47,4,7,one-year,dsl,112.3,1,1,3,2,1,8.2,0,0.299360625435452,33.618198236401255
CUST-02530,Midwest,27,3,42,month-to-month,dsl,49.92,1,0,1,2,1,6.0,0,0.5174585167778047,25.831529157548015
CUST-02531,West,41,1,66,month-to-month,dsl,94.66,1,0,3,1,1,5.6,0,0.4848847226509959,45.89918784614327
CUST-02532,South,56,5,59,two-year,dsl,81.18,1,1,4,1,2,5.6,0,0.20013033134521815,16.246580298604812
CUST-02533,West,71,2,67,month-to-month,dsl,88.05,0,1,0,0,2,6.9,0,0.5597375760226528,49.28489356879458
CUST-02534,Midwest,44,1,13,month-to-month,fiber,73.05,0,0,2,1,2,8.3,1,0.7491575506401421,54.72595907426238
CUST-02535,Northeast,55,4,58,one-year,none,91.44,1,1,3,0,1,7.5,0,0.09917062864466006,9.068162283267716
CUST-02536,South,24,3,71,month-to-month,none,73.13,0,1,1,1,0,7.0,0,0.3784757016567386,27.677928062157292
CUST-02537,Midwest,32,3,24,two-year,none,40.3,1,1,0,1,0,7.9,0,0.06696805134391604,2.698812469159816
CUST-02538,Midwest,52,2,36,month-to-month,dsl,109.28,0,1,2,1,0,8.3,0,0.4935597085082943,53.9362049457864
CUST-02539,South,20,1,39,two-year,dsl,105.95,0,0,2,2,1,7.6,0,0.23739059560701134,25.151533604562854
CUST-02540,South,38,4,36,one-year,dsl,108.03,1,0,4,1,1,7.5,0,0.19111380472198866,20.646024324116436
CUST-02541,Midwest,21,2,21,month-to-month,fiber,110.68,0,1,4,2,0,7.3,1,0.7654100794141127,84.71558758955399
CUST-02542,Midwest,47,4,70,month-to-month,fiber,83.09,1,0,0,0,0,9.1,0,0.14908338287855558,12.387338283379183
CUST-02543,West,33,5,69,month-to-month,dsl,88.25,0,1,1,3,1,4.5,0,0.7894594253379936,69.66979428607793
CUST-02544,Northeast,33,2,28,month-to-month,dsl,78.28,1,0,0,3,1,5.9,0,0.7007516842174425,54.8548418405414
CUST-02545,Northeast,45,3,58,month-to-month,fiber,106.71,1,1,4,1,1,6.2,0,0.5911955361426776,63.08647566178512
CUST-02546,Midwest,27,4,29,two-year,fiber,76.23,1,1,1,1,2,6.7,0,0.27503365265450685,20.96581534185306
CUST-02547,South,63,3,58,month-to-month,dsl,103.75,0,1,4,0,1,8.2,0,0.42799451188471455,44.404430608039135
CUST-02548,West,45,3,43,two-year,fiber,99.57,0,0,0,1,1,6.3,1,0.32704463103513515,32.563833912168406
CUST-02549,Midwest,72,3,34,month-to-month,none,91.44,1,0,2,1,1,9.4,0,0.311412985806806,28.475603422174338
CUST-02550,Northeast,31,1,10,two-year,dsl,87.87,1,1,0,4,1,6.6,0,0.39600023162541187,34.79654035292494
CUST-02551,West,21,4,48,month-to-month,fiber,119.68,1,0,2,0,2,7.1,0,0.5799726960493999,69.41113226319219
CUST-02552,West,42,4,24,month-to-month,fiber,84.57,1,1,0,0,0,8.0,0,0.4124480344877679,34.88073027663053
CUST-02553,Northeast,24,3,16,one-year,dsl,71.83,1,1,0,1,1,6.5,1,0.2677455908632139,19.232165791704656
CUST-02554,West,40,1,14,month-to-month,fiber,92.47,1,0,0,1,0,6.2,1,0.6811153283557477,62.982734413055994
CUST-02555,South,64,1,71,one-year,dsl,110.05,1,1,3,1,2,7.1,0,0.20819073350317066,22.91139022202393
CUST-02556,Northeast,74,5,8,month-to-month,fiber,128.9,1,0,3,3,0,7.6,0,0.7478382961247002,96.39635637047387
CUST-02557,Northeast,45,1,58,month-to-month,fiber,107.24,1,1,2,3,0,5.2,1,0.7241110594254825,77.65367001278874
CUST-02558,Northeast,29,5,63,month-to-month,fiber,81.06,1,1,0,3,0,7.6,0,0.41940747649078536,33.997170044343065
CUST-02559,Northeast,41,1,3,one-year,dsl,94.03,1,1,1,2,1,6.9,0,0.40497851158616455,38.08012944444705
CUST-02560,West,35,1,43,month-to-month,none,66.04,0,1,1,2,0,7.0,0,0.5574848571812985,36.816299968252956
CUST-02561,West,25,2,42,month-to-month,none,88.07,0,1,4,3,0,6.3,0,0.7038301669122504,61.98632279996189
CUST-02562,West,65,2,26,month-to-month,fiber,102.23,1,0,3,1,1,8.0,0,0.5805131626178927,59.34586061442717
CUST-02563,Midwest,61,2,49,month-to-month,dsl,102.82,1,0,0,1,1,8.3,0,0.3554420774582179,36.54655440425396
CUST-02564,South,35,1,30,month-to-month,fiber,94.97,0,0,0,1,0,7.1,1,0.6824158185151362,64.80903028438249
CUST-02565,West,47,1,32,two-year,dsl,78.5,1,1,1,1,0,8.4,0,0.06948275752750725,5.454396465909319
CUST-02566,West,46,4,32,month-to-month,none,73.05,1,1,1,1,0,8.7,0,0.27569295058405585,20.13937004016528
CUST-02567,South,43,5,58,one-year,fiber,102.12,1,1,2,1,0,8.6,0,0.10529829344616796,10.753061726722674
CUST-02568,Northeast,63,1,46,month-to-month,none,74.4,1,1,4,5,1,4.7,1,0.835613235831198,62.16962474584113
CUST-02569,West,59,4,28,month-to-month,fiber,98.72,0,1,0,0,1,7.4,0,0.7012139576227071,69.22384189651365
CUST-02570,South,18,3,67,month-to-month,fiber,82.14,1,0,2,1,0,6.7,1,0.364094808438951,29.906747565175433
CUST-02571,Midwest,31,4,58,month-to-month,dsl,88.53,0,0,2,2,0,8.4,0,0.3535453246445438,31.299367590781465
CUST-02572,West,75,2,68,month-to-month,none,58.92,1,1,3,0,0,8.4,0,0.14012880928599922,8.256389443131074
CUST-02573,Northeast,42,2,53,month-to-month,fiber,67.77,0,0,2,0,0,6.6,0,0.46524721819401377,31.52980397700831
CUST-02574,South,45,4,29,month-to-month,dsl,102.63,1,0,2,3,1,5.4,1,0.790046712606168,81.08249411477102
CUST-02575,Northeast,63,4,56,two-year,fiber,77.63,1,0,1,0,0,8.3,0,0.04360438031106707,3.3850080435481367
CUST-02576,West,63,4,24,month-to-month,dsl,107.71,1,1,4,0,1,9.1,0,0.356841436846683,38.435391162756225
CUST-02577,Northeast,51,1,20,month-to-month,dsl,84.42,1,0,1,1,1,7.1,0,0.5401169577384534,45.59667357228023
CUST-02578,Northeast,73,3,33,month-to-month,fiber,93.75,1,1,0,3,0,7.0,1,0.6735961014165736,63.14963450780377
CUST-02579,South,53,5,70,month-to-month,dsl,65.94,1,0,0,1,1,6.7,0,0.32680518828726923,21.54953411566253
CUST-02580,South,70,3,41,one-year,dsl,71.35,0,0,0,0,0,8.8,0,0.097730693568683,6.9730849861255315
CUST-02581,Midwest,45,5,28,month-to-month,fiber,95.38,0,1,1,0,1,8.8,0,0.5603407484804475,53.445300590065074
CUST-02582,West,31,4,34,one-year,fiber,132.55,1,1,4,1,1,8.4,0,0.24691927089580917,32.72914935723951
CUST-02583,Midwest,24,2,21,month-to-month,fiber,81.5,0,1,0,0,0,5.6,0,0.7482055614250187,60.97875325613902
CUST-02584,Northeast,51,3,48,month-to-month,none,67.26,1,0,0,2,1,6.6,0,0.4796070078832236,32.25836735022562
CUST-02585,Midwest,71,2,26,two-year,dsl,95.28,0,1,2,1,0,6.7,0,0.24057854075714497,22.922323363340773
CUST-02586,Midwest,42,3,40,month-to-month,dsl,87.65,1,1,2,2,0,7.6,0,0.40878608049936177,35.830099955769064
CUST-02587,Northeast,61,1,27,one-year,dsl,51.15,0,1,2,2,1,6.9,0,0.35452348947464524,18.133876486628104
CUST-02588,West,49,1,24,month-to-month,dsl,56.08,1,0,0,1,0,9.1,0,0.23998365107792066,13.45828315244979
CUST-02589,Midwest,66,4,70,two-year,fiber,104.49,0,1,1,0,1,7.7,0,0.13842948951096196,14.464497359000415
CUST-02590,West,64,2,25,month-to-month,fiber,91.43,1,0,1,1,0,7.6,0,0.5164643750881819,47.22033781431247
CUST-02591,Northeast,59,5,6,month-to-month,dsl,101.65,0,1,3,2,1,6.4,1,0.8400718347377998,85.39330200109735
CUST-02592,West,39,2,28,one-year,fiber,116.86,1,1,3,4,0,6.9,0,0.47766606311940646,55.820056136133836
CUST-02593,West,42,4,39,month-to-month,fiber,141.78,0,1,4,4,0,4.8,1,0.926900537898378,131.41595826323203
CUST-02594,West,46,3,7,month-to-month,dsl,65.04,1,0,2,2,0,6.1,0,0.6263944173238282,40.740692902741785
CUST-02595,Midwest,67,2,23,two-year,dsl,91.75,1,0,2,0,2,7.4,0,0.16699854226490557,15.322116252805086
CUST-02596,Northeast,54,4,12,one-year,dsl,88.19,1,0,2,1,2,7.9,0,0.26365529410770094,23.251760387358146
CUST-02597,South,28,3,37,one-year,fiber,87.65,1,1,1,0,1,9.1,0,0.1261010956151056,11.052761030664007
CUST-02598,Midwest,34,5,53,one-year,none,78.79,1,0,0,1,1,7.6,0,0.10978745898383055,8.65015389333601
CUST-02599,South,36,2,70,one-year,fiber,113.96,1,0,2,0,0,9.0,0,0.060787272849138624,6.927317613887837
CUST-02600,South,54,2,29,two-year,fiber,95.22,0,1,1,3,0,7.0,0,0.4115260711273044,39.18551249274192
CUST-02601,South,63,1,63,one-year,none,47.65,1,0,1,0,0,8.4,0,0.039022769044902136,1.8594349449895868
CUST-02602,Midwest,26,3,16,month-to-month,dsl,130.62,0,1,3,3,0,6.1,1,0.8510481780372179,111.16391301522141
CUST-02603,Midwest,61,3,57,month-to-month,none,68.3,1,0,0,5,0,6.0,0,0.618896057796823,42.27060074752301
CUST-02604,Midwest,55,4,41,one-year,dsl,73.41,0,1,0,0,0,9.9,0,0.06692925872225022,4.913276882800389
CUST-02605,Northeast,30,1,55,one-year,dsl,102.63,1,1,1,0,2,8.8,0,0.10149340993995327,10.416268662137405
CUST-02606,Northeast,26,2,55,month-to-month,fiber,101.88,1,1,2,0,0,9.2,0,0.211038386501063,21.500590816728298
CUST-02607,West,26,2,39,month-to-month,fiber,141.94,1,1,4,0,0,9.9,0,0.2910100081418688,41.30596055565685
CUST-02608,West,64,3,19,month-to-month,none,80.12,0,1,2,0,0,7.2,0,0.5585584743348743,44.75170496371013
CUST-02609,Midwest,32,2,38,month-to-month,dsl,104.33,1,1,1,2,0,7.6,0,0.4532819951983723,47.29091055904618
CUST-02610,South,29,3,60,two-year,fiber,98.17,1,0,1,2,0,8.7,0,0.07263586397271714,7.130662766201642
CUST-02611,South,43,5,70,month-to-month,fiber,85.26,0,1,1,0,0,8.7,0,0.2943319888125091,25.094745366154527
CUST-02612,Midwest,56,2,67,one-year,fiber,144.92,0,1,1,3,0,6.0,0,0.5207228681975967,75.4631580591957
CUST-02613,West,44,5,14,one-year,fiber,126.79,1,1,3,2,1,6.4,1,0.5551042744651425,70.38167095943543
CUST-02614,South,52,1,44,two-year,dsl,83.12,1,1,3,2,0,8.8,0,0.06899567803773309,5.734920758496374
CUST-02615,West,39,3,8,month-to-month,fiber,88.15,0,1,3,1,0,7.7,1,0.7071182789580855,62.33247629015524
CUST-02616,South,43,1,49,two-year,fiber,107.39,1,1,1,2,0,7.6,0,0.15834559526924846,17.004733475964592
CUST-02617,South,53,3,72,one-year,none,91.13,0,1,1,1,1,7.4,0,0.19037784811624986,17.34913329883385
CUST-02618,Midwest,56,2,4,one-year,dsl,83.01,1,0,0,0,0,9.8,0,0.08036256474053463,6.67089649911178
CUST-02619,West,62,1,48,month-to-month,fiber,119.37,1,1,3,1,0,8.4,0,0.420870940409842,50.23936415672284
CUST-02620,Midwest,68,5,69,month-to-month,fiber,147.36,0,0,4,1,0,7.1,1,0.5835062160534129,85.98547599763093
CUST-02621,West,37,4,61,one-year,fiber,108.99,0,1,0,3,0,7.4,0,0.3351738887692803,36.53060213696386
CUST-02622,West,25,1,29,month-to-month,fiber,79.46,1,0,0,1,2,7.2,1,0.6609943154281916,52.5226083039241
CUST-02623,Northeast,23,4,8,month-to-month,fiber,86.71,0,1,1,1,2,7.6,1,0.8170781157965968,70.8488434207229
CUST-02624,West,58,1,67,one-year,fiber,117.51,1,1,3,2,0,8.6,0,0.132041773084484,15.516228755157716
CUST-02625,West,43,3,67,one-year,fiber,103.15,1,1,1,3,1,7.7,0,0.2443131122807322,25.200897531757526
CUST-02626,West,42,4,42,month-to-month,fiber,108.16,1,1,0,1,0,6.0,1,0.6186103811223089,66.90889882218893
CUST-02627,Midwest,62,1,71,month-to-month,fiber,105.71,1,0,1,1,0,8.0,0,0.3053651902589152,32.280154262269924
CUST-02628,West,58,5,1,month-to-month,none,87.83,0,1,1,1,0,8.6,0,0.5845461595135214,51.34068919007258
CUST-02629,Midwest,72,1,45,two-year,fiber,98.68,0,0,1,2,0,6.5,0,0.3027057983582526,29.87100818199237
CUST-02630,West,70,1,3,two-year,fiber,120.26,1,0,2,3,0,8.6,0,0.2840518074856345,34.16007036822241
CUST-02631,South,62,3,68,month-to-month,dsl,87.98,1,1,1,2,1,7.3,0,0.4275797197858191,37.61846374675637
CUST-02632,Northeast,57,4,49,month-to-month,fiber,88.15,0,1,0,2,0,7.6,1,0.5957968831331578,52.519495248187866
CUST-02633,West,71,3,66,month-to-month,fiber,100.54,1,1,0,0,0,9.0,0,0.21737419601190264,21.854801667036693
CUST-02634,Midwest,27,1,41,month-to-month,dsl,99.17,1,0,3,3,1,5.0,1,0.7577536745594774,75.14643190606337
CUST-02635,West,75,1,6,two-year,dsl,108.94,1,1,3,0,1,9.1,0,0.12368625068570409,13.474380149700604
CUST-02636,Northeast,42,1,2,month-to-month,fiber,112.53,1,0,1,0,0,8.5,0,0.4969412601354513,55.92080000304234
CUST-02637,Northeast,32,5,25,month-to-month,dsl,102.88,0,0,4,1,0,6.9,0,0.5805176751699006,59.72365842147937
CUST-02638,South,50,5,54,month-to-month,dsl,64.94,0,0,2,3,0,7.7,0,0.4747767002092534,30.831998911588915
CUST-02639,Midwest,71,1,11,month-to-month,fiber,94.14,1,1,3,1,0,5.8,0,0.7561110364509962,71.18029297149678
CUST-02640,West,25,4,62,two-year,fiber,106.64,0,1,3,2,0,6.5,1,0.2350078231794789,25.06123426385963
CUST-02641,Midwest,28,5,18,one-year,fiber,111.65,1,0,1,1,0,9.2,0,0.14867531063593764,16.59959843250244
CUST-02642,Midwest,56,3,36,one-year,dsl,63.38,1,0,2,0,0,9.4,0,0.04299273874070158,2.724879781385666
CUST-02643,South,58,1,15,month-to-month,fiber,108.87,0,1,2,2,2,5.8,1,0.9398221371170185,102.31843606792981
CUST-02644,Midwest,60,1,34,two-year,fiber,101.97,1,1,2,1,0,7.3,0,0.1640449214273007,16.727660637941852
CUST-02645,Northeast,71,4,33,month-to-month,fiber,106.34,0,0,3,1,0,7.2,0,0.6506398221847821,69.18903869112974
CUST-02646,Midwest,63,3,1,two-year,none,73.43,0,1,1,0,0,8.6,0,0.14028830119684835,10.301369956884574
CUST-02647,Northeast,66,1,41,two-year,fiber,75.91,1,1,0,2,0,7.0,0,0.163208988316662,12.389194303117812
CUST-02648,Northeast,25,1,57,month-to-month,fiber,95.71,1,1,0,1,1,7.3,0,0.4824497855717566,46.175268977072825
CUST-02649,Northeast,39,3,68,two-year,fiber,123.98,0,0,2,1,1,7.6,0,0.17254998989422946,21.392747747086567
CUST-02650,West,60,2,24,month-to-month,dsl,101.26,1,1,4,1,0,7.3,0,0.48817248374561223,49.432345704080696
CUST-02651,Northeast,67,5,64,one-year,fiber,102.33,0,1,1,0,0,7.9,0,0.1451093265234687,14.849037383146552
CUST-02652,Northeast,39,4,64,month-to-month,none,76.82,1,1,2,0,0,7.2,0,0.20564218338372853,15.797432527538025
CUST-02653,West,52,3,72,month-to-month,fiber,93.4,1,1,0,0,2,7.7,0,0.41816908346930226,39.05699239603283
CUST-02654,Northeast,30,3,27,month-to-month,fiber,115.66,0,1,3,1,0,7.4,1,0.6828229567580745,78.9753031786389
CUST-02655,Midwest,69,3,62,month-to-month,fiber,94.6,1,1,0,1,0,6.8,0,0.44743665365772234,42.32750743602053
CUST-02656,Northeast,49,4,41,month-to-month,fiber,82.34,1,1,2,1,0,7.9,0,0.3848043608800184,31.684791074860716
CUST-02657,South,23,3,5,month-to-month,fiber,133.34,0,0,4,0,1,8.8,1,0.7143887523494779,95.25659623827939
CUST-02658,West,52,1,20,one-year,dsl,65.11,0,1,1,0,0,8.4,0,0.15339849222844174,9.987775828993842
CUST-02659,South,33,3,49,month-to-month,fiber,118.73,1,0,4,0,1,8.4,0,0.3969813974340553,47.13360131734539
CUST-02660,South,45,4,12,month-to-month,dsl,83.43,0,1,0,0,0,8.9,0,0.4450047942547261,37.126749984671804
CUST-02661,West,38,5,32,two-year,fiber,102.16,0,1,0,1,0,7.7,0,0.21420224810460453,21.882901666366397
CUST-02662,Midwest,68,5,56,two-year,dsl,56.28,0,0,0,1,2,8.1,0,0.1180514474304816,6.643935461387504
CUST-02663,West,68,4,11,month-to-month,fiber,90.52,1,1,1,1,0,5.6,0,0.7554099472862681,68.37970842835298
CUST-02664,South,27,5,36,month-to-month,dsl,87.09,0,1,2,1,1,6.5,1,0.6780401107002381,59.05051324088374
CUST-02665,Northeast,37,1,16,one-year,fiber,106.93,1,1,4,1,0,7.0,0,0.3064724486778166,32.77109893711893
CUST-02666,Northeast,42,1,39,one-year,none,111.19,0,1,1,0,0,9.6,0,0.10050199575898859,11.174816908441942
CUST-02667,South,69,1,18,month-to-month,none,56.86,0,0,1,1,0,8.0,0,0.5148770618547537,29.275909737061294
CUST-02668,Northeast,34,1,70,one-year,dsl,87.61,1,0,0,0,0,7.5,0,0.051554220666161894,4.516665272562443
CUST-02669,Midwest,60,4,6,month-to-month,none,103.43,0,1,3,3,1,5.2,1,0.9224195126513951,95.40585019353381
CUST-02670,Northeast,20,3,70,month-to-month,fiber,112.71,1,1,2,0,1,6.7,0,0.42714720623959634,48.1437616152649
CUST-02671,Northeast,75,3,58,one-year,fiber,82.63,0,1,0,0,0,8.6,0,0.11901470551039556,9.834185116323985
CUST-02672,Midwest,38,3,62,one-year,fiber,102.63,1,1,2,2,1,7.4,0,0.2282136498309721,23.421566882152664
CUST-02673,Midwest,34,3,62,two-year,none,49.0,0,1,1,2,0,6.8,0,0.11132494897604846,5.454922499826375
CUST-02674,Northeast,61,5,14,month-to-month,fiber,102.78,1,1,2,4,0,5.2,0,0.8780352687888109,90.24446492611398
CUST-02675,Midwest,54,2,68,month-to-month,fiber,104.15,0,1,1,1,1,7.1,0,0.6274698297470636,65.35098276815667
CUST-02676,South,49,2,43,month-to-month,dsl,87.67,1,1,3,2,1,9.2,0,0.3676738646594763,32.23396771469629
CUST-02677,Northeast,73,1,70,month-to-month,fiber,107.27,0,1,0,1,0,7.1,0,0.5446801420325592,58.427838835832624
CUST-02678,South,43,3,64,month-to-month,dsl,87.22,0,1,2,2,1,7.6,0,0.5402050131314393,47.11668124532414
CUST-02679,West,50,2,42,month-to-month,fiber,86.12,1,0,3,2,0,6.8,0,0.5476549268456699,47.16404229994909
CUST-02680,Midwest,46,2,27,month-to-month,dsl,96.83,0,1,0,1,0,8.3,0,0.5115118006413327,49.52968765610024
CUST-02681,West,28,3,9,one-year,dsl,81.43,1,0,4,1,0,8.6,0,0.12118555837238555,9.868140018263356
CUST-02682,West,36,5,8,month-to-month,dsl,108.81,1,1,3,2,0,7.1,1,0.6295540238477629,68.50177333487508
CUST-02683,Northeast,54,4,29,month-to-month,fiber,112.71,1,1,1,0,0,8.8,0,0.36544421476371386,41.18921744601818
CUST-02684,Northeast,25,1,59,one-year,fiber,107.58,1,1,2,0,0,9.6,0,0.05535748753890294,5.955358509435178
CUST-02685,Midwest,61,2,37,month-to-month,fiber,129.29,1,0,3,0,0,8.3,0,0.40256349931040525,52.04743482584229
CUST-02686,South,53,5,35,two-year,fiber,96.54,1,1,2,0,1,8.1,0,0.1286385422702386,12.418764870768836
CUST-02687,South,56,2,18,month-to-month,dsl,90.82,0,0,3,0,0,8.6,0,0.4415010181016327,40.09712246399028
CUST-02688,Northeast,66,5,41,month-to-month,fiber,91.65,1,1,4,4,0,7.5,0,0.6295152224919941,57.69507014139126
CUST-02689,Northeast,47,5,46,two-year,fiber,78.36,0,1,1,1,0,6.5,0,0.20083511142077407,15.737439330931856
CUST-02690,West,65,1,71,one-year,fiber,130.93,0,1,0,3,1,5.3,1,0.6361412689450766,83.28997634297889
CUST-02691,Northeast,62,5,53,one-year,none,94.19,0,0,2,2,1,8.2,0,0.20102013311599398,18.934086338195474
CUST-02692,West,32,4,44,one-year,fiber,125.03,0,1,2,0,0,7.8,1,0.23443856974986915,29.31185437582614
CUST-02693,South,34,3,66,month-to-month,fiber,136.47,0,1,3,1,0,8.5,0,0.48888698246289924,66.71840649671186
CUST-02694,Northeast,44,2,31,one-year,fiber,91.79,0,1,1,0,1,7.5,0,0.32411014624977474,29.750070324266826
CUST-02695,Midwest,23,3,68,two-year,fiber,112.41,1,1,4,0,0,8.1,0,0.05240097833918515,5.890393975107803
CUST-02696,Northeast,51,2,27,two-year,none,34.92,1,1,0,5,0,6.7,1,0.22151751098506642,7.735391483598519
CUST-02697,South,72,4,10,month-to-month,fiber,105.64,1,1,2,1,0,8.3,0,0.5911885107452286,62.45315427512595
CUST-02698,Northeast,66,3,31,month-to-month,dsl,85.48,0,0,2,0,0,6.9,0,0.4906006787649736,41.936546020829944
CUST-02699,Northeast,61,3,10,one-year,dsl,87.27,0,1,3,2,0,7.7,0,0.3377570969151769,29.476061847787488
CUST-02700,Northeast,29,5,9,month-to-month,dsl,94.12,1,1,1,0,1,7.4,0,0.5124675498270305,48.23344578972011
CUST-02701,West,66,1,64,month-to-month,dsl,115.66,0,0,4,0,0,8.4,0,0.29629825264507703,34.269855900929606
CUST-02702,Northeast,25,2,58,month-to-month,dsl,87.62,0,0,0,1,0,7.5,0,0.3644955466613006,31.93709979846316
CUST-02703,Northeast,42,4,16,month-to-month,fiber,103.92,1,1,4,2,0,7.0,0,0.674443551286797,70.08817384972394
CUST-02704,Northeast,73,2,61,month-to-month,fiber,101.03,1,1,2,2,0,6.6,0,0.5356854275287609,54.12029874323071
CUST-02705,Northeast,63,1,5,month-to-month,dsl,91.98,0,1,2,1,0,5.9,0,0.7820123367864932,71.92949473762165
CUST-02706,Northeast,26,3,21,month-to-month,dsl,104.15,1,1,1,2,1,6.3,0,0.7019506087046156,73.10815589658571
CUST-02707,Northeast,49,1,51,month-to-month,fiber,96.71,1,1,1,2,0,7.7,0,0.4667379257882931,45.138224802985825
CUST-02708,Northeast,77,3,22,two-year,fiber,113.16,1,1,2,1,1,8.2,0,0.20692639402971277,23.415790748402298
CUST-02709,South,44,1,53,month-to-month,fiber,110.35,0,0,1,1,0,6.7,1,0.6491456636866703,71.63322398782405
CUST-02710,South,53,1,63,month-to-month,fiber,84.49,1,1,0,1,0,8.7,1,0.2852417706488319,24.100077202119806
CUST-02711,Northeast,40,4,5,month-to-month,fiber,107.66,1,1,2,3,0,6.9,0,0.7819418205746147,84.18385640306302
CUST-02712,South,47,1,2,month-to-month,fiber,110.42,0,1,2,1,0,8.0,0,0.7721716178315436,85.26319004095905
CUST-02713,South,49,1,68,two-year,fiber,103.57,1,0,3,2,1,6.3,0,0.20476150648233493,21.207149226375428
CUST-02714,South,29,1,38,two-year,dsl,84.45,1,1,2,1,0,9.6,0,0.04410256755096754,3.7244618296792087
CUST-02715,Northeast,74,3,37,month-to-month,dsl,85.5,0,1,2,3,0,6.8,1,0.6886173268780591,58.876781448074055
CUST-02716,West,69,3,34,month-to-month,dsl,82.08,1,1,2,3,1,7.7,0,0.5864771434604462,48.138043935233426
CUST-02717,South,24,3,32,month-to-month,dsl,56.15,1,1,2,2,1,6.3,1,0.5935444047041898,33.32751832414026
CUST-02718,South,28,4,50,month-to-month,fiber,117.5,1,1,3,1,0,6.0,0,0.6028835886486873,70.83882166622075
CUST-02719,Midwest,56,4,42,month-to-month,fiber,124.98,0,1,3,3,1,5.2,0,0.9115168895926271,113.92138086128654
CUST-02720,South,42,4,12,month-to-month,dsl,86.58,1,1,4,1,0,8.6,0,0.3944731009725093,34.15348108219985
CUST-02721,Midwest,58,5,46,month-to-month,dsl,79.24,0,0,2,0,0,7.0,1,0.3981468611788149,31.549157279809293
CUST-02722,West,20,2,49,one-year,dsl,76.7,1,1,0,0,1,9.7,0,0.050723050086281696,3.890457941617806
CUST-02723,West,63,1,9,month-to-month,dsl,113.42,1,1,2,1,0,7.0,0,0.6215094033160025,70.491596524101
CUST-02724,South,19,5,28,month-to-month,dsl,104.89,1,1,1,0,0,8.6,0,0.29110144904184804,30.53363098999944
CUST-02725,Northeast,29,1,57,month-to-month,dsl,95.73,1,1,0,0,1,8.2,1,0.2615567798056174,25.038830530791756
CUST-02726,Northeast,61,3,45,month-to-month,dsl,87.67,0,1,4,0,0,7.7,1,0.3786838008282116,33.199208818609314
CUST-02727,Northeast,38,4,10,month-to-month,dsl,117.34,0,1,3,0,0,7.7,1,0.5843797846329472,68.57112392883002
CUST-02728,Midwest,30,1,3,month-to-month,fiber,103.82,1,1,3,2,0,6.2,1,0.797137756834025,82.75884191450847
CUST-02729,South,70,5,42,month-to-month,fiber,109.44,0,0,3,1,1,8.9,0,0.5819229291292949,63.685645363910034
CUST-02730,South,54,5,34,month-to-month,fiber,118.7,1,1,4,0,1,8.4,0,0.4974710399870289,59.04981244646033
CUST-02731,Northeast,35,5,70,one-year,dsl,75.84,1,0,3,3,1,5.2,0,0.23770099548469148,18.027243497559002
CUST-02732,Midwest,61,4,38,two-year,dsl,81.57,1,1,3,2,1,6.0,0,0.2210690338543237,18.03260109149718
CUST-02733,West,26,4,68,month-to-month,fiber,101.06,0,1,3,2,1,7.1,0,0.6509657746929828,65.78660119047284
CUST-02734,West,47,3,16,month-to-month,fiber,103.18,1,1,3,0,1,8.0,0,0.5762295684394169,59.45536687157904
CUST-02735,South,29,4,33,one-year,dsl,94.86,0,0,3,2,1,5.3,0,0.5247897275996958,49.78155356010714
CUST-02736,Midwest,57,1,11,one-year,fiber,61.4,1,1,0,1,1,10.0,0,0.15699042646843542,9.639212185161934
CUST-02737,Midwest,34,2,42,month-to-month,dsl,81.12,1,1,2,4,0,3.5,1,0.8237788101721075,66.82493708116137
CUST-02738,West,32,1,14,month-to-month,fiber,121.64,1,1,1,3,0,6.2,0,0.8317815242221741,101.17790460638525
CUST-02739,South,33,1,36,month-to-month,fiber,118.25,1,1,4,2,2,6.6,0,0.8176186900685936,96.68341010061118
CUST-02740,South,67,3,25,one-year,fiber,108.81,0,1,2,0,0,7.7,0,0.3246033522987609,35.32009076362817
CUST-02741,South,69,4,14,month-to-month,fiber,108.84,1,1,2,3,1,7.1,0,0.8339990534462741,90.77245697709247
CUST-02742,Northeast,30,5,7,month-to-month,fiber,99.86,1,0,2,1,0,8.1,1,0.515610361061957,51.48885065564703
CUST-02743,West,27,1,37,month-to-month,fiber,90.89,0,0,3,0,1,7.9,0,0.5683155138097735,51.65419705017032
CUST-02744,South,53,4,69,month-to-month,fiber,115.51,1,1,3,0,0,8.2,0,0.27920914355325394,32.251448171836365
CUST-02745,West,56,4,15,month-to-month,fiber,127.59,1,1,1,3,1,6.8,0,0.8532042374795836,108.86032866002007
CUST-02746,South,68,1,30,one-year,dsl,95.28,1,0,4,2,1,7.0,0,0.29923790796064864,28.5113878704906
CUST-02747,Midwest,67,2,17,month-to-month,fiber,142.91,1,0,3,2,0,5.8,0,0.8226992554211846,117.57195059224149
CUST-02748,Midwest,65,4,59,month-to-month,fiber,77.86,0,1,1,1,0,8.3,0,0.4190784933577997,32.629451492838285
CUST-02749,West,20,1,30,month-to-month,fiber,117.41,1,0,3,0,1,9.6,0,0.36360041958733763,42.69032526374931
CUST-02750,Midwest,21,2,71,one-year,none,72.85,0,1,2,0,1,8.2,0,0.09258304781488538,6.744675033314399
CUST-02751,Midwest,29,3,18,month-to-month,dsl,73.94,1,1,1,0,1,8.1,0,0.39255393352385537,29.025437844753863
CUST-02752,South,40,1,6,month-to-month,none,73.21,0,1,4,1,0,7.4,0,0.6559836790121524,48.02456514047967
CUST-02753,Northeast,62,1,42,month-to-month,none,73.71,1,0,1,3,0,5.4,0,0.6200486532233743,45.703786229094916
CUST-02754,West,69,5,47,one-year,fiber,106.64,0,0,4,0,0,7.8,0,0.19002099182156126,20.263838567851295
CUST-02755,West,61,1,72,one-year,dsl,108.66,0,0,3,1,1,8.2,0,0.1468488367103365,15.956594596945163
CUST-02756,South,69,3,63,two-year,fiber,118.96,0,0,4,1,1,7.8,0,0.20012576747774266,23.806961299152267
CUST-02757,Northeast,40,3,64,one-year,none,84.93,1,1,3,1,0,9.6,0,0.03749076567240815,3.1840907285576248
CUST-02758,West,56,4,46,month-to-month,fiber,101.48,0,1,3,0,0,8.7,0,0.41937718112629496,42.55839634069641
CUST-02759,Northeast,26,5,26,month-to-month,fiber,97.88,0,0,0,4,0,5.4,1,0.8809653403811311,86.2288875165051
CUST-02760,Northeast,24,1,31,month-to-month,none,88.24,0,1,4,0,0,8.6,0,0.3585900787313024,31.641988547250122
CUST-02761,West,67,5,10,one-year,dsl,99.83,0,1,3,1,0,7.6,0,0.3204893067720645,31.994447495055198
CUST-02762,Midwest,42,1,32,one-year,none,98.68,1,0,1,1,2,6.1,1,0.36868647825431233,36.381981674135545
CUST-02763,Midwest,61,5,27,month-to-month,fiber,106.57,1,0,1,3,0,7.5,1,0.6515570963019971,69.43643975290382
CUST-02764,Midwest,75,3,3,two-year,fiber,86.7,0,1,0,2,0,7.7,0,0.38075115688452865,33.01112530188863
CUST-02765,Midwest,52,1,15,month-to-month,fiber,123.47,0,1,1,1,3,9.3,1,0.8328750088746806,102.83507734575682
CUST-02766,Midwest,24,3,39,month-to-month,fiber,97.33,0,1,0,1,1,6.7,1,0.7442676347337959,72.43956888864035
CUST-02767,Midwest,57,5,27,month-to-month,fiber,152.88,0,0,4,1,0,8.1,1,0.6871022343947043,105.04418959426239
CUST-02768,West,66,3,72,two-year,fiber,73.73,0,1,2,2,1,6.3,0,0.25378537221041536,18.711595493073926
CUST-02769,Northeast,34,1,35,two-year,dsl,87.3,0,0,3,0,1,7.3,0,0.1455845284385616,12.709529332686428
CUST-02770,Midwest,43,4,70,month-to-month,fiber,112.37,0,0,4,1,1,9.3,0,0.38666570448171567,43.44962521261039
CUST-02771,South,55,5,48,two-year,dsl,76.36,0,1,4,1,0,5.9,0,0.18565723110599153,14.176786167253512
CUST-02772,Midwest,62,4,3,two-year,dsl,93.9,1,1,2,1,1,7.8,0,0.19898749697981177,18.684925966404325
CUST-02773,Northeast,28,3,15,one-year,dsl,66.72,0,0,0,1,0,9.3,0,0.12508426875431322,8.345622411287778
CUST-02774,West,21,4,51,two-year,fiber,79.42,1,0,3,1,0,6.6,0,0.10273012820353596,8.158826781924827
CUST-02775,South,56,2,40,month-to-month,fiber,113.03,1,1,4,1,2,6.7,0,0.7550167867529475,85.33954740668565
CUST-02776,Northeast,18,1,22,one-year,fiber,111.26,1,0,1,1,1,8.6,0,0.22177965409977007,24.67520431514042
CUST-02777,Northeast,45,5,38,one-year,dsl,101.37,0,0,0,2,0,6.1,0,0.33741520568508504,34.20377940029707
CUST-02778,Midwest,36,3,66,one-year,fiber,98.82,1,0,3,1,0,8.3,0,0.08399470771916207,8.300357016807595
CUST-02779,South,44,4,28,month-to-month,fiber,98.86,1,0,3,4,0,5.3,0,0.83719132693048,82.76473458034725
CUST-02780,Midwest,70,3,4,one-year,none,76.76,1,1,0,3,1,7.9,0,0.3720589242439333,28.55924302496432
CUST-02781,South,74,5,23,two-year,dsl,47.18,1,0,0,1,2,8.7,0,0.10587367032091927,4.995119765740971
CUST-02782,South,58,3,68,month-to-month,dsl,93.63,0,1,2,1,0,7.0,0,0.44670196173165616,41.824704676934964
CUST-02783,South,40,2,55,two-year,fiber,64.22,1,1,0,1,0,5.4,0,0.16492574454555037,10.591531314715244
CUST-02784,Northeast,54,2,61,month-to-month,none,81.96,1,0,0,1,0,8.1,0,0.20927751990248747,17.152385531207873
CUST-02785,Midwest,26,3,66,month-to-month,fiber,103.88,0,1,1,4,0,6.7,1,0.7369336826958437,76.55267095844424
CUST-02786,Northeast,77,5,9,month-to-month,fiber,68.32,0,0,2,0,1,8.2,0,0.6215432134736769,42.463832344521606
CUST-02787,West,70,1,21,one-year,none,85.0,1,1,4,0,1,8.7,0,0.13803226912220762,11.732742875387647
CUST-02788,South,38,1,5,one-year,none,79.88,0,1,2,2,2,7.0,0,0.6168119051076658,49.27093498000034
CUST-02789,Northeast,19,2,1,month-to-month,fiber,78.13,1,1,4,2,0,6.8,0,0.7015116364711304,54.80910415748941
CUST-02790,Midwest,69,5,61,one-year,fiber,106.94,0,1,3,3,3,5.2,0,0.7638581918778932,81.68699503942189
CUST-02791,Midwest,19,4,68,month-to-month,fiber,104.08,1,1,1,3,1,6.4,1,0.6463381343619496,67.27087302439172
CUST-02792,Midwest,24,4,12,month-to-month,dsl,61.27,0,1,2,1,0,7.2,0,0.577509567461557,35.3840111983696
CUST-02793,South,18,3,52,two-year,dsl,78.78,1,1,0,0,1,8.9,0,0.04336272279102562,3.4161153014769985
CUST-02794,Northeast,28,3,39,one-year,fiber,114.62,1,0,4,1,0,7.2,0,0.19140982230867457,21.93939383302028
CUST-02795,West,73,4,5,one-year,fiber,105.25,1,0,1,2,0,7.1,0,0.4047494063095333,42.599875014078386
CUST-02796,South,46,1,66,one-year,dsl,102.11,0,0,4,3,0,6.7,0,0.27575386544164426,28.157227200246297
CUST-02797,South,28,4,63,two-year,dsl,75.8,0,0,3,1,0,7.1,0,0.08677708077237253,6.577702722545838
CUST-02798,Northeast,75,3,41,month-to-month,fiber,82.27,0,1,1,1,0,6.1,0,0.6974359735174298,57.37805754127895
CUST-02799,West,42,5,51,month-to-month,dsl,81.53,0,1,2,0,0,8.5,0,0.27786492341615215,22.654327206118886
CUST-02800,West,60,1,29,month-to-month,none,50.65,1,0,0,1,0,6.5,0,0.4261621868998863,21.58511476647924
CUST-02801,Midwest,50,3,58,one-year,fiber,126.61,0,1,3,3,1,6.6,0,0.5442857406966949,68.91201762960854
CUST-02802,Midwest,24,5,33,one-year,dsl,63.89,0,1,0,4,0,6.6,0,0.3925273107296782,25.07856988251914
CUST-02803,Midwest,60,5,72,one-year,dsl,77.19,1,1,3,1,2,8.8,0,0.0814652608014147,6.288303481261201
CUST-02804,Northeast,75,2,5,month-to-month,dsl,76.22,0,1,0,4,0,7.8,0,0.7795750186870185,59.41920792432455
CUST-02805,South,76,4,13,month-to-month,dsl,54.33,0,1,0,2,0,8.0,0,0.6090951202929532,33.092137885516145
CUST-02806,South,63,2,70,one-year,dsl,83.05,1,1,1,1,0,7.4,0,0.0866241286618007,7.1941338853625485
CUST-02807,South,58,4,21,two-year,fiber,98.81,0,0,0,3,2,5.9,1,0.6875537152511368,67.93718260396483
CUST-02808,West,62,4,23,month-to-month,fiber,130.7,1,0,4,1,0,7.9,0,0.5598905649977224,73.1776968452023
CUST-02809,West,76,3,57,month-to-month,dsl,102.89,1,1,4,2,2,6.5,0,0.6484332897946218,66.71730118696864
CUST-02810,Midwest,51,1,14,month-to-month,fiber,106.56,0,0,4,2,0,7.0,0,0.7986273955404775,85.10173526879328
CUST-02811,Northeast,72,4,37,month-to-month,fiber,105.38,1,0,3,0,1,9.1,0,0.3527210138818596,37.16974044287036
CUST-02812,South,41,3,21,month-to-month,fiber,87.23,1,0,1,1,0,7.8,0,0.5068117480369213,44.20918878126065
CUST-02813,Midwest,37,3,15,month-to-month,dsl,88.57,0,1,3,1,0,8.2,0,0.5412063325111639,47.934644870513786
CUST-02814,Midwest,24,4,70,one-year,none,102.84,1,1,3,1,0,7.0,0,0.0935044301332255,9.61599559490091
CUST-02815,Midwest,45,5,15,month-to-month,dsl,75.72,0,1,1,2,0,7.3,0,0.6549546644143698,49.59316718945608
CUST-02816,South,55,2,7,month-to-month,dsl,95.27,1,1,4,2,0,5.6,0,0.7615602761013769,72.55384750417818
CUST-02817,West,42,5,49,month-to-month,fiber,108.79,1,1,4,2,0,8.1,0,0.4479983316008004,48.73773849485108
CUST-02818,West,25,1,63,two-year,fiber,89.26,0,1,1,1,0,7.6,0,0.12851686520173447,11.47141538790682
CUST-02819,Midwest,44,4,10,month-to-month,none,55.74,1,1,2,2,0,5.8,0,0.6443389065523849,35.91545065122994
CUST-02820,West,53,3,51,month-to-month,fiber,98.24,0,0,4,2,2,6.1,0,0.8327567601530299,81.81002411743366
CUST-02821,Northeast,25,4,39,month-to-month,dsl,111.95,1,0,1,0,1,8.4,0,0.3027574251745328,33.893693748288946
CUST-02822,Northeast,50,3,60,one-year,dsl,117.94,1,1,4,2,0,6.3,0,0.19000665187673862,22.409384522342553
CUST-02823,Midwest,40,3,10,two-year,fiber,101.52,0,1,1,0,0,7.5,0,0.26068829930184456,26.46507614512326
CUST-02824,Midwest,53,3,71,month-to-month,dsl,94.13,0,1,4,2,1,6.2,0,0.6265017330705578,58.9726081339316
CUST-02825,Northeast,18,4,45,month-to-month,fiber,116.92,1,1,1,1,1,8.1,0,0.4871370715909393,56.95606641041262
CUST-02826,West,67,2,61,month-to-month,fiber,91.89,0,1,3,0,0,6.1,0,0.5808182473882597,53.37138875250719
CUST-02827,Midwest,41,2,27,one-year,fiber,85.02,0,0,2,0,1,8.4,0,0.24765207543407422,21.05537945340499
CUST-02828,Northeast,42,3,68,two-year,fiber,92.51,0,1,1,1,1,7.3,1,0.1695672015935908,15.686661819423085
CUST-02829,Midwest,24,2,46,month-to-month,fiber,96.06,1,1,2,2,0,8.0,0,0.4527751200233758,43.49357802944548
CUST-02830,West,44,2,10,month-to-month,none,49.88,0,1,1,4,0,6.1,1,0.8272657232112759,41.26401427377844
CUST-02831,West,41,1,67,one-year,fiber,82.45,1,0,3,1,1,9.0,0,0.0845073958777671,6.967634790121897
CUST-02832,South,21,2,58,one-year,dsl,109.91,1,0,4,0,1,8.7,0,0.07324773554461646,8.050658613708794
CUST-02833,West,52,3,22,month-to-month,dsl,85.65,0,1,2,2,0,5.7,1,0.7736596859554244,66.26395210208211
CUST-02834,South,35,3,40,month-to-month,fiber,79.99,1,0,1,1,0,8.0,0,0.382112872572105,30.56520867704268
CUST-02835,West,39,4,28,month-to-month,fiber,116.69,0,0,3,1,0,7.8,1,0.6383692888984209,74.49131232155673
CUST-02836,West,22,2,40,one-year,none,63.49,0,1,2,1,1,6.9,0,0.2622358860109023,16.649356402832186
CUST-02837,South,56,4,70,one-year,dsl,77.36,1,1,4,2,0,6.9,0,0.11347943462537038,8.778769062618652
CUST-02838,Midwest,26,3,65,one-year,none,42.0,0,0,1,2,0,5.0,0,0.22961660780606943,9.643897527854916
CUST-02839,West,53,3,16,one-year,fiber,106.34,1,1,2,2,0,8.1,0,0.2941053690074142,31.275164940248427
CUST-02840,South,43,1,70,month-to-month,dsl,74.35,1,0,2,1,0,7.5,1,0.22211750836242738,16.514436746746476
CUST-02841,Midwest,62,4,32,month-to-month,dsl,111.51,0,1,4,0,0,7.4,1,0.5246535718937324,58.504119801870104
CUST-02842,Midwest,42,4,51,month-to-month,none,82.99,1,1,0,1,0,6.7,0,0.37151285491521874,30.831851829414003
CUST-02843,South,57,1,56,two-year,fiber,106.41,1,1,3,1,0,7.5,0,0.11746450911795074,12.499398415241139
CUST-02844,Midwest,74,1,35,one-year,none,139.3,0,0,4,0,1,8.4,0,0.25062117113601595,34.91152913924702
CUST-02845,South,33,4,33,month-to-month,fiber,104.82,1,1,1,2,1,7.0,0,0.7139746109901987,74.83881872399262
CUST-02846,Midwest,25,2,33,month-to-month,dsl,84.62,1,1,2,1,1,7.1,1,0.49741376767816564,42.09115302092638
CUST-02847,West,54,5,63,one-year,dsl,48.19,1,1,1,0,0,7.4,0,0.0504912694021922,2.433174272491642
CUST-02848,Northeast,26,5,28,one-year,dsl,83.98,1,1,2,0,1,7.9,0,0.12379944665243188,10.39667752987123
CUST-02849,Northeast,31,3,21,one-year,fiber,122.93,1,0,4,1,0,7.2,0,0.26435067296882475,32.49662822805763
CUST-02850,Midwest,63,5,27,month-to-month,dsl,96.87,0,0,1,3,1,5.8,1,0.842425255769994,81.60573452643933
CUST-02851,West,59,3,15,two-year,fiber,85.53,0,1,1,2,0,7.7,0,0.3167775750162652,27.09398599114116
CUST-02852,West,19,5,29,one-year,fiber,110.79,1,1,2,1,1,7.2,0,0.31028124541829527,34.376059179892934
CUST-02853,South,53,1,9,one-year,dsl,85.85,1,0,2,1,0,9.4,0,0.11611676203126482,9.968624020384084
CUST-02854,West,57,3,7,one-year,dsl,111.15,1,0,3,0,1,7.7,0,0.23290229513484614,25.88709010423815
CUST-02855,West,37,5,53,two-year,fiber,103.25,0,0,0,0,0,6.7,0,0.1545377059274936,15.956018137013714
CUST-02856,South,62,2,6,two-year,dsl,114.2,0,0,4,1,0,7.5,0,0.27311643336509783,31.189896690294173
CUST-02857,Northeast,61,5,41,one-year,fiber,123.08,0,0,3,2,0,6.6,0,0.4188472589980751,51.551720637483086
CUST-02858,West,55,5,57,month-to-month,dsl,120.14,0,1,4,1,0,10.0,1,0.26492403439188694,31.8279734918413
CUST-02859,Northeast,33,4,53,month-to-month,dsl,91.92,1,0,2,1,0,7.2,0,0.2865670020045837,26.341238824261332
CUST-02860,Northeast,35,4,33,one-year,dsl,90.08,0,1,2,1,1,6.1,0,0.3792370479658225,34.16167328076129
CUST-02861,South,50,1,14,one-year,dsl,81.36,1,0,1,1,0,7.9,0,0.16579645301924442,13.489199417645725
CUST-02862,West,24,5,68,month-to-month,dsl,133.26,1,0,4,0,0,8.0,0,0.19779639363112614,26.358347415283866
CUST-02863,Midwest,42,5,61,month-to-month,fiber,89.12,1,1,0,1,0,6.5,0,0.4394504612224713,39.16382510414664
CUST-02864,South,77,3,45,two-year,dsl,99.73,1,0,2,3,1,6.9,0,0.21990324177507956,21.930950302228684
CUST-02865,Midwest,56,2,7,two-year,fiber,79.11,1,0,1,0,0,9.0,0,0.08983049732572114,7.106490643437799
CUST-02866,West,69,3,3,two-year,fiber,127.35,1,1,3,2,0,7.4,0,0.3468547061654854,44.17194683017457
CUST-02867,Northeast,37,5,23,month-to-month,dsl,107.49,1,0,4,0,0,7.9,1,0.31889607981911183,34.27813961975633
CUST-02868,West,61,1,12,one-year,fiber,104.26,1,0,3,1,0,7.6,0,0.27844418235676843,29.030590452516677
CUST-02869,Midwest,62,3,62,one-year,fiber,90.17,0,1,0,1,1,6.8,0,0.32591939417563587,29.388151772817086
CUST-02870,West,29,1,15,month-to-month,none,75.78,0,1,1,3,1,4.8,1,0.9031258607162657,68.43887772507861
CUST-02871,Northeast,31,5,21,month-to-month,fiber,79.99,1,1,0,2,1,8.1,0,0.5933782206483489,47.46432386966143
CUST-02872,South,43,4,71,two-year,fiber,112.04,0,0,2,1,0,9.8,0,0.060650883472221515,6.795324984227699
CUST-02873,South,56,5,59,month-to-month,fiber,89.54,1,0,0,2,0,6.1,0,0.5516294006009302,49.392896529807295
CUST-02874,West,60,5,16,one-year,fiber,84.09,0,1,3,1,1,6.9,0,0.49624730975144754,41.72943627699922
CUST-02875,Midwest,76,1,28,one-year,dsl,112.45,1,1,2,2,1,6.1,1,0.4322137497729772,48.60243616197129
CUST-02876,South,24,3,38,one-year,dsl,90.59,0,0,1,1,1,8.2,0,0.21232602792020466,19.23461486929134
CUST-02877,Northeast,56,5,48,month-to-month,dsl,105.76,1,1,4,0,1,6.9,0,0.4084801514738163,43.20086081987081
CUST-02878,South,75,1,68,one-year,fiber,108.67,0,1,3,1,1,8.0,0,0.2703961250517281,29.383946909371293
CUST-02879,Northeast,28,5,63,month-to-month,dsl,103.38,0,1,3,0,0,8.2,0,0.26749962538604344,27.65411127240917
CUST-02880,West,75,2,71,one-year,fiber,93.54,1,1,1,0,0,8.3,0,0.07434748996730163,6.954464211541395
CUST-02881,West,68,3,3,month-to-month,dsl,70.25,0,1,1,1,0,8.5,0,0.5598598354003524,39.33015343687476
CUST-02882,Midwest,27,1,18,one-year,dsl,88.72,0,1,2,1,0,7.3,0,0.2889010446189082,25.631300678589536
CUST-02883,South,30,2,41,one-year,fiber,125.85,1,0,3,1,0,7.9,1,0.1885680790010731,23.73129274228505
CUST-02884,Midwest,29,5,4,month-to-month,dsl,99.07,1,1,4,4,0,4.8,1,0.8629553806253168,85.49298955855014
CUST-02885,South,23,5,26,month-to-month,dsl,95.35,0,1,3,0,1,5.4,0,0.7543904513153832,71.93112953292179
CUST-02886,Northeast,39,1,12,one-year,fiber,79.39,1,1,0,1,1,8.6,0,0.24016833262172005,19.066963926838355
CUST-02887,Northeast,44,3,68,month-to-month,dsl,104.93,0,1,4,1,1,6.5,0,0.5527675976723601,58.001904023760744
CUST-02888,Midwest,45,1,5,month-to-month,dsl,97.42,0,0,1,1,0,8.3,0,0.5899554025073103,57.47345531226217
CUST-02889,West,67,5,11,month-to-month,fiber,77.28,1,1,0,2,0,6.7,1,0.7033700674716488,54.356438814209014
CUST-02890,Northeast,44,3,15,two-year,fiber,115.08,0,1,2,0,1,7.9,0,0.2933484492174356,33.75853953594249
CUST-02891,South,29,2,11,one-year,dsl,101.45,1,1,2,0,0,8.6,0,0.13249491190778498,13.441608813044786
CUST-02892,Northeast,59,3,41,month-to-month,none,68.79,0,1,0,1,1,6.6,0,0.6204139037522015,42.67827243911395
CUST-02893,South,56,2,27,two-year,dsl,78.3,1,0,1,4,0,4.8,0,0.38746015904970493,30.338130453591894
CUST-02894,West,46,4,66,month-to-month,dsl,53.69,1,1,1,2,0,6.2,0,0.34767716509433505,18.666786993914847
CUST-02895,Northeast,56,2,19,month-to-month,dsl,97.19,0,1,2,2,0,5.9,1,0.7813486333881273,75.9392736789921
CUST-02896,Midwest,29,2,39,month-to-month,fiber,87.37,1,1,3,1,2,7.0,0,0.6638625872649032,58.0016742493346
CUST-02897,Northeast,64,4,48,month-to-month,fiber,105.34,1,0,3,0,1,8.9,0,0.31773116850837096,33.469801290671796
CUST-02898,Northeast,33,5,46,month-to-month,fiber,80.26,0,1,0,0,0,7.2,0,0.4807609461093211,38.58587353473411
CUST-02899,Midwest,20,2,58,one-year,none,67.46,1,0,0,1,0,7.8,0,0.06438762959104564,4.3435894922119385
CUST-02900,South,42,3,15,month-to-month,dsl,71.81,0,1,3,0,0,8.1,0,0.47492496375606014,34.104361647322676
CUST-02901,West,32,2,37,one-year,none,73.39,0,0,4,1,0,6.9,0,0.20530882441050888,15.067614623487247
CUST-02902,South,49,1,58,month-to-month,fiber,94.15,0,1,0,1,0,7.6,0,0.5489365612030686,51.68237723726891
CUST-02903,Midwest,45,2,63,month-to-month,fiber,94.88,0,0,1,0,0,8.8,1,0.3052401800478091,28.961188282936128
CUST-02904,Northeast,73,1,45,month-to-month,dsl,47.29,1,0,0,0,0,8.5,0,0.15863040624622088,7.501631911383785
CUST-02905,Midwest,42,4,47,one-year,fiber,105.35,1,0,2,1,2,7.4,0,0.2802831013694701,29.527824729273675
CUST-02906,West,23,3,63,one-year,fiber,126.29,1,1,1,1,1,6.9,0,0.2421151434172495,30.57672146216444
CUST-02907,South,48,3,45,month-to-month,dsl,86.96,0,1,0,0,0,7.7,0,0.41295448920311906,35.91052238110323
CUST-02908,Northeast,66,3,69,month-to-month,dsl,82.59,0,1,4,0,1,6.9,0,0.4164647764931542,34.39582589056961
CUST-02909,Midwest,33,2,10,month-to-month,dsl,89.01,0,1,3,1,0,6.8,0,0.6861403422929394,61.07335186749454
CUST-02910,Northeast,36,3,26,one-year,fiber,110.02,0,1,2,2,1,6.7,0,0.5656123374405855,62.228669365213214
CUST-02911,Midwest,28,1,9,month-to-month,fiber,87.62,1,0,3,2,0,6.8,0,0.6868608195813205,60.182745011715305
CUST-02912,Northeast,61,1,7,one-year,fiber,93.67,1,0,1,2,1,8.0,0,0.37093456849822953,34.74544103122916
CUST-02913,Midwest,28,1,34,month-to-month,fiber,140.97,1,1,4,1,0,7.0,0,0.628454699973904,88.59325905532125
CUST-02914,Midwest,33,1,17,month-to-month,fiber,95.35,1,1,2,0,3,7.7,1,0.7397663774553048,70.53672409036331
CUST-02915,West,23,3,30,one-year,fiber,93.9,0,0,1,2,1,6.4,0,0.5236179202262582,49.167722709245645
CUST-02916,Northeast,41,1,32,month-to-month,none,72.29,0,1,2,1,1,6.2,1,0.6924604901431766,50.057968832450236
CUST-02917,West,70,2,45,month-to-month,fiber,99.5,1,1,2,1,0,8.1,0,0.42340837615748045,42.1291334276693
CUST-02918,South,44,4,69,two-year,fiber,125.69,1,1,3,3,0,7.2,0,0.1711285461718511,21.509146968339966
CUST-02919,Northeast,25,3,62,month-to-month,fiber,140.11,0,0,4,1,1,6.5,0,0.7001287309914707,98.09503649921497
CUST-02920,West,63,4,28,month-to-month,dsl,75.61,0,1,1,3,0,3.4,0,0.8948605819033649,67.66040859771343
CUST-02921,Midwest,39,2,24,month-to-month,fiber,104.16,1,1,3,2,0,8.0,0,0.5801374898076292,60.42712093836266
CUST-02922,Midwest,27,1,56,month-to-month,fiber,101.09,0,1,0,1,0,8.0,0,0.5017216789867414,50.719044528769686
CUST-02923,South,19,1,9,one-year,fiber,108.65,1,1,1,0,0,9.5,0,0.15340324421690008,16.667262484166194
CUST-02924,Northeast,38,3,39,month-to-month,fiber,100.61,0,0,2,1,1,8.1,0,0.6061182985572946,60.981562017849406
CUST-02925,Northeast,27,5,31,two-year,dsl,92.49,1,1,2,2,0,7.4,0,0.11334045614524701,10.482858788873896
CUST-02926,West,49,5,14,one-year,fiber,123.83,0,1,3,3,0,6.2,0,0.6773962558780443,83.88197836537823
CUST-02927,Northeast,43,1,45,two-year,fiber,75.29,1,1,0,1,0,6.3,0,0.14424794704654822,10.860427933134616
CUST-02928,Midwest,57,1,24,one-year,dsl,99.74,1,1,4,3,0,6.9,0,0.31966234468812027,31.883122259193115
CUST-02929,South,34,3,14,two-year,fiber,101.43,0,1,2,1,0,7.2,0,0.33273698685578595,33.74951257678237
CUST-02930,West,22,1,48,one-year,dsl,57.04,1,0,2,0,0,7.7,0,0.05703732547833019,3.253409045283954
CUST-02931,Midwest,24,1,13,month-to-month,fiber,115.93,1,0,3,0,0,6.9,0,0.5940707073719176,68.87061710562641
CUST-02932,Northeast,23,2,49,month-to-month,dsl,76.36,1,1,3,2,1,5.8,0,0.5674472017823133,43.330268328097446
CUST-02933,Northeast,34,5,12,one-year,fiber,102.65,1,1,2,1,0,6.7,0,0.3224404569102554,33.09851290183772
CUST-02934,Northeast,61,2,32,month-to-month,fiber,71.66,1,1,2,5,0,6.2,1,0.7919968632235804,56.75449521860177
CUST-02935,Midwest,50,1,59,one-year,fiber,101.21,0,1,1,2,0,8.1,0,0.24221541342327277,24.514621992569435
CUST-02936,Northeast,39,1,17,month-to-month,none,82.79,0,1,2,1,0,6.6,0,0.6639938120356168,54.97204769842872
CUST-02937,Northeast,32,4,56,one-year,fiber,97.52,0,1,1,1,0,8.8,0,0.1418547395787622,13.833674203720891
CUST-02938,South,27,5,52,month-to-month,none,90.76,1,1,3,1,0,7.6,1,0.306572585957183,27.82452790147393
CUST-02939,Northeast,26,5,65,two-year,none,80.5,1,1,2,0,1,9.5,0,0.02400520236566042,1.9324187904356638
CUST-02940,South,33,4,13,month-to-month,fiber,92.48,1,0,1,1,1,7.8,0,0.6295785833766779,58.22342739067518
CUST-02941,South,47,3,52,month-to-month,fiber,102.54,0,1,2,1,2,7.4,0,0.7474319519358357,76.64167235150059
CUST-02942,South,53,4,68,one-year,fiber,107.79,1,1,4,0,0,8.7,0,0.07251462268651152,7.816351179379077
CUST-02943,Northeast,74,1,55,one-year,none,66.52,1,1,2,2,0,6.7,0,0.14490982633547347,9.639401647835696
CUST-02944,South,75,5,14,one-year,dsl,102.95,0,1,1,2,0,5.9,1,0.5472010427165339,56.33434734766717
CUST-02945,Midwest,33,4,60,two-year,dsl,85.09,1,0,2,1,1,7.8,0,0.061026664173746976,5.19275885454413
CUST-02946,South,61,1,8,month-to-month,fiber,110.34,0,1,3,4,2,5.1,0,0.9749367533274579,107.5745213621517
CUST-02947,West,25,2,43,one-year,dsl,69.47,1,0,0,4,0,8.6,0,0.13071523577877578,9.080787429551552
CUST-02948,South,65,5,36,month-to-month,fiber,109.97,1,0,2,0,1,8.5,0,0.44523338208952234,48.96231502838477
CUST-02949,South,73,3,39,month-to-month,fiber,75.45,1,1,0,0,1,7.1,0,0.5355747123815197,40.40911204918566
CUST-02950,Northeast,54,5,38,month-to-month,fiber,112.19,0,1,4,2,0,6.7,1,0.7409797966144113,83.1305233821708
CUST-02951,Midwest,50,2,3,month-to-month,fiber,119.5,0,1,3,0,0,7.5,1,0.74908396196965,89.51553345537317
CUST-02952,Midwest,40,3,37,one-year,none,39.56,1,1,0,1,0,7.9,0,0.08298569659521148,3.2829141573065663
CUST-02953,Northeast,71,1,68,one-year,dsl,93.13,1,0,2,1,0,6.7,0,0.09943958426835492,9.260808482911893
CUST-02954,West,75,5,32,month-to-month,fiber,101.06,0,1,4,0,1,8.4,0,0.6020622336424559,60.8444093319066
CUST-02955,West,60,5,20,two-year,fiber,93.03,0,0,4,0,2,7.3,0,0.34196430639275244,31.81293942371776
CUST-02956,West,22,5,72,month-to-month,dsl,81.72,1,1,0,4,2,6.0,0,0.6694204289623188,54.70503745480069
CUST-02957,West,70,4,8,month-to-month,dsl,60.43,1,1,1,2,0,6.5,0,0.6174729092748935,37.31388790748181
CUST-02958,Northeast,66,2,36,one-year,fiber,69.28,0,1,0,2,0,6.7,0,0.3792694071863105,26.275784529867593
CUST-02959,West,39,1,37,month-to-month,fiber,142.0,0,1,1,0,0,8.4,0,0.5817933440121228,82.61465484972143
CUST-02960,South,33,2,35,month-to-month,dsl,101.14,1,1,4,1,1,5.4,0,0.6872556529407663,69.5090367384291
CUST-02961,West,64,4,67,one-year,none,91.67,1,1,3,2,1,8.0,0,0.12474245134987748,11.435140515243269
CUST-02962,Northeast,54,4,31,month-to-month,dsl,78.69,1,1,1,0,1,9.2,0,0.2575006994253236,20.262730037778713
CUST-02963,Midwest,63,5,71,month-to-month,fiber,83.59,1,1,1,3,0,7.8,0,0.4042029751084999,33.78732668931951
CUST-02964,Midwest,76,3,5,one-year,dsl,91.29,0,1,3,0,1,7.3,0,0.3857028428144764,35.21081252053356
CUST-02965,South,40,2,53,month-to-month,fiber,100.93,1,0,2,0,1,8.1,0,0.38417184522694225,38.77446433875529
CUST-02966,South,68,2,43,one-year,dsl,55.02,0,1,2,2,1,6.4,0,0.36600731797905794,20.13772263520777
CUST-02967,Northeast,46,5,18,one-year,fiber,135.63,1,1,2,0,1,6.9,0,0.3702277577672009,50.21399078596546
CUST-02968,West,69,1,17,month-to-month,fiber,111.05,0,0,4,0,0,7.9,1,0.6386701454051583,70.92431964724283
CUST-02969,Midwest,32,4,52,month-to-month,fiber,95.86,0,1,2,1,0,6.0,0,0.6662994352148836,63.871463859698736
CUST-02970,West,67,1,46,month-to-month,fiber,113.23,0,0,3,1,0,7.8,0,0.5837119727608507,66.09370667571113
CUST-02971,Midwest,60,3,45,one-year,fiber,85.55,0,1,4,1,1,8.1,0,0.27687445633810037,23.686609739724485
CUST-02972,South,45,1,4,month-to-month,dsl,67.25,0,1,1,1,1,8.2,0,0.6715161410882405,45.15946048818417
CUST-02973,Midwest,73,2,44,two-year,dsl,121.08,1,0,3,1,0,8.4,0,0.07158407295196154,8.667399553023502
CUST-02974,South,41,3,71,month-to-month,dsl,88.06,1,1,4,3,1,5.8,1,0.5910577681169473,52.04854706037838
CUST-02975,West,62,2,2,one-year,fiber,92.49,1,1,1,1,2,7.2,0,0.5251453628608942,48.5706946110041
CUST-02976,Midwest,49,1,34,month-to-month,fiber,99.0,1,1,1,0,1,8.0,0,0.4985937278076179,49.36077905295417
CUST-02977,Midwest,26,4,36,month-to-month,fiber,84.83,0,1,0,0,0,9.2,0,0.37512335109394795,31.821713873299604
CUST-02978,Midwest,35,1,65,month-to-month,fiber,104.57,1,1,3,0,1,9.2,0,0.261480031165711,27.3429668589984
CUST-02979,South,66,4,21,one-year,fiber,143.99,0,1,3,5,1,5.1,0,0.898815703444874,129.42047313902742
CUST-02980,West,46,5,35,two-year,none,65.29,0,1,3,1,0,8.5,0,0.08856937566208362,5.78269453697744
CUST-02981,South,69,2,52,month-to-month,none,67.23,0,1,1,2,1,6.0,0,0.7164123234529356,48.164400505740865
CUST-02982,Northeast,25,3,5,month-to-month,fiber,116.66,0,0,3,3,0,6.6,0,0.8666981278129892,101.1090035906633
CUST-02983,South,64,4,58,month-to-month,dsl,55.35,1,0,0,1,0,7.2,0,0.2564058093158844,14.192061545634203
CUST-02984,Northeast,71,5,60,month-to-month,dsl,119.18,0,1,3,1,1,7.3,0,0.5569525597188346,66.37760606729071
CUST-02985,Midwest,77,2,52,two-year,fiber,105.3,0,1,2,0,0,7.5,0,0.1548351383163065,16.304140064707074
CUST-02986,Midwest,62,1,47,two-year,dsl,106.67,1,1,4,1,0,6.6,0,0.12015965918684421,12.817430845460672
CUST-02987,West,46,1,54,two-year,fiber,127.72,0,1,4,2,3,5.2,1,0.6858368827821246,87.59508666893295
CUST-02988,South,21,2,57,month-to-month,fiber,101.66,1,0,2,2,0,7.5,0,0.44800392422439755,45.544078936652255
CUST-02989,West,30,5,66,month-to-month,none,99.49,0,1,3,1,1,6.0,0,0.6003616317181341,59.729978739637154
CUST-02990,Midwest,57,4,31,one-year,dsl,114.58,1,1,4,0,0,8.1,0,0.11505838648331504,13.183389923258238
CUST-02991,South,70,2,33,month-to-month,fiber,103.9,1,0,1,1,1,8.1,1,0.5691930878934622,59.13916183213073
CUST-02992,South,63,5,46,one-year,fiber,72.66,0,1,0,1,0,8.7,0,0.1725803643449833,12.539689273306486
CUST-02993,West,54,4,14,month-to-month,none,74.14,1,1,2,2,0,6.1,0,0.6445516110542254,47.787056443560274
CUST-02994,Northeast,69,4,62,month-to-month,fiber,83.83,0,1,1,1,0,5.1,0,0.6846629416709366,57.39529440027461
CUST-02995,Northeast,36,1,56,two-year,none,113.32,0,0,3,2,1,6.1,0,0.2745753277547523,31.11487614116853
CUST-02996,Northeast,37,5,46,month-to-month,dsl,69.82,1,1,3,2,0,7.2,0,0.35136791493239045,24.5325078205795
CUST-02997,Midwest,23,1,22,two-year,fiber,95.64,1,1,2,2,0,8.0,0,0.17560865011924043,16.795211297404155
CUST-02998,West,55,1,26,month-to-month,dsl,88.86,0,1,1,0,0,6.8,0,0.5809089672916735,51.619570833538106
CUST-02999,Midwest,28,4,32,month-to-month,dsl,71.0,0,0,2,2,1,4.9,0,0.7949777134450028,56.4434176545952
CUST-03000,South,34,2,48,month-to-month,dsl,76.31,0,0,2,1,0,6.5,1,0.512117703432797,39.07970194895674
CUST-03001,Northeast,23,5,57,month-to-month,fiber,117.79,1,1,0,1,0,7.1,0,0.43567905214744534,51.31863555244759
CUST-03002,Northeast,68,5,49,month-to-month,fiber,113.55,1,0,3,2,0,8.9,0,0.36327892049243043,41.25032142191547
CUST-03003,Midwest,30,3,67,month-to-month,fiber,99.04,0,0,1,4,0,5.7,0,0.7740518080560806,76.66209106987424
CUST-03004,Northeast,70,3,70,one-year,dsl,96.39,1,1,2,1,2,8.0,0,0.12822106980428222,12.359228918434763
CUST-03005,West,31,1,51,two-year,dsl,101.85,0,1,4,0,2,8.7,0,0.12499510903198648,12.730751854907822
CUST-03006,West,22,1,27,month-to-month,dsl,78.54,1,1,0,1,2,6.6,0,0.6516347238417278,51.17939121052931
CUST-03007,West,76,1,44,month-to-month,dsl,102.04,1,0,2,1,0,7.6,0,0.3643149747709789,37.17470002563069
CUST-03008,South,35,1,31,month-to-month,fiber,73.46,1,1,0,2,1,7.0,0,0.6843766284575877,50.27430712649439
CUST-03009,South,61,3,46,one-year,fiber,131.4,0,1,2,1,1,7.9,0,0.39600479317907433,52.03502982373037
CUST-03010,West,24,4,59,one-year,dsl,82.16,0,0,1,0,0,8.1,0,0.07955478873853122,6.536221442757725
CUST-03011,Northeast,29,1,27,month-to-month,dsl,123.2,0,0,4,1,1,8.0,0,0.6194321631795812,76.3140425037244
CUST-03012,West,41,1,37,month-to-month,dsl,79.04,1,0,1,0,0,9.1,0,0.1826868800251831,14.439570997190474
CUST-03013,West,63,2,4,month-to-month,fiber,115.17,1,1,3,1,0,7.3,0,0.7023213065618535,80.88634487672867
CUST-03014,Northeast,18,3,54,month-to-month,fiber,103.17,0,0,0,3,1,6.6,0,0.7678123571881142,79.21520089109775
CUST-03015,Northeast,55,3,36,month-to-month,none,85.84,0,1,2,2,1,6.9,1,0.6996863533736867,60.06107657359727
CUST-03016,West,64,1,34,two-year,fiber,83.92,0,0,4,3,1,8.7,0,0.27271545912940864,22.886281330139973
CUST-03017,Midwest,24,4,39,month-to-month,fiber,107.63,1,0,3,3,1,7.0,0,0.6993281843042801,75.26869247666967
CUST-03018,South,43,2,16,month-to-month,dsl,65.21,1,1,1,0,0,8.4,0,0.3121230161827119,20.35354188527464
CUST-03019,West,74,1,44,month-to-month,dsl,104.0,0,1,4,3,0,5.7,0,0.7865048972686463,81.7965093159392
CUST-03020,Midwest,50,2,54,one-year,none,90.52,1,1,4,0,1,7.3,0,0.12082990965785545,10.937523422229075
CUST-03021,West,63,5,26,month-to-month,none,97.33,0,1,2,3,0,6.7,0,0.7604000508967328,74.009736953779
CUST-03022,South,62,1,10,month-to-month,dsl,89.88,1,0,4,1,0,6.0,0,0.6420372104704031,57.706304477079826
CUST-03023,Midwest,42,1,28,month-to-month,fiber,79.08,1,1,0,0,1,9.3,0,0.36905321356632675,29.184728128825117
CUST-03024,Midwest,60,4,15,one-year,fiber,84.37,0,0,1,1,1,5.5,0,0.6073539768728938,51.24245502876605
CUST-03025,Northeast,74,4,27,month-to-month,none,111.01,1,1,4,0,0,7.2,0,0.42647062976421624,47.342504610125644
CUST-03026,Midwest,36,1,46,two-year,fiber,159.09,1,1,4,1,0,8.8,0,0.1181763596114865,18.800677050591386
CUST-03027,Midwest,20,4,9,month-to-month,none,125.56,1,1,4,2,0,7.0,0,0.6621243250743096,83.13633025633033
CUST-03028,Northeast,64,4,54,month-to-month,dsl,45.74,1,0,0,3,1,6.4,0,0.4865222586629147,22.25352811124172
CUST-03029,West,36,4,17,two-year,fiber,81.74,1,1,1,1,0,7.3,0,0.16998636091334013,13.89468514105642
CUST-03030,South,56,3,65,one-year,fiber,98.08,0,1,3,1,0,7.5,0,0.2163564182932693,21.22023750620385
CUST-03031,South,27,3,53,month-to-month,dsl,87.17,1,1,0,2,0,7.6,0,0.3644166285194152,31.766197508037422
CUST-03032,Northeast,31,2,20,two-year,fiber,146.73,1,0,4,2,1,6.4,0,0.4135261738852959,60.67669549418946
CUST-03033,West,63,1,41,month-to-month,fiber,133.08,0,1,4,2,1,6.3,1,0.8631778885495522,114.87171340817443
CUST-03034,Northeast,19,4,8,month-to-month,dsl,113.26,1,0,4,0,3,7.4,0,0.6860989643441824,77.7075687016221
CUST-03035,West,47,4,8,two-year,fiber,102.18,1,1,4,1,0,7.7,0,0.19898998753409022,20.33279692623334
CUST-03036,Midwest,63,3,69,one-year,fiber,95.77,0,1,1,1,2,7.8,0,0.3033041576598682,29.047439179085575
CUST-03037,Northeast,46,4,58,month-to-month,dsl,113.36,1,1,4,5,2,5.3,0,0.8482630070133906,96.15909447503796
CUST-03038,Midwest,27,1,12,one-year,dsl,95.55,0,1,1,2,0,7.0,0,0.41252591329521376,39.41685101535767
CUST-03039,Midwest,56,1,21,month-to-month,fiber,80.06,1,1,0,0,0,6.6,0,0.566713386268786,45.371073704679006
CUST-03040,South,24,2,15,month-to-month,none,72.51,1,0,1,1,1,8.4,0,0.4401823574596711,31.917622739400755
CUST-03041,West,52,2,29,two-year,none,76.71,0,0,3,1,1,6.6,1,0.2469602617045452,18.94432167535566
CUST-03042,Northeast,43,3,21,month-to-month,fiber,113.45,1,1,4,1,0,9.1,0,0.42990973669324817,48.77325962784901
CUST-03043,Northeast,50,1,24,one-year,fiber,106.76,0,1,3,0,1,7.2,0,0.4127783680260403,44.06821857046006
CUST-03044,West,73,1,39,one-year,dsl,87.66,1,1,1,1,0,8.1,0,0.11801813942490028,10.345470101986757
CUST-03045,West,71,4,14,one-year,fiber,107.43,1,0,3,1,2,8.0,0,0.3903883510070315,41.9394205486854
CUST-03046,South,61,4,64,month-to-month,dsl,81.06,0,1,2,2,0,6.6,0,0.5366695777437902,43.50243597191164
CUST-03047,South,47,4,53,two-year,dsl,105.74,1,1,2,5,0,6.0,0,0.296405564184132,31.341924356830116
CUST-03048,Midwest,65,2,55,one-year,fiber,116.77,0,1,1,0,0,7.9,0,0.20383968323341753,23.802359811166163
CUST-03049,Midwest,24,4,13,one-year,dsl,73.57,1,1,0,0,0,10.0,0,0.05877166411981285,4.323831329294631
CUST-03050,Northeast,34,2,51,month-to-month,dsl,73.58,1,1,1,2,0,7.2,0,0.35463943683595106,26.094369762389277
CUST-03051,South,45,5,61,month-to-month,none,105.1,1,0,4,2,0,6.9,0,0.3937814407775842,41.386429425724096
CUST-03052,Midwest,68,1,13,month-to-month,fiber,106.8,0,1,2,0,0,8.1,1,0.6595276467940954,70.43755267760939
CUST-03053,Midwest,41,4,55,month-to-month,none,83.54,1,1,0,0,0,9.1,0,0.1509084222607364,12.606889595661919
CUST-03054,West,42,1,26,month-to-month,fiber,98.3,1,1,1,0,2,8.0,0,0.6176381553227582,60.71383066822713
CUST-03055,West,75,5,57,one-year,dsl,92.09,1,0,2,1,1,7.8,0,0.11300497790471253,10.406628415244978
CUST-03056,Northeast,76,2,35,two-year,none,105.9,1,1,2,1,0,6.6,0,0.14528108242102353,15.385266628386393
CUST-03057,Midwest,20,1,58,month-to-month,fiber,120.11,1,0,3,1,0,8.6,0,0.30900935568148014,37.11511371090258
CUST-03058,Midwest,52,2,11,month-to-month,fiber,99.96,0,1,2,1,1,7.4,0,0.808700593203397,80.83771129661156
CUST-03059,Northeast,59,5,29,one-year,dsl,86.35,0,1,0,2,0,6.7,0,0.33254117430964986,28.714930401638263
CUST-03060,Northeast,54,1,20,month-to-month,dsl,79.61,1,0,2,1,0,7.8,0,0.3808260234186637,30.317559724359814
CUST-03061,West,76,2,18,two-year,fiber,95.73,0,1,0,2,0,8.4,0,0.28536539247992904,27.31802902210361
CUST-03062,Northeast,72,3,23,month-to-month,fiber,118.62,1,1,2,1,0,8.2,0,0.5362806283447221,63.61360813425094
CUST-03063,South,33,5,28,month-to-month,dsl,108.05,1,1,2,1,0,9.3,0,0.3030885983957838,32.74872305666444
CUST-03064,Midwest,74,1,10,month-to-month,fiber,94.33,1,1,1,2,1,7.5,1,0.7637691903565096,72.04634772632954
CUST-03065,South,43,2,51,two-year,dsl,91.1,1,1,3,1,0,6.2,0,0.11606630767881321,10.573640629539883
CUST-03066,Midwest,19,5,40,month-to-month,fiber,104.13,1,0,3,3,1,7.3,0,0.6575770330096758,68.47349644729755
CUST-03067,Northeast,39,4,60,one-year,fiber,85.68,1,1,1,2,1,5.5,0,0.3313014032524861,28.38590423067301
CUST-03068,Midwest,31,3,51,month-to-month,dsl,70.27,1,1,2,3,0,7.7,0,0.3709897404288616,26.069449059936105
CUST-03069,West,73,2,11,month-to-month,fiber,102.94,0,1,2,1,2,7.6,0,0.8589891547806463,88.42434359311973
CUST-03070,Midwest,54,4,6,two-year,none,63.96,0,1,2,1,0,9.2,0,0.11912585166959207,7.619289472787108
CUST-03071,West,36,5,31,month-to-month,dsl,102.16,0,1,2,0,1,8.0,0,0.5276727557497812,53.90704872739765
CUST-03072,South,18,3,35,month-to-month,fiber,110.82,1,0,1,1,1,7.6,0,0.5794698392031422,64.21684758049221
CUST-03073,South,40,5,18,month-to-month,fiber,86.0,0,1,0,0,0,9.0,1,0.502390662118833,43.205596942219636
CUST-03074,South,37,2,57,two-year,fiber,75.34,1,1,0,3,0,5.7,0,0.2372213274834906,17.872254812606183
CUST-03075,South,44,5,42,month-to-month,dsl,81.83,1,1,0,0,0,8.1,0,0.25183704820455727,20.60782565457892
CUST-03076,South,29,3,54,month-to-month,dsl,85.7,0,0,4,2,1,6.3,1,0.6545794919005435,56.09746245587658
CUST-03077,South,50,2,8,two-year,dsl,61.3,1,0,0,0,0,8.1,0,0.0777360563408599,4.765220253694712
CUST-03078,South,49,3,59,one-year,fiber,127.18,0,1,4,1,0,7.1,0,0.3065707332299783,38.989665852188644
CUST-03079,Northeast,61,3,15,two-year,fiber,90.02,1,0,4,1,0,8.0,1,0.13514343477805743,12.16561199872073
CUST-03080,South,53,4,33,one-year,fiber,115.81,1,1,1,4,0,6.9,0,0.4739947848716496,54.89333603598574
CUST-03081,Northeast,61,4,32,one-year,dsl,78.66,0,0,2,0,0,9.5,0,0.07913467214422498,6.224733310864737
CUST-03082,West,29,5,60,month-to-month,fiber,104.38,0,1,1,3,0,5.9,1,0.7596016145849307,79.28721653037506
CUST-03083,West,26,1,20,month-to-month,fiber,84.71,1,0,1,3,1,5.9,1,0.8191339007541767,69.3888327328863
CUST-03084,South,50,2,18,one-year,fiber,92.18,0,0,1,1,1,4.9,1,0.6815308425453984,62.82351306583483
CUST-03085,West,77,5,25,one-year,fiber,110.21,1,1,1,1,0,9.2,1,0.16230976803462202,17.888159535095692
CUST-03086,South,41,1,26,two-year,dsl,100.62,1,0,3,0,0,7.2,0,0.10020724864889873,10.08285335905219
CUST-03087,South,61,2,14,one-year,dsl,85.57,0,0,2,1,1,7.8,0,0.3442863037440328,29.460579011376883
CUST-03088,Midwest,77,4,13,month-to-month,none,52.83,0,1,0,2,0,7.0,0,0.6765225706521066,35.740687407550794
CUST-03089,West,23,3,17,month-to-month,fiber,85.73,0,0,1,1,0,8.2,0,0.5927527619811379,50.816694284642956
CUST-03090,Midwest,21,1,34,one-year,dsl,91.2,1,0,4,1,0,7.1,0,0.14044463433729215,12.808550651561045
CUST-03091,Midwest,57,1,25,month-to-month,fiber,116.84,1,1,4,2,0,7.5,0,0.656913002224828,76.7537151799489
CUST-03092,West,68,4,29,one-year,dsl,111.05,0,1,0,1,1,8.9,0,0.25285528325133627,28.07957920506089
CUST-03093,West,58,2,52,one-year,dsl,94.99,1,1,2,3,2,6.5,0,0.38471412476632877,36.543994711553566
CUST-03094,Midwest,77,4,18,month-to-month,fiber,122.59,1,1,4,1,0,6.8,0,0.6925788579142771,84.90324219171123
CUST-03095,South,20,4,66,one-year,dsl,98.06,1,1,0,2,1,5.8,0,0.24730734097994977,24.250957856493876
CUST-03096,South,50,5,55,one-year,fiber,83.0,0,1,0,0,0,9.5,0,0.0966881763834721,8.025118639828184
CUST-03097,South,60,3,13,two-year,fiber,76.93,0,1,1,1,0,7.3,0,0.3020821477560228,23.239179626870836
CUST-03098,Northeast,58,1,23,month-to-month,fiber,103.89,0,1,1,1,0,7.1,1,0.7293538383673341,75.77257026798235
CUST-03099,Midwest,20,1,14,one-year,fiber,133.01,1,1,4,1,1,9.9,0,0.22330319708159035,29.70155824382233
CUST-03100,West,25,2,20,month-to-month,none,92.81,1,1,1,2,0,7.8,0,0.4993959161356806,46.34893497655251
CUST-03101,Northeast,77,1,27,month-to-month,dsl,63.39,0,1,1,2,0,7.8,1,0.5599658209783248,35.49623339181601
CUST-03102,West,39,3,10,month-to-month,dsl,115.44,0,1,1,1,0,8.8,0,0.5737352211148607,66.23199392549952
CUST-03103,Midwest,29,3,2,two-year,dsl,82.16,1,0,1,1,0,6.5,0,0.1796977960283847,14.763970921692087
CUST-03104,West,28,2,32,two-year,dsl,94.88,0,1,4,0,0,9.6,0,0.06284909528312371,5.9631221604627775
CUST-03105,Midwest,28,3,51,month-to-month,fiber,71.95,1,1,0,2,0,8.5,0,0.3416647697920463,24.582780186537732
CUST-03106,West,52,5,22,one-year,fiber,90.54,1,1,2,0,1,7.8,0,0.22744701069209466,20.59305234806225
CUST-03107,West,48,2,62,month-to-month,fiber,123.12,0,1,3,2,0,7.4,0,0.636704212126021,78.39102259695571
CUST-03108,South,74,3,27,one-year,none,73.65,1,0,0,1,1,8.5,0,0.149489494957633,11.009901303629672
CUST-03109,Midwest,46,5,65,month-to-month,none,20.0,0,0,0,2,0,6.1,1,0.3993708400777661,7.987416801555321
CUST-03110,Northeast,19,3,17,one-year,dsl,111.23,1,1,4,1,1,8.5,0,0.18582196120779648,20.668976745143205
CUST-03111,West,49,1,39,month-to-month,fiber,87.14,0,1,1,0,0,7.3,0,0.5654161913438462,49.27036691370276
CUST-03112,Midwest,47,1,55,one-year,fiber,90.61,0,1,1,3,1,8.6,0,0.3246942480810731,29.420545818626035
CUST-03113,Midwest,37,2,5,month-to-month,dsl,87.09,1,0,1,1,0,7.7,0,0.4751641632399663,41.38204697656867
CUST-03114,Midwest,61,3,67,one-year,fiber,112.96,0,0,0,2,0,7.6,0,0.24400551584865787,27.56286307026439
CUST-03115,Midwest,74,3,27,one-year,dsl,70.56,1,0,0,3,0,5.3,0,0.36705109429483124,25.89912521344329
CUST-03116,Northeast,43,2,36,month-to-month,fiber,94.28,1,0,0,0,0,8.5,0,0.30662427886124743,28.90853701103841
CUST-03117,Midwest,61,5,46,month-to-month,fiber,75.59,1,1,2,1,1,8.4,0,0.40633948354677746,30.71520156130091
CUST-03118,Midwest,50,3,47,two-year,dsl,96.96,0,1,2,0,0,7.4,0,0.10696822378482668,10.371638978176794
CUST-03119,Midwest,61,3,2,one-year,none,56.2,0,1,1,0,1,7.5,1,0.31713254679872355,17.822849130088265
CUST-03120,West,45,2,63,month-to-month,dsl,131.06,0,1,4,0,1,7.0,1,0.5437616580440787,71.26540290325696
CUST-03121,South,33,3,45,month-to-month,fiber,106.7,1,0,1,3,0,5.4,1,0.7501178037378413,80.03756965882766
CUST-03122,Northeast,53,4,72,month-to-month,fiber,92.03,0,1,0,0,0,6.7,1,0.44617251734295627,41.061256771072266
CUST-03123,West,41,5,34,one-year,none,53.12,0,1,0,2,0,8.0,1,0.18341311390717382,9.742904610749074
CUST-03124,South,22,5,45,one-year,dsl,93.7,1,1,3,2,1,6.0,0,0.29504090438917696,27.645332741265882
CUST-03125,South,62,1,32,month-to-month,fiber,105.07,0,1,2,2,0,5.1,1,0.8762129300413162,92.06369255944108
CUST-03126,South,50,1,65,one-year,dsl,76.84,1,0,1,1,0,7.4,0,0.08036862350232057,6.1755250299183135
CUST-03127,West,54,5,60,one-year,fiber,99.3,1,0,1,0,0,8.5,0,0.07098183128693947,7.048495846793089
CUST-03128,Northeast,48,2,66,one-year,fiber,103.18,1,1,1,2,0,7.9,0,0.13888375970073388,14.330026325921724
CUST-03129,Northeast,71,1,37,month-to-month,dsl,84.01,1,1,2,0,0,7.3,0,0.3337871439459605,28.041457962900143
CUST-03130,West,28,4,57,month-to-month,dsl,117.77,0,1,3,0,0,7.3,0,0.41120413127011085,48.42751053968095
CUST-03131,Midwest,22,5,26,month-to-month,fiber,81.01,1,0,3,0,1,8.3,0,0.40058361848225765,32.45127893324769
CUST-03132,Midwest,50,4,34,month-to-month,fiber,127.61,1,1,3,1,0,8.4,0,0.47756299269751923,60.94181349813043
CUST-03133,South,70,1,55,month-to-month,none,67.57,0,0,0,2,1,7.6,0,0.5535085055630643,37.40056972089625
CUST-03134,Northeast,45,2,6,month-to-month,dsl,79.04,1,1,2,1,0,8.0,0,0.4424959225061673,34.97487771488747
CUST-03135,South,43,2,52,month-to-month,dsl,104.38,1,0,3,0,0,6.6,0,0.34792835548605905,36.31676174563484
CUST-03136,West,53,2,2,one-year,fiber,97.13,1,1,1,0,0,7.7,0,0.2638008400911097,25.622975598049486
CUST-03137,Midwest,38,4,42,month-to-month,none,46.2,1,0,2,1,0,8.7,0,0.17827631921814766,8.236365947878422
CUST-03138,South,51,4,35,one-year,none,20.0,0,0,0,0,1,9.5,0,0.0769368835566912,1.538737671133824
CUST-03139,Northeast,75,2,34,month-to-month,dsl,83.52,1,0,4,2,0,6.9,0,0.4697415547760259,39.23281465489368
CUST-03140,Midwest,42,3,36,one-year,fiber,104.71,0,1,3,0,0,8.0,0,0.2241885998860073,23.474788294063824
CUST-03141,Northeast,47,3,36,month-to-month,dsl,100.33,0,1,3,2,1,5.6,1,0.799304111461213,80.1941815029035
CUST-03142,Midwest,64,2,30,one-year,dsl,99.26,0,1,2,1,1,8.7,0,0.24575406415566353,24.393548408091164
CUST-03143,South,58,1,33,one-year,dsl,92.27,0,1,3,2,2,5.6,1,0.639832887211994,59.03738050305069
CUST-03144,West,39,1,41,month-to-month,none,65.61,0,1,2,0,2,9.1,0,0.4232192119566517,27.767412496475917
CUST-03145,West,49,5,55,one-year,dsl,101.94,1,1,4,3,0,6.7,0,0.20537762831535722,20.936195430467514
CUST-03146,Northeast,46,4,40,month-to-month,fiber,80.94,0,0,1,3,1,5.2,0,0.8612901432824944,69.7128241972851
CUST-03147,Northeast,41,5,47,one-year,fiber,143.02,1,1,4,1,1,6.0,0,0.385073882908459,55.07326673356781
CUST-03148,Midwest,43,2,61,month-to-month,dsl,110.78,1,1,3,0,0,7.9,0,0.2339820104794433,25.92052712091273
CUST-03149,Northeast,18,2,72,month-to-month,fiber,89.09,1,1,4,0,1,7.7,0,0.29050695845423113,25.881264928687454
CUST-03150,Midwest,47,3,8,month-to-month,fiber,85.3,0,0,0,0,1,7.3,1,0.7364624309851834,62.82024536303614
CUST-03151,West,36,4,52,two-year,dsl,98.84,1,0,2,5,1,5.5,0,0.35729749644467135,35.315284548591315
CUST-03152,West,66,4,17,month-to-month,fiber,119.28,1,1,3,3,0,7.7,0,0.727519066346907,86.77847423385907
CUST-03153,West,55,3,15,one-year,dsl,65.41,1,1,3,2,2,7.4,0,0.3456471287765304,22.608778693272853
CUST-03154,West,60,3,58,month-to-month,fiber,118.76,0,1,3,1,0,7.5,0,0.5783421407237233,68.68391263234938
CUST-03155,South,33,3,5,month-to-month,fiber,118.98,0,1,3,0,0,8.9,0,0.6363786150463342,75.71632761821284
CUST-03156,West,20,2,62,month-to-month,fiber,96.37,1,1,1,0,0,7.3,0,0.3216522249372593,30.99762491720368
CUST-03157,West,41,1,56,two-year,dsl,92.51,0,1,4,1,1,8.0,0,0.1266586228430699,11.717189199212395
CUST-03158,Northeast,47,2,72,one-year,dsl,104.81,1,0,2,1,1,8.3,0,0.07612944772983064,7.97912741656355
CUST-03159,Midwest,43,2,49,month-to-month,fiber,90.2,1,0,4,0,0,9.4,0,0.1975698876616213,17.820803867078244
CUST-03160,South,25,4,63,one-year,fiber,83.49,1,1,2,1,0,6.7,0,0.15116390351054668,12.620674304095541
CUST-03161,Northeast,30,5,9,month-to-month,fiber,94.0,1,0,2,0,0,7.3,0,0.5019424182722997,47.18258731759617
CUST-03162,South,61,5,65,month-to-month,dsl,91.29,1,0,2,0,1,7.1,0,0.30562623165639247,27.900618687912072
CUST-03163,West,72,2,12,month-to-month,none,69.22,1,1,4,1,0,8.0,0,0.4295379323752755,29.73261567901657
CUST-03164,South,77,5,23,month-to-month,dsl,91.13,1,0,4,1,1,7.5,0,0.5270172989399502,48.02708645239766
CUST-03165,Northeast,48,5,10,month-to-month,fiber,95.34,0,1,2,0,1,8.1,0,0.6842665215942257,65.23797016879348
CUST-03166,West,55,5,29,one-year,dsl,95.94,1,1,2,0,1,6.3,0,0.23992442896648566,23.018349715044636
CUST-03167,Northeast,54,1,54,month-to-month,fiber,79.31,1,1,0,0,1,9.2,1,0.2650892461636983,21.024228113242913
CUST-03168,South,40,4,20,two-year,fiber,89.35,1,1,0,2,0,7.6,0,0.20847169217470501,18.62694569580989
CUST-03169,Northeast,37,2,60,one-year,fiber,99.09,0,0,3,1,0,8.1,0,0.15641255612473626,15.498920186400117
CUST-03170,Northeast,22,5,44,two-year,fiber,112.82,0,1,1,4,0,6.3,0,0.4312958359029553,48.65879620657141
CUST-03171,West,20,2,46,one-year,fiber,113.01,1,1,2,1,0,7.3,0,0.1944258986276544,21.972070803911222
CUST-03172,Midwest,37,2,68,two-year,dsl,106.87,0,0,3,1,0,8.1,0,0.0712137590539402,7.610614430094589
CUST-03173,Midwest,40,2,32,month-to-month,fiber,92.73,1,1,1,0,0,8.2,0,0.3801851313793856,35.25456723281043
CUST-03174,Northeast,49,5,25,month-to-month,dsl,82.33,1,0,1,2,0,7.1,0,0.4659054249099037,38.357993632832375
CUST-03175,Midwest,76,3,72,month-to-month,none,74.38,0,1,0,0,0,8.3,0,0.2370255570897354,17.62996093633452
CUST-03176,Northeast,70,3,41,two-year,dsl,86.58,0,1,3,1,2,7.1,0,0.260445662985674,22.549385501299657
CUST-03177,Northeast,29,5,45,month-to-month,fiber,94.1,1,1,2,0,0,6.9,0,0.39702568817057365,37.36011725685098
CUST-03178,Midwest,48,3,22,one-year,dsl,68.22,0,1,0,1,0,7.5,0,0.23384095920778902,15.952630237155367
CUST-03179,Midwest,51,4,16,one-year,fiber,87.42,1,1,2,0,2,9.4,0,0.20565871408796216,17.97868478556965
CUST-03180,West,77,1,13,month-to-month,fiber,88.81,1,0,0,1,0,7.1,0,0.6268415584792789,55.66979880854476
CUST-03181,South,42,2,17,two-year,fiber,116.66,1,1,3,0,0,8.5,0,0.13291006371211636,15.505288032655494
CUST-03182,South,40,3,15,month-to-month,dsl,80.27,0,1,1,2,0,7.5,0,0.6722881738072946,53.96457171151153
CUST-03183,West,63,3,54,month-to-month,dsl,66.68,0,1,1,3,0,8.1,1,0.47350512678301615,31.57332185389152
CUST-03184,Midwest,18,2,5,one-year,dsl,111.0,1,1,4,1,1,7.4,0,0.3157459372903258,35.04779903922616
CUST-03185,West,23,5,46,month-to-month,dsl,90.77,0,0,3,1,0,6.2,0,0.5336984866835341,48.44381163626439
CUST-03186,Midwest,55,2,69,month-to-month,dsl,116.03,0,0,3,0,1,8.2,0,0.3588480713602125,41.63714171992546
CUST-03187,Northeast,37,3,56,month-to-month,dsl,101.89,1,1,3,1,0,6.8,0,0.35284627017609616,35.951506468242435
CUST-03188,Northeast,31,3,30,month-to-month,dsl,77.1,0,0,2,1,1,7.3,0,0.5706155972992829,43.99446255177471
CUST-03189,Northeast,67,2,5,one-year,fiber,82.86,0,1,0,2,0,7.6,0,0.47079437888547176,39.01002223445019
CUST-03190,Midwest,32,5,61,two-year,none,62.7,1,1,1,4,0,5.8,0,0.1587857362291092,9.955865661565147
CUST-03191,Midwest,19,1,1,month-to-month,dsl,147.18,0,1,4,1,0,7.1,0,0.7858496972172339,115.66135843643248
CUST-03192,Northeast,19,5,50,month-to-month,fiber,85.98,0,0,4,1,0,8.0,0,0.4189562654530166,36.02185970365037
CUST-03193,South,72,3,49,month-to-month,fiber,94.6,1,0,3,3,1,7.2,1,0.6691880115075355,63.305185888612854
CUST-03194,West,49,2,14,two-year,fiber,133.17,1,1,4,2,0,7.4,0,0.3028311173490292,40.32801989737021
CUST-03195,South,18,2,54,one-year,dsl,123.3,1,1,4,1,0,8.1,0,0.106978779966363,13.190483569852557
CUST-03196,Midwest,32,4,13,month-to-month,fiber,96.6,1,1,1,1,0,6.5,0,0.6709616550585134,64.81489587865238
CUST-03197,South,37,3,17,month-to-month,fiber,69.79,1,1,3,1,0,7.7,1,0.5191814158368577,36.2336710112543
CUST-03198,South,77,3,59,two-year,dsl,97.2,0,1,3,1,1,7.0,1,0.18998875463526163,18.466906950547433
CUST-03199,Midwest,50,2,71,two-year,dsl,56.43,1,1,0,0,0,8.5,0,0.02144370288953518,1.2100681540564702
CUST-03200,South,68,2,20,month-to-month,dsl,100.52,0,1,4,0,0,9.1,0,0.4403484723029275,44.26382843589027
CUST-03201,Midwest,44,2,67,one-year,dsl,89.44,1,1,2,2,1,6.1,0,0.212907023569704,19.042404188074325
CUST-03202,Northeast,61,5,66,month-to-month,fiber,105.24,1,1,1,0,0,9.2,0,0.18809944095083778,19.795585165666168
CUST-03203,West,20,5,56,month-to-month,fiber,97.47,0,1,2,1,0,7.5,0,0.5097310587393818,49.68348629532755
CUST-03204,West,39,1,11,one-year,dsl,102.04,1,1,1,1,0,7.9,0,0.2011343094435517,20.523744935620016
CUST-03205,West,45,1,22,month-to-month,fiber,108.5,1,1,1,1,0,6.8,0,0.6543894628286802,71.0012567169118
CUST-03206,West,22,5,49,month-to-month,dsl,79.61,0,1,2,2,0,7.0,1,0.5185818255733309,41.28429913389287
CUST-03207,Northeast,33,2,72,two-year,none,78.8,1,1,4,0,0,10.0,0,0.013119205132981452,1.0337933644789383
CUST-03208,West,58,2,59,two-year,dsl,75.41,1,0,2,1,0,5.6,0,0.09688105633957166,7.305800458567099
CUST-03209,Midwest,59,2,31,month-to-month,dsl,77.31,0,1,1,3,0,4.4,1,0.8535379447282908,65.98701850694417
CUST-03210,South,19,5,17,one-year,dsl,107.7,0,1,3,1,0,7.5,1,0.3028653845939348,32.61860192076678
CUST-03211,West,33,2,70,one-year,dsl,51.11,1,1,1,1,2,7.7,0,0.10152172154281594,5.188775188053323
CUST-03212,West,44,4,20,one-year,fiber,76.24,0,1,2,1,0,8.5,0,0.25034677841489567,19.086438386351645
CUST-03213,West,34,3,25,two-year,fiber,88.6,1,1,1,2,0,7.8,0,0.16983869389943762,15.047708279490172
CUST-03214,Midwest,21,3,70,one-year,fiber,114.76,1,1,1,3,1,5.1,0,0.4471188273248047,51.31135662379459
CUST-03215,Midwest,20,2,41,month-to-month,dsl,76.57,1,1,1,2,0,7.6,0,0.3762473389019357,28.809258739721212
CUST-03216,South,51,1,20,month-to-month,fiber,119.53,0,0,1,3,1,5.8,1,0.926089506685064,110.6954787340657
CUST-03217,Midwest,40,1,1,one-year,fiber,111.69,0,1,4,1,0,8.4,0,0.4062319089337586,45.3720419088115
CUST-03218,South,51,1,31,two-year,dsl,79.16,1,1,3,2,0,6.7,0,0.1637579206729395,12.963077000469891
CUST-03219,Midwest,60,2,71,month-to-month,fiber,73.5,1,1,3,1,0,6.2,0,0.4083396921537283,30.01296737329903
CUST-03220,South,49,1,32,month-to-month,dsl,53.46,1,0,0,1,0,7.1,0,0.3714667513369158,19.85861252647152
CUST-03221,Northeast,51,2,51,one-year,fiber,84.7,1,0,0,0,1,8.6,0,0.0991004624477314,8.39380916932285
CUST-03222,South,60,4,19,month-to-month,fiber,55.93,0,1,1,0,1,7.9,0,0.6354839404131989,35.542616787310216
CUST-03223,South,28,1,56,month-to-month,fiber,111.16,1,0,4,0,1,7.9,0,0.4009471672659916,44.56928711328763
CUST-03224,Northeast,31,4,56,two-year,fiber,73.67,1,0,0,2,1,6.5,0,0.15777342390017676,11.623168138726022
CUST-03225,Northeast,61,3,44,one-year,none,85.76,1,1,3,0,0,8.3,0,0.06966116720314866,5.974141699342029
CUST-03226,South,32,2,56,two-year,none,88.1,0,1,4,1,0,9.0,0,0.06739284322416632,5.937309488049053
CUST-03227,Midwest,70,2,42,one-year,dsl,89.05,0,1,1,2,1,9.1,0,0.2152028475925879,19.163813578119953
CUST-03228,Midwest,42,2,28,month-to-month,dsl,48.39,1,1,0,1,0,7.9,0,0.31182214933982183,15.089073806553978
CUST-03229,Midwest,22,2,54,two-year,dsl,58.04,1,1,0,3,2,7.2,0,0.166443346088721,9.660371806989366
CUST-03230,Northeast,60,2,61,month-to-month,none,82.04,1,1,0,0,2,6.9,0,0.4203641298890664,34.486673216099014
CUST-03231,Northeast,43,3,61,month-to-month,fiber,116.47,0,1,4,0,0,9.1,0,0.32731025597146335,38.12182551299634
CUST-03232,Northeast,25,4,16,two-year,fiber,120.26,1,0,3,0,0,8.1,0,0.11652798686095862,14.013655699898885
CUST-03233,Midwest,30,4,49,one-year,dsl,83.52,0,1,3,0,0,7.1,0,0.14380096378189283,12.01025649506369
CUST-03234,Midwest,71,2,1,two-year,none,64.26,1,1,0,0,0,9.5,0,0.06213937180708135,3.993076032323048
CUST-03235,Midwest,45,2,42,month-to-month,fiber,128.08,1,0,4,1,2,7.1,1,0.6992464801292095,89.55948917494916
CUST-03236,Midwest,33,4,42,two-year,fiber,103.42,1,1,3,2,0,8.6,0,0.10646776611642345,11.010896371760513
CUST-03237,Midwest,50,4,27,one-year,fiber,103.6,0,1,4,2,0,7.8,0,0.3770235664848188,39.05964148782722
CUST-03238,South,25,4,72,one-year,fiber,87.56,1,1,1,2,0,6.2,0,0.19582139975906304,17.14612176290356
CUST-03239,Midwest,41,4,64,two-year,dsl,76.13,0,1,0,3,1,6.5,0,0.23334747485815294,17.76474326095118
CUST-03240,West,53,2,3,month-to-month,fiber,133.58,1,0,4,2,0,6.2,0,0.8230907766833528,109.94846594936229
CUST-03241,Northeast,75,4,16,one-year,none,54.77,1,1,0,1,1,8.8,0,0.13648735747292734,7.475412568792231
CUST-03242,South,34,2,15,one-year,dsl,103.61,1,1,0,0,0,8.5,0,0.13385812860136623,13.869040704387555
CUST-03243,South,67,3,65,one-year,fiber,123.51,1,0,0,2,0,6.8,1,0.23680270121105199,29.247501626577034
CUST-03244,South,42,3,38,two-year,dsl,61.66,1,0,0,4,1,4.2,0,0.42950202169375146,26.483094657636713
CUST-03245,South,71,4,53,one-year,dsl,107.13,0,0,2,1,0,8.7,0,0.130253749940369,13.95408423111173
CUST-03246,Northeast,21,5,59,month-to-month,fiber,103.68,0,1,1,1,2,6.5,0,0.7394749291026592,76.66876064936372
CUST-03247,South,26,3,56,month-to-month,fiber,118.9,1,0,4,2,2,6.3,0,0.7428932945161656,88.3300127179721
CUST-03248,South,45,1,7,two-year,dsl,95.98,1,0,4,2,1,7.5,0,0.24705738239622194,23.71256756238938
CUST-03249,West,65,1,11,two-year,fiber,101.85,1,1,0,1,1,6.9,0,0.3412443849527042,34.75574060743292
CUST-03250,South,36,2,29,two-year,fiber,121.93,0,1,4,0,1,6.6,0,0.3791933726259324,46.23504792427994
CUST-03251,Northeast,25,3,25,month-to-month,fiber,80.48,0,1,0,1,0,7.5,0,0.6211644399837327,49.99131412989081
CUST-03252,West,28,3,54,month-to-month,fiber,88.96,1,1,1,1,1,6.5,0,0.5603098928264203,49.845168065838344
CUST-03253,West,35,2,12,one-year,dsl,76.81,1,0,3,2,0,7.3,1,0.2147432661877655,16.49443027588227
CUST-03254,West,41,2,27,one-year,fiber,81.53,1,1,1,0,2,7.2,0,0.3150214106979946,25.6836956142075
CUST-03255,Northeast,52,4,18,month-to-month,dsl,99.14,1,1,0,6,1,3.3,0,0.9547276008363895,94.65169434691965
CUST-03256,South,64,2,14,one-year,fiber,112.2,0,0,0,3,0,5.1,1,0.7580540459320773,85.05366395357908
CUST-03257,South,25,1,13,month-to-month,dsl,83.1,0,1,3,0,2,7.4,1,0.7282581490939933,60.51825218971084
CUST-03258,South,63,3,15,month-to-month,fiber,87.94,0,1,1,2,0,7.7,1,0.7620574476040121,67.01533194229683
CUST-03259,West,77,4,41,month-to-month,none,85.22,1,0,1,1,1,8.2,0,0.3694901394367368,31.48794968279871
CUST-03260,Northeast,39,1,30,month-to-month,none,80.93,0,0,1,3,1,6.0,1,0.8025282734213167,64.94861316798716
CUST-03261,Midwest,30,1,32,month-to-month,fiber,81.58,0,0,4,4,0,6.9,1,0.7904710420913562,64.48662761381284
CUST-03262,Midwest,76,4,35,two-year,dsl,143.51,1,1,4,0,0,8.0,0,0.09508101539744138,13.64507651968681
CUST-03263,Northeast,72,1,54,one-year,fiber,121.32,0,0,4,0,2,8.4,0,0.2791733200680148,33.869307190651554
CUST-03264,West,25,5,63,two-year,dsl,98.71,1,1,0,0,1,7.8,0,0.055256725359669814,5.454391360253007
CUST-03265,Northeast,68,2,38,month-to-month,dsl,82.73,0,0,1,0,0,7.2,0,0.43429062370267557,35.92886329892235
CUST-03266,South,69,5,47,month-to-month,fiber,101.84,0,1,4,0,1,8.3,1,0.557797267919406,56.806073764912306
CUST-03267,Midwest,36,1,54,month-to-month,fiber,108.78,0,1,2,1,0,7.7,1,0.5549042076612635,60.36247970939224
CUST-03268,West,76,3,50,one-year,fiber,68.54,1,0,0,0,1,8.8,0,0.09254726671866642,6.343189660897397
CUST-03269,West,29,3,10,month-to-month,dsl,86.9,1,0,1,1,1,6.0,1,0.6760038799494097,58.74473716760371
CUST-03270,Northeast,52,2,71,one-year,dsl,80.73,1,1,4,0,0,9.4,0,0.027147747580188807,2.1916376621486426
CUST-03271,South,60,2,12,one-year,fiber,115.41,1,0,4,5,0,6.3,0,0.6647999667402659,76.72456416149409
CUST-03272,Midwest,21,2,30,two-year,fiber,111.24,0,0,2,0,0,7.8,1,0.16795293164341682,18.683084116013685
CUST-03273,South,73,1,47,month-to-month,fiber,88.21,1,1,0,0,1,8.4,1,0.4180598841791737,36.87706238344491
CUST-03274,Northeast,73,2,30,month-to-month,dsl,50.38,0,1,0,3,1,6.9,1,0.7290632122173908,36.73020463151215
CUST-03275,West,40,2,18,month-to-month,fiber,88.2,1,1,1,3,0,5.8,1,0.8005921681058499,70.61222922693597
CUST-03276,Midwest,44,3,67,month-to-month,fiber,88.89,1,1,3,0,0,7.4,0,0.28399125877654324,25.243982992646927
CUST-03277,Northeast,40,2,6,one-year,none,99.99,0,1,4,1,0,7.4,0,0.34036574484819665,34.03317082737118
CUST-03278,Midwest,28,1,18,month-to-month,fiber,103.83,1,1,1,0,0,6.1,0,0.6500813324603598,67.49794474935916
CUST-03279,West,71,4,72,one-year,dsl,88.49,1,0,4,2,0,7.6,0,0.08290452272370237,7.336221215820422
CUST-03280,Midwest,71,2,53,month-to-month,fiber,125.31,0,1,4,1,0,8.1,0,0.569847840040517,71.40763283547719
CUST-03281,South,52,1,7,two-year,fiber,125.4,0,1,4,0,0,8.7,0,0.25048168963910195,31.410403880743385
CUST-03282,West,43,1,55,two-year,dsl,91.24,1,1,3,0,1,8.6,0,0.05045145318480729,4.603190588581817
CUST-03283,South,58,3,70,month-to-month,fiber,104.42,1,1,2,1,0,8.5,0,0.2964071833181992,30.95083808208636
CUST-03284,Northeast,47,2,8,two-year,fiber,111.93,0,1,4,1,0,7.6,0,0.3213735265492884,35.97133882666186
CUST-03285,South,63,5,30,month-to-month,none,75.54,1,1,3,2,1,5.3,1,0.7333779325341252,55.39936902362782
CUST-03286,South,52,4,34,one-year,dsl,122.21,0,1,4,1,0,7.8,0,0.2600604175374736,31.781983627254647
CUST-03287,South,28,2,10,two-year,dsl,92.64,1,0,2,3,0,8.0,0,0.179586663627746,16.63690851847439
CUST-03288,Midwest,72,5,15,one-year,fiber,85.44,0,0,1,1,1,7.7,0,0.41521249313946074,35.47575541383552
CUST-03289,West,43,4,13,one-year,fiber,123.35,1,1,2,0,1,7.9,0,0.30598529745162517,37.74328644065796
CUST-03290,Midwest,48,4,14,month-to-month,fiber,109.07,1,1,2,0,2,8.3,1,0.650330012609235,70.93149447528926
CUST-03291,Midwest,57,1,30,one-year,none,49.87,1,1,1,2,1,7.4,0,0.2115135371410751,10.548180097225414
CUST-03292,West,71,2,34,one-year,dsl,129.82,1,1,3,2,1,6.9,0,0.36103486717983146,46.869546457285715
CUST-03293,West,43,4,18,month-to-month,dsl,76.76,1,1,3,0,1,8.0,0,0.4072120679148302,31.25759833314237
CUST-03294,West,28,3,21,month-to-month,none,60.02,0,1,1,1,1,6.8,0,0.6683882356272348,40.116661902346635
CUST-03295,West,24,5,14,one-year,fiber,89.14,0,0,1,0,0,8.8,0,0.1946078638351905,17.34734498226888
CUST-03296,South,55,4,58,one-year,dsl,94.18,1,1,2,0,0,7.6,0,0.08003729970448112,7.537912886168033
CUST-03297,West,43,1,16,month-to-month,fiber,84.95,0,1,1,1,0,7.6,0,0.6929999568986696,58.87034633854198
CUST-03298,Midwest,49,5,66,two-year,fiber,63.61,1,0,1,4,0,7.0,0,0.13158827351124677,8.370330078050408
CUST-03299,Midwest,68,5,39,one-year,none,60.65,0,1,1,1,1,7.6,0,0.22551804567697187,13.677669470308343
CUST-03300,Midwest,37,4,58,month-to-month,dsl,79.47,1,0,3,2,3,6.5,0,0.6264062139365687,49.78050182153911
CUST-03301,Northeast,56,4,46,month-to-month,fiber,99.26,1,0,2,3,0,6.5,0,0.6238053741765442,61.91892144076378
CUST-03302,Northeast,30,1,20,one-year,fiber,75.94,1,1,1,2,1,7.6,0,0.3219293296357841,24.44731329254144
CUST-03303,West,59,4,44,one-year,dsl,51.99,1,1,0,1,0,7.6,0,0.0901210394560865,4.685392841321938
CUST-03304,South,22,4,20,one-year,fiber,86.79,1,1,0,1,0,7.8,0,0.2191788439432394,19.02253186583375
CUST-03305,Northeast,30,1,9,month-to-month,dsl,87.55,1,0,3,0,0,7.3,0,0.4103793277512681,35.92871014462352
CUST-03306,Northeast,33,1,19,one-year,dsl,89.15,1,1,4,1,0,7.7,0,0.15726141552514147,14.019855194066363
CUST-03307,Northeast,29,3,20,one-year,fiber,111.71,1,1,1,1,0,6.1,0,0.3633235178261443,40.58687017635858
CUST-03308,Northeast,58,2,10,two-year,fiber,103.21,0,1,4,2,1,6.9,0,0.5086190738639766,52.49457461350103
CUST-03309,Midwest,41,3,2,month-to-month,fiber,104.49,0,0,3,0,2,7.9,0,0.8002070862583139,83.61363844313122
CUST-03310,West,34,5,68,one-year,none,67.55,0,0,1,1,2,7.1,0,0.19962838735983596,13.484897566156919
CUST-03311,Northeast,34,4,37,month-to-month,fiber,71.63,1,1,2,1,0,8.4,0,0.33120071307011373,23.723907077212246
CUST-03312,Midwest,61,5,29,month-to-month,dsl,54.31,1,1,0,5,0,6.6,0,0.6741472996800194,36.61293984562185
CUST-03313,Midwest,50,1,67,one-year,fiber,96.19,0,0,1,0,0,8.2,0,0.11931277067207609,11.476695410946999
CUST-03314,West,70,2,17,one-year,dsl,100.02,1,0,3,1,0,7.0,0,0.22155642245219137,22.16007337366818
CUST-03315,West,48,5,30,month-to-month,fiber,105.57,0,1,4,2,0,7.7,0,0.6978894913706801,73.67619360400269
CUST-03316,West,59,4,61,one-year,fiber,106.92,1,1,1,0,1,9.0,0,0.09885817154756738,10.569915701865904
CUST-03317,Midwest,73,2,46,month-to-month,dsl,115.67,1,1,4,1,1,7.7,0,0.4722948629547101,54.63034679797132
CUST-03318,West,66,2,29,month-to-month,dsl,104.15,0,1,3,2,1,6.0,1,0.8235549560694043,85.77324867462846
CUST-03319,Midwest,63,4,19,month-to-month,fiber,104.93,0,1,1,0,1,7.9,0,0.7083232543421041,74.32435907811698
CUST-03320,West,52,1,3,month-to-month,fiber,140.47,1,1,3,1,0,7.3,0,0.7464166635965357,104.84914873540536
CUST-03321,West,70,1,7,one-year,none,95.34,1,1,4,2,1,6.4,0,0.4672543376436384,44.54802855094449
CUST-03322,Northeast,74,5,12,two-year,fiber,78.36,0,0,1,2,1,7.2,0,0.39569420670755867,31.0065980376043
CUST-03323,Northeast,25,4,57,one-year,fiber,81.96,1,1,0,1,0,7.0,0,0.1351769880711512,11.079105942311552
CUST-03324,South,63,5,47,month-to-month,fiber,75.83,1,1,1,0,0,8.8,0,0.25864478558663584,19.613034091034596
CUST-03325,West,18,3,32,month-to-month,fiber,118.67,0,1,3,3,1,6.2,0,0.8844923672574059,104.96270922243636
CUST-03326,Midwest,37,2,57,month-to-month,dsl,102.04,1,0,0,1,0,7.4,0,0.30128285699213303,30.742902727477258
CUST-03327,South,66,2,12,one-year,dsl,83.42,1,1,1,4,0,6.2,1,0.4907248522165081,40.93626717190111
CUST-03328,South,61,4,16,month-to-month,dsl,96.88,1,1,1,1,0,6.6,0,0.5953448662581694,57.67701064309145
CUST-03329,Northeast,54,2,29,month-to-month,dsl,88.05,1,1,0,1,0,6.6,0,0.4898550507549846,43.13173721897639
CUST-03330,South,58,1,67,one-year,fiber,103.6,0,1,2,1,0,9.2,0,0.13749989122423784,14.24498873083104
CUST-03331,West,27,3,45,one-year,dsl,109.55,1,1,4,1,0,7.8,0,0.11608434491014087,12.717039984905933
CUST-03332,West,63,3,62,month-to-month,fiber,105.08,0,0,0,1,0,6.0,1,0.6447917611702887,67.75471826377394
CUST-03333,West,24,3,18,month-to-month,fiber,85.68,1,0,4,0,0,8.9,0,0.323890838026785,27.75096700213494
CUST-03334,Midwest,37,5,62,one-year,dsl,100.9,1,1,4,0,0,7.5,0,0.06932475598830017,6.994867879219487
CUST-03335,Midwest,23,4,6,month-to-month,fiber,122.93,0,0,4,0,0,8.4,0,0.6228645327884614,76.56873701568557
CUST-03336,Northeast,48,4,17,month-to-month,fiber,94.91,1,1,3,2,2,7.8,0,0.745191727855931,70.7261468908064
CUST-03337,Midwest,69,2,38,two-year,fiber,129.91,0,1,2,1,1,7.2,0,0.37018508294474217,48.090744125351456
CUST-03338,Midwest,70,3,4,month-to-month,dsl,88.42,1,1,1,1,1,8.3,0,0.5601679514055317,49.53005026327711
CUST-03339,South,18,2,62,month-to-month,fiber,129.01,1,1,4,3,0,7.1,0,0.6012511445651674,77.56741016035224
CUST-03340,West,76,2,63,month-to-month,dsl,102.76,1,1,2,1,2,8.5,0,0.39092762663242986,40.17172291274849
CUST-03341,Midwest,30,1,39,month-to-month,dsl,71.91,1,1,2,2,1,7.3,0,0.4979068000287318,35.8044779900661
CUST-03342,West,39,4,23,month-to-month,dsl,56.78,1,0,1,3,0,6.0,0,0.6010694508031087,34.128723416600515
CUST-03343,Northeast,34,3,8,month-to-month,fiber,87.14,1,0,1,1,1,5.4,0,0.7911940701170422,68.94465126999906
CUST-03344,Midwest,47,5,45,one-year,dsl,91.57,0,1,1,2,2,5.9,0,0.5137538987598761,47.04444450944185
CUST-03345,South,18,3,39,month-to-month,fiber,119.79,1,1,3,1,1,6.8,0,0.6685054052308933,80.08026249260871
CUST-03346,Northeast,37,1,55,two-year,none,103.86,0,1,2,2,1,7.7,0,0.18463258429419824,19.175940204795427
CUST-03347,South,36,4,44,two-year,dsl,89.97,0,1,1,0,2,8.8,0,0.13070427666072462,11.759463771165395
CUST-03348,West,61,1,10,month-to-month,fiber,78.42,0,1,0,1,0,6.3,1,0.802545900990356,62.93564955566372
CUST-03349,Northeast,69,4,9,month-to-month,dsl,86.27,1,0,2,2,0,8.1,0,0.4752189716375601,40.99714068317231
CUST-03350,Midwest,20,2,57,one-year,fiber,81.12,1,0,1,4,1,5.3,0,0.46198524765721083,37.47624328995295
CUST-03351,Northeast,42,1,12,two-year,fiber,117.34,0,1,1,0,0,7.4,0,0.2839195201148989,33.315116490282236
CUST-03352,South,75,3,68,two-year,fiber,75.92,0,1,0,2,0,5.9,0,0.2550723419310702,19.36509219940685
CUST-03353,Northeast,73,3,8,month-to-month,dsl,108.36,1,1,4,1,1,7.6,0,0.6227846103848041,67.48494038129738
CUST-03354,West,50,2,53,month-to-month,dsl,83.06,1,1,0,0,1,7.3,0,0.3452967480403368,28.680347892230373
CUST-03355,West,63,1,71,month-to-month,none,45.39,1,1,0,3,2,7.1,1,0.4964457693598752,22.533673471244736
CUST-03356,Midwest,34,4,32,one-year,fiber,110.69,1,1,3,1,0,7.1,0,0.24472098885853416,27.088166256751144
CUST-03357,South,66,3,5,one-year,dsl,88.64,1,0,1,2,2,7.5,1,0.4301573944781109,38.12915144653975
CUST-03358,West,20,2,64,month-to-month,dsl,123.13,0,0,4,3,2,4.6,1,0.8708063194730861,107.22238211672108
CUST-03359,West,48,3,14,one-year,dsl,82.67,1,0,2,1,0,8.8,0,0.11251980198988176,9.302012030503526
CUST-03360,West,51,5,38,month-to-month,fiber,59.49,1,0,3,2,1,6.9,1,0.5740943474134946,34.1528727276288
CUST-03361,West,28,5,71,one-year,fiber,108.48,0,0,4,1,1,7.7,0,0.2056814058738339,22.312318909193504
CUST-03362,Northeast,53,2,54,month-to-month,dsl,89.79,1,1,4,3,0,6.1,0,0.5386946044756208,48.369388535865994
CUST-03363,Northeast,74,2,4,one-year,fiber,158.57,0,0,4,1,0,7.3,0,0.5607559815931734,88.9190760012295
CUST-03364,South,59,5,60,one-year,fiber,118.14,1,0,2,0,1,8.6,0,0.1168423928124246,13.803760286859843
CUST-03365,Midwest,26,1,12,one-year,dsl,76.53,1,0,4,2,0,9.0,0,0.12634184643126042,9.66894150738436
CUST-03366,Northeast,49,5,54,month-to-month,fiber,81.82,0,0,1,2,0,5.8,1,0.6742711173490515,55.168862821499395
CUST-03367,Northeast,60,3,45,one-year,fiber,87.58,1,0,4,1,0,7.6,0,0.13716420824159298,12.012841357798713
CUST-03368,South,48,3,21,one-year,fiber,116.95,0,0,4,0,1,7.4,1,0.4224652703174624,49.407313363627225
CUST-03369,South,27,5,31,month-to-month,dsl,62.73,0,0,1,1,0,5.9,0,0.5990658069474831,37.57939806981562
CUST-03370,Northeast,36,1,9,month-to-month,none,60.4,1,1,0,0,0,6.7,0,0.4533593240249039,27.382903171104196
CUST-03371,South,45,1,72,one-year,fiber,83.51,0,0,3,2,0,6.4,0,0.272653451124978,22.769289703446915
CUST-03372,Midwest,29,5,18,month-to-month,fiber,101.17,1,0,0,1,0,7.2,0,0.5670397508228336,57.36741159074608
CUST-03373,Northeast,43,4,23,month-to-month,dsl,51.19,0,1,0,2,0,8.0,1,0.49963616784220655,25.576375431842553
CUST-03374,Northeast,33,3,37,month-to-month,fiber,160.65,1,0,4,4,1,6.5,0,0.8500033029872773,136.5530306249061
CUST-03375,Northeast,26,1,49,month-to-month,none,95.26,1,1,2,1,0,6.8,0,0.38216961747853506,36.40547776100525
CUST-03376,West,40,3,37,month-to-month,dsl,134.21,1,1,3,3,0,7.1,1,0.6233911595661469,83.66532752537258
CUST-03377,West,19,4,37,one-year,fiber,121.92,1,1,4,1,1,6.9,0,0.32128919730502026,39.17157893542807
CUST-03378,Northeast,64,1,42,month-to-month,fiber,144.74,1,1,4,2,2,6.4,0,0.8343867381070972,120.76913647362126
CUST-03379,West,20,2,62,one-year,fiber,130.21,1,1,4,0,0,8.7,0,0.08565526299965691,11.153171795185326
CUST-03380,South,25,2,29,month-to-month,dsl,58.24,1,0,0,1,2,8.9,0,0.3859101430714724,22.475406732482554
CUST-03381,West,36,2,60,month-to-month,fiber,91.25,0,1,1,1,1,7.3,0,0.6113596355094986,55.786566740241746
CUST-03382,Northeast,56,3,57,month-to-month,dsl,92.65,1,0,3,3,0,5.1,1,0.5909449036267241,54.751045321015994
CUST-03383,West,44,5,70,one-year,dsl,97.23,0,1,0,2,1,7.5,0,0.21529603547140244,20.93323352888446
CUST-03384,South,20,4,66,two-year,dsl,81.32,1,0,1,2,1,8.1,0,0.0647183919209087,5.2628996310082945
CUST-03385,West,38,3,58,month-to-month,none,90.29,1,1,2,2,0,7.8,0,0.3229218951953956,29.15661791719227
CUST-03386,Northeast,20,5,18,month-to-month,fiber,97.61,1,0,1,1,1,6.4,0,0.6871093892992056,67.06874748949546
CUST-03387,Midwest,43,5,56,month-to-month,dsl,63.75,1,1,0,1,0,7.7,0,0.234172561094876,14.928500769798346
CUST-03388,West,34,3,54,month-to-month,dsl,78.58,0,0,4,0,0,7.8,0,0.2905041620883863,22.827817056905396
CUST-03389,Northeast,71,1,21,two-year,fiber,102.89,1,1,2,1,0,9.5,0,0.09939366324092652,10.22661401085893
CUST-03390,South,39,2,49,month-to-month,fiber,102.75,0,1,2,1,0,7.9,0,0.5648364319282185,58.03694338062446
CUST-03391,West,53,5,19,two-year,fiber,93.35,0,1,3,0,2,9.2,1,0.22844643824313834,21.325475009996964
CUST-03392,West,29,3,38,one-year,fiber,103.11,1,0,3,0,1,7.6,0,0.18410362961568366,18.98292524967314
CUST-03393,Midwest,46,5,58,month-to-month,dsl,90.9,0,0,2,1,0,7.1,0,0.41255775840551345,37.50150023906117
CUST-03394,Northeast,71,1,14,two-year,fiber,123.17,1,1,4,1,0,7.4,0,0.2381424718565613,29.332008258572653
CUST-03395,West,19,1,25,month-to-month,dsl,84.65,1,1,1,0,0,9.0,0,0.24349731962708904,20.61204810643309
CUST-03396,Northeast,36,1,58,one-year,none,116.05,1,1,4,3,2,7.3,0,0.3102232271226718,36.001405507586064
CUST-03397,South,39,1,33,month-to-month,fiber,146.96,0,1,4,1,0,7.7,1,0.7317684680163241,107.540694059679
CUST-03398,West,46,2,70,two-year,dsl,68.86,0,1,0,3,0,6.6,0,0.1561657332175431,10.753572389360018
CUST-03399,Northeast,42,5,1,month-to-month,fiber,127.56,0,1,3,1,0,7.7,0,0.7749754151987261,98.85586396274951
CUST-03400,South,77,1,52,month-to-month,fiber,85.34,1,0,0,1,1,6.1,0,0.6319113910419737,53.927318111522034
CUST-03401,Midwest,26,5,59,two-year,fiber,84.97,0,1,2,4,1,5.4,0,0.48690121411805076,41.371996163610774
CUST-03402,Northeast,33,1,67,month-to-month,fiber,113.55,0,1,4,0,0,7.6,0,0.42624523188529834,48.400146080575624
CUST-03403,South,46,1,12,month-to-month,fiber,83.27,1,0,0,2,1,6.7,0,0.775525297929335,64.57799155857572
CUST-03404,Northeast,55,1,71,one-year,fiber,111.36,1,1,2,0,1,7.6,0,0.1326101891809455,14.767470667190091
CUST-03405,Midwest,22,4,29,month-to-month,fiber,141.7,1,0,3,1,0,6.8,0,0.6259687348366854,88.69976972635831
CUST-03406,West,62,1,26,two-year,fiber,84.07,0,0,2,2,0,5.7,0,0.41692030075351505,35.05048968434801
CUST-03407,Northeast,49,1,26,one-year,dsl,68.71,1,1,0,1,0,8.3,0,0.10762384772628349,7.394834577272937
CUST-03408,South,34,5,46,one-year,fiber,90.41,0,1,0,2,2,5.4,1,0.6591652987207912,59.59513465734673
CUST-03409,Northeast,40,4,48,month-to-month,dsl,69.05,0,0,2,3,1,6.8,0,0.6402668325276749,44.21042478603595
CUST-03410,South,21,2,35,month-to-month,none,73.1,1,1,0,0,1,8.1,0,0.34327317473115104,25.09326907284714
CUST-03411,Northeast,57,4,6,two-year,dsl,81.14,1,0,0,2,2,7.6,0,0.2612165090566747,21.195107544858587
CUST-03412,West,65,5,72,month-to-month,dsl,120.08,1,1,4,0,0,7.3,0,0.24772856974544794,29.747246655033386
CUST-03413,Northeast,77,3,16,month-to-month,dsl,104.47,0,1,2,2,0,8.4,0,0.6266837908967727,65.46965563498584
CUST-03414,Midwest,35,5,7,month-to-month,dsl,104.22,1,1,2,2,0,9.0,0,0.4559724080825084,47.52144437035902
CUST-03415,South,34,2,44,month-to-month,none,56.35,1,1,0,0,2,7.6,1,0.403423598090302,22.73291975238852
CUST-03416,West,37,5,30,one-year,none,81.81,0,1,3,0,0,8.6,0,0.12400224750500917,10.1446238683848
CUST-03417,Northeast,25,4,45,one-year,fiber,119.35,1,1,2,4,2,5.7,1,0.6475971734008638,77.29072264539309
CUST-03418,South,42,2,64,one-year,dsl,83.62,0,0,1,1,0,8.6,0,0.0921425987342778,7.70496410616031
CUST-03419,Northeast,25,4,8,two-year,dsl,82.37,0,0,3,1,1,8.1,1,0.19463508070348332,16.03209159754592
CUST-03420,Midwest,20,2,21,month-to-month,fiber,80.57,1,1,1,0,0,6.5,0,0.5454464862243763,43.946623395097994
CUST-03421,Northeast,38,1,38,month-to-month,dsl,94.8,0,1,2,1,1,6.3,1,0.6934995978855246,65.74376187954773
CUST-03422,Midwest,69,3,57,month-to-month,dsl,83.75,1,0,2,0,0,8.5,1,0.1669533549610925,13.982343477991497
CUST-03423,South,76,1,44,one-year,dsl,67.27,0,1,1,1,1,8.1,0,0.21615218434148714,14.540557440651838
CUST-03424,Northeast,69,3,28,month-to-month,fiber,126.72,1,1,4,1,0,7.7,0,0.5672902533470234,71.88702090413481
CUST-03425,Northeast,75,5,44,one-year,fiber,115.75,1,1,3,2,1,5.6,0,0.4664924759965483,53.99650409660047
CUST-03426,Midwest,70,1,71,month-to-month,fiber,75.68,1,1,1,0,0,8.6,0,0.1958606518568836,14.822734132528952
CUST-03427,Northeast,57,4,35,one-year,dsl,84.63,1,1,0,2,0,9.0,0,0.10031526213111877,8.489680634156581
CUST-03428,West,28,2,64,one-year,none,49.86,1,1,1,0,0,6.4,0,0.07202077807279321,3.5909559947094696
CUST-03429,West,66,3,57,two-year,none,76.83,0,1,2,2,1,7.7,0,0.1615805870559077,12.414236503505387
CUST-03430,South,76,4,22,month-to-month,fiber,98.35,0,0,2,0,0,9.5,0,0.4596907582182904,45.21058607076886
CUST-03431,South,47,4,18,two-year,fiber,122.44,1,1,2,1,0,8.7,0,0.15694054357035953,19.21580015475482
CUST-03432,South,57,4,56,month-to-month,dsl,72.51,1,1,0,1,0,7.5,0,0.2891935458475827,20.969424009408225
CUST-03433,West,41,2,15,month-to-month,dsl,111.57,0,1,3,5,0,5.9,1,0.9056066681313157,101.0385359634109
CUST-03434,South,53,2,25,month-to-month,fiber,76.32,1,1,1,2,0,6.9,0,0.6483246242147788,49.48013532007191
CUST-03435,South,19,3,17,month-to-month,fiber,81.01,0,1,1,3,2,6.2,1,0.9210841360801314,74.61702586385145
CUST-03436,Midwest,61,2,44,one-year,fiber,100.28,0,1,2,4,1,5.8,0,0.6971472209565074,69.90992331751856
CUST-03437,South,49,5,22,month-to-month,dsl,97.62,1,0,4,0,1,8.0,0,0.4176939090927893,40.775279405638095
CUST-03438,Midwest,63,3,48,month-to-month,dsl,69.91,1,1,0,1,0,6.9,0,0.3551842488434608,24.830930836646342
CUST-03439,South,40,4,68,one-year,fiber,125.11,1,1,4,2,1,6.7,0,0.30003272548997684,37.537094286051
CUST-03440,South,42,4,60,two-year,none,70.17,0,0,3,3,1,7.8,0,0.15856136043965727,11.12625066205075
CUST-03441,West,26,2,69,one-year,dsl,76.74,0,1,2,2,0,6.5,0,0.1923501960413782,14.760954044215362
CUST-03442,Northeast,53,4,2,one-year,none,68.02,1,1,0,2,0,5.6,0,0.3866971373467509,26.303139282325994
CUST-03443,Midwest,73,4,33,month-to-month,fiber,69.69,0,1,3,2,0,9.9,1,0.44452906928328784,30.97923083835233
CUST-03444,South,53,5,16,one-year,fiber,138.03,1,1,3,4,0,5.9,0,0.6730205450555885,92.89702583402288
CUST-03445,Northeast,71,2,67,month-to-month,none,80.27,0,1,2,2,1,6.3,0,0.621098995807745,49.855616393487686
CUST-03446,South,18,3,52,month-to-month,none,91.32,0,1,4,1,0,6.9,0,0.5010617691545283,45.75696075919152
CUST-03447,West,62,5,24,month-to-month,none,84.13,0,1,4,1,0,7.3,0,0.5809511762020605,48.875422453879345
CUST-03448,Midwest,18,2,41,one-year,dsl,104.68,0,1,4,2,0,6.4,0,0.3350583557364909,35.07390867849587
CUST-03449,South,43,5,44,month-to-month,fiber,95.2,0,0,1,0,0,9.2,0,0.35574811503524933,33.867220551355736
CUST-03450,South,46,2,36,one-year,fiber,132.64,1,0,3,2,0,7.2,0,0.3198387338792372,42.42340966174202
CUST-03451,West,46,1,35,month-to-month,fiber,62.86,1,1,0,0,0,7.2,0,0.4071280313391036,25.59206804997605
CUST-03452,South,51,1,4,month-to-month,none,79.57,0,1,2,1,1,4.5,0,0.8990927301935352,71.54080854149959
CUST-03453,South,64,3,33,month-to-month,fiber,94.6,1,1,0,0,0,9.1,1,0.33515370719943566,31.70554070106661
CUST-03454,South,60,3,26,month-to-month,dsl,82.03,0,0,1,3,1,5.6,0,0.853549592471511,70.01667307043805
CUST-03455,West,21,2,59,month-to-month,none,110.3,1,0,3,1,1,7.6,0,0.36031072897422534,39.742273405857055
CUST-03456,South,63,5,63,one-year,none,55.24,1,1,2,2,0,6.5,0,0.12777944592171234,7.05853659271539
CUST-03457,Midwest,41,5,55,month-to-month,none,78.61,1,0,4,0,1,7.9,0,0.23915292512330183,18.799811443942758
CUST-03458,Midwest,53,4,3,month-to-month,dsl,75.25,1,1,0,0,1,7.8,0,0.5045824956708631,37.96983279923245
CUST-03459,West,73,4,61,one-year,fiber,91.64,0,0,4,0,0,9.0,0,0.0960810023752899,8.804863057671566
CUST-03460,Midwest,35,3,29,month-to-month,none,113.54,0,1,3,0,0,8.0,0,0.48488402359238286,55.05373203867915
CUST-03461,South,54,4,30,month-to-month,fiber,117.44,1,1,2,2,0,6.0,0,0.7562700080126802,88.81634974100916
CUST-03462,West,55,2,69,month-to-month,fiber,102.8,1,0,0,2,1,8.9,0,0.36628598882658625,37.65419965137306
CUST-03463,West,48,1,63,month-to-month,none,70.95,1,1,0,2,0,7.4,0,0.318664293788067,22.609231644263353
CUST-03464,Northeast,33,3,4,month-to-month,dsl,109.23,1,0,2,0,0,7.2,1,0.4805807888276228,52.49383956364124
CUST-03465,Midwest,62,1,26,one-year,dsl,81.51,0,1,2,3,0,6.7,1,0.42901171275874345,34.96874470696518
CUST-03466,Midwest,67,1,54,month-to-month,fiber,98.02,1,1,2,1,0,7.9,1,0.3984839997157985,39.05940165214257
CUST-03467,South,74,3,39,one-year,fiber,98.03,1,1,1,0,0,8.9,0,0.11450460233909122,11.224886167301113
CUST-03468,South,43,2,19,month-to-month,none,83.42,0,1,3,1,0,7.6,0,0.6005067963389042,50.09427695059139
CUST-03469,Midwest,25,2,38,one-year,dsl,83.46,0,0,3,1,2,7.4,0,0.3085912300322967,25.755024058495483
CUST-03470,Northeast,71,3,63,one-year,fiber,87.55,1,0,1,2,0,8.2,0,0.1110663961563093,9.723862983484878
CUST-03471,South,54,5,17,month-to-month,dsl,82.77,0,1,1,1,0,8.0,1,0.5634340076909542,46.63543281658028
CUST-03472,Midwest,25,1,54,month-to-month,none,94.16,1,1,2,0,0,8.8,0,0.1811141893340877,17.0537120676977
CUST-03473,South,64,2,53,month-to-month,none,63.59,1,1,3,2,0,5.4,1,0.5394873885588451,34.306003038456964
CUST-03474,Northeast,60,2,64,two-year,fiber,106.04,1,1,2,1,0,6.3,0,0.13204344796950632,14.00188722268645
CUST-03475,Northeast,67,2,22,two-year,dsl,68.58,1,1,0,0,0,7.7,0,0.07454721336625997,5.112447892658109
CUST-03476,Northeast,43,1,16,month-to-month,fiber,98.65,1,1,4,3,0,6.2,0,0.7860024329394382,77.53914000947557
CUST-03477,Midwest,46,2,40,one-year,fiber,101.33,1,0,1,2,0,6.7,0,0.27490495300896683,27.85611888839861
CUST-03478,Northeast,25,1,39,month-to-month,fiber,118.1,1,1,3,1,2,6.1,1,0.7705478401678884,91.00169992382762
CUST-03479,West,43,5,30,month-to-month,dsl,61.76,0,1,0,2,0,7.0,0,0.589472546602574,36.40582447817497
CUST-03480,Midwest,51,2,57,one-year,dsl,68.79,1,1,1,3,0,6.0,0,0.21128279883244658,14.534143731684
CUST-03481,Midwest,70,2,58,month-to-month,fiber,116.7,0,1,2,3,0,4.0,1,0.8942796392032442,104.3624338950186
CUST-03482,Northeast,30,4,18,month-to-month,fiber,138.84,0,1,4,2,1,5.3,0,0.921825326411865,127.98622831902334
CUST-03483,Northeast,20,3,58,one-year,fiber,107.41,1,1,2,1,0,7.4,0,0.13933981355592312,14.966489374041702
CUST-03484,West,35,2,17,month-to-month,fiber,114.54,0,1,0,1,0,7.1,0,0.7664911721409298,87.7938988570221
CUST-03485,Midwest,30,2,30,one-year,dsl,107.72,0,1,4,0,0,9.0,0,0.13248801812022282,14.271609311910401
CUST-03486,South,45,1,2,month-to-month,fiber,110.77,0,1,1,1,1,7.4,0,0.8577773994211573,95.01600253388159
CUST-03487,Northeast,60,2,25,month-to-month,fiber,77.69,1,1,1,1,1,5.5,0,0.7500270332311906,58.269600211731195
CUST-03488,South,39,2,70,month-to-month,none,78.73,1,0,0,2,0,8.3,0,0.22493078581060758,17.708800766869135
CUST-03489,South,38,3,32,two-year,fiber,90.84,0,1,3,0,2,7.5,1,0.3124886758239622,28.38647131184873
CUST-03490,Midwest,41,2,52,month-to-month,none,96.21,1,0,2,1,0,7.6,1,0.29873772176182944,28.74155621070561
CUST-03491,South,76,5,8,month-to-month,dsl,51.01,0,0,1,0,0,8.0,0,0.46246161690410537,23.590167078278412
CUST-03492,West,41,4,46,one-year,dsl,89.09,1,1,3,1,0,7.1,0,0.1257013629073409,11.198734421415002
CUST-03493,Northeast,60,3,27,two-year,dsl,58.27,0,0,0,2,0,7.6,0,0.14846016611348975,8.650773879433048
CUST-03494,Midwest,19,5,54,two-year,fiber,99.05,1,1,2,1,0,6.1,0,0.1428947083090264,14.153720858009065
CUST-03495,Northeast,24,2,67,one-year,dsl,67.79,1,1,3,2,1,8.3,0,0.08259770781131505,5.599298612529048
CUST-03496,Northeast,40,4,39,month-to-month,dsl,94.05,1,1,4,1,0,7.7,0,0.3318463225567263,31.21014663646011
CUST-03497,West,49,4,8,one-year,fiber,121.97,1,1,3,1,1,8.0,0,0.37564385480166573,45.81728097015917
CUST-03498,West,41,4,35,one-year,dsl,73.2,0,1,2,1,0,8.1,0,0.1593914702627479,11.667455623233145
CUST-03499,West,34,2,9,two-year,dsl,81.83,1,1,0,0,1,7.8,0,0.13385765258208893,10.953571710792337
CUST-03500,Midwest,53,4,33,one-year,none,66.73,1,0,1,0,0,9.6,0,0.043662548559199134,2.9136018653553584
CUST-03501,Northeast,33,1,5,month-to-month,dsl,92.35,1,1,2,6,0,4.1,1,0.930398553563326,85.92230642157315
CUST-03502,West,46,2,47,month-to-month,fiber,130.6,0,1,2,0,1,6.7,0,0.7310847851040609,95.47967293459035
CUST-03503,West,24,5,23,one-year,dsl,71.02,0,1,2,1,0,7.8,0,0.19600358222471423,13.920174409599204
CUST-03504,Midwest,28,4,15,month-to-month,none,88.81,0,1,3,2,0,5.5,0,0.7993246768330645,70.98802454954446
CUST-03505,West,72,2,2,month-to-month,dsl,104.75,0,1,4,1,1,6.5,0,0.8351946931384064,87.48664410624808
CUST-03506,South,53,3,64,month-to-month,fiber,97.58,1,0,2,4,1,5.9,1,0.7567132582673874,73.84007974173167
CUST-03507,West,36,3,61,one-year,dsl,74.08,1,0,0,2,0,8.0,0,0.07661972009045795,5.675988864301125
CUST-03508,West,20,3,59,two-year,dsl,81.01,0,1,2,1,2,7.1,0,0.1848056491149078,14.97110563479868
CUST-03509,Northeast,64,2,5,one-year,fiber,92.07,1,1,1,2,1,6.3,0,0.5526045991539491,50.87830544410409
CUST-03510,Northeast,37,4,26,two-year,none,97.38,1,1,2,0,0,8.1,0,0.06784504211290156,6.6067502009543535
CUST-03511,West,45,1,70,one-year,dsl,106.97,0,1,2,1,0,7.0,0,0.17204530472926205,18.403686246889162
CUST-03512,Midwest,55,4,42,one-year,dsl,74.29,1,1,2,1,0,7.8,0,0.09976944653282692,7.411872182923712
CUST-03513,South,22,3,10,month-to-month,dsl,100.12,1,1,2,1,0,7.0,0,0.5721635711714081,57.28501674568139
CUST-03514,Midwest,55,3,11,one-year,fiber,105.35,0,0,1,1,0,6.8,0,0.4680427342955102,49.308302058032
CUST-03515,Northeast,77,4,19,month-to-month,none,60.71,1,1,0,0,1,6.9,0,0.48679209211725294,29.553147912438426
CUST-03516,Northeast,28,5,71,month-to-month,dsl,90.92,0,0,4,3,0,4.5,1,0.674989077654061,61.37000694030723
CUST-03517,Northeast,74,3,13,month-to-month,fiber,91.16,0,1,2,0,0,8.8,1,0.5471798248305851,49.88091283155614
CUST-03518,Northeast,38,3,66,one-year,fiber,105.06,1,1,1,1,3,7.8,1,0.26390884758138433,27.72626352690024
CUST-03519,Northeast,18,3,49,one-year,fiber,115.98,1,0,4,1,1,6.5,0,0.26107129401037044,30.279048679322763
CUST-03520,Northeast,45,3,67,two-year,dsl,72.83,1,0,0,1,2,8.0,0,0.06440033098073894,4.690276105327217
CUST-03521,West,30,2,60,two-year,fiber,114.38,0,1,1,1,0,7.7,0,0.15520218728827953,17.75202618203341
CUST-03522,Northeast,42,3,24,two-year,none,106.79,1,1,3,0,0,7.3,0,0.1006714582989035,10.750705031739907
CUST-03523,Northeast,28,1,60,month-to-month,none,89.0,1,0,2,1,0,6.6,0,0.31532847219979154,28.06423402578145
CUST-03524,South,59,4,13,two-year,dsl,125.67,1,1,4,2,1,7.0,0,0.3280481411962647,41.225809904134586
CUST-03525,Midwest,39,1,21,two-year,fiber,97.73,1,1,1,1,0,8.6,0,0.12634961902054215,12.348148266877585
CUST-03526,Midwest,62,5,16,two-year,dsl,73.83,1,1,3,1,0,8.4,0,0.08276579883310203,6.110598927847923
CUST-03527,Northeast,30,2,10,month-to-month,fiber,94.73,1,1,2,2,0,6.5,0,0.7269946770332355,68.8682057553584
CUST-03528,Northeast,20,4,7,month-to-month,dsl,92.11,1,1,2,1,1,7.7,0,0.5519763753861932,50.84254393682225
CUST-03529,Northeast,37,1,14,two-year,fiber,90.82,1,1,2,1,0,7.8,0,0.16182425727888936,14.69687904606873
CUST-03530,Northeast,62,2,9,month-to-month,none,88.84,1,1,4,2,1,6.1,1,0.7575566065528427,67.30132892615455
CUST-03531,Northeast,76,5,28,month-to-month,fiber,98.9,1,1,3,2,0,7.9,0,0.5526085883578232,54.65298938858872
CUST-03532,West,70,3,6,month-to-month,fiber,103.56,1,1,1,1,0,7.7,0,0.6448148081500602,66.77702153202024
CUST-03533,Midwest,18,3,5,month-to-month,none,104.16,0,0,2,0,0,8.3,0,0.5150554942920639,53.64818028546137
CUST-03534,Northeast,72,2,72,month-to-month,dsl,121.58,0,1,2,1,0,6.3,0,0.5277209885374793,64.16031778638673
CUST-03535,Northeast,41,4,7,two-year,dsl,101.92,0,1,3,1,0,7.2,0,0.24792998777206135,25.269024353728494
CUST-03536,West,21,4,6,two-year,none,68.75,1,0,2,1,0,8.6,0,0.07666060812673352,5.2704168087129295
CUST-03537,Midwest,32,3,3,two-year,fiber,102.87,0,1,2,0,1,7.7,0,0.34271394621063056,35.25498364668757
CUST-03538,Northeast,71,5,10,month-to-month,fiber,124.8,0,1,2,1,0,7.1,0,0.7936770035054822,99.05089003748418
CUST-03539,Midwest,53,3,39,month-to-month,dsl,101.02,1,0,1,0,1,6.9,0,0.4440597974790306,44.85892074133167
CUST-03540,West,27,5,60,month-to-month,dsl,86.3,0,1,2,0,1,7.8,0,0.37271043911450286,32.16491089558159
CUST-03541,South,65,3,53,month-to-month,none,104.01,1,1,4,1,0,6.6,0,0.4428423387563468,46.060031654047634
CUST-03542,Midwest,38,3,42,month-to-month,fiber,117.66,1,1,4,1,1,7.6,0,0.5738530377092534,67.51954841687076
CUST-03543,South,25,3,7,one-year,dsl,66.54,0,1,0,1,1,6.5,0,0.45470261057714106,30.25591170780297
CUST-03544,Northeast,40,2,56,two-year,fiber,92.62,0,0,1,0,0,8.0,0,0.0894974321560154,8.289252166290147
CUST-03545,South,64,4,3,month-to-month,dsl,118.06,1,1,3,2,4,7.4,1,0.8973373509276984,105.93964765052408
CUST-03546,South,35,3,46,month-to-month,dsl,80.62,1,1,0,1,0,7.9,0,0.3049435420524919,24.5845483602719
CUST-03547,Northeast,27,2,30,month-to-month,none,73.1,1,1,3,0,0,7.8,0,0.27807343540872,20.32716812837743
CUST-03548,South,35,2,64,month-to-month,fiber,112.92,0,1,2,2,1,7.3,0,0.7062679489722525,79.75177679794676
CUST-03549,West,65,2,23,month-to-month,fiber,104.36,1,0,0,2,1,6.1,0,0.7984231503184682,83.32343996723534
CUST-03550,Northeast,28,5,46,month-to-month,fiber,97.11,1,0,2,0,0,7.2,1,0.3461710212505721,33.61666787364305
CUST-03551,Northeast,45,2,32,month-to-month,fiber,87.38,1,1,2,0,2,7.3,0,0.607655758182209,53.09696014996142
CUST-03552,South,57,2,38,month-to-month,fiber,93.32,1,0,3,0,0,9.1,0,0.2829525205188742,26.40512921482134
CUST-03553,West,21,4,68,two-year,dsl,70.35,1,1,4,0,1,9.1,0,0.02487739326946563,1.750124616506907
CUST-03554,Midwest,52,5,52,month-to-month,fiber,103.91,1,1,4,1,1,6.9,0,0.5600405695661526,58.19381558361891
CUST-03555,Midwest,64,3,30,month-to-month,fiber,108.11,1,0,2,0,1,7.6,1,0.5407658758798243,58.4621988413678
CUST-03556,Midwest,54,3,33,month-to-month,dsl,108.46,1,1,3,0,1,8.2,0,0.39517541447093574,42.86072545351769
CUST-03557,Northeast,29,4,51,month-to-month,fiber,122.65,1,1,3,1,0,9.7,0,0.2611672578152496,32.032164171040364
CUST-03558,Northeast,49,4,25,one-year,fiber,131.98,1,0,4,0,0,8.2,0,0.1652852103634028,21.8143420637619
CUST-03559,West,72,1,13,one-year,none,56.14,1,1,3,1,1,8.9,0,0.15213115376264144,8.540642972234691
CUST-03560,Midwest,31,5,34,two-year,fiber,98.88,1,0,1,0,1,8.4,0,0.09745367607965563,9.636219490756348
CUST-03561,South,27,2,5,one-year,fiber,62.38,1,1,1,0,0,9.2,0,0.12926830151843666,8.063756648720078
CUST-03562,South,53,3,13,month-to-month,dsl,94.93,0,1,1,4,0,6.6,0,0.852526364811211,80.93032781152827
CUST-03563,Northeast,43,1,31,month-to-month,fiber,99.68,1,1,0,0,0,8.3,0,0.3847036701451928,38.34726184007282
CUST-03564,Northeast,57,4,58,month-to-month,fiber,100.55,0,1,1,1,0,7.3,0,0.5400585915039917,54.30289137572637
CUST-03565,West,54,1,57,month-to-month,fiber,112.87,0,1,2,2,1,6.3,0,0.7971219083600701,89.97114979660113
CUST-03566,Northeast,21,1,19,two-year,fiber,127.6,1,1,3,0,0,8.8,0,0.10834059643283198,13.82426010482936
CUST-03567,West,61,5,31,month-to-month,none,77.88,0,0,1,1,1,8.1,1,0.5296568420787876,41.249674861095976
CUST-03568,South,77,1,12,month-to-month,fiber,91.18,1,0,0,2,1,7.9,0,0.7214966628871867,65.78606572205369
CUST-03569,West,26,4,55,month-to-month,fiber,63.48,0,0,0,2,1,7.6,0,0.5731924710576922,36.3862580627423
CUST-03570,Northeast,52,3,18,month-to-month,fiber,85.12,0,1,0,2,0,6.3,1,0.806824296774641,68.67688414145744
CUST-03571,Midwest,40,2,58,two-year,none,65.87,0,1,2,3,0,6.0,0,0.2164762299491211,14.259289266748608
CUST-03572,Northeast,56,2,61,month-to-month,fiber,81.3,1,0,2,1,0,6.8,1,0.37556861068236314,30.53372804847612
CUST-03573,Northeast,53,1,50,month-to-month,dsl,78.44,1,1,1,2,0,7.1,0,0.3937612862917138,30.88663529672203
CUST-03574,South,52,4,24,month-to-month,fiber,68.28,0,1,1,3,1,6.8,1,0.8475728581920994,57.87227475735655
CUST-03575,Midwest,26,5,69,one-year,none,93.57,1,0,2,0,0,7.9,0,0.04596302246167025,4.300760011738485
CUST-03576,West,59,2,50,month-to-month,fiber,112.57,1,0,3,2,1,6.6,0,0.6695043446203289,75.36610407391042
CUST-03577,Northeast,58,5,47,one-year,fiber,107.64,0,1,0,1,0,8.2,0,0.21895928301687248,23.568777223936152
CUST-03578,Midwest,57,1,62,month-to-month,dsl,109.56,0,0,4,0,0,7.6,0,0.35020045743429046,38.36796211650086
CUST-03579,West,29,5,64,month-to-month,fiber,112.22,0,1,1,2,1,6.3,0,0.7479299663671791,83.93270082572484
CUST-03580,West,65,4,6,two-year,dsl,94.88,0,1,0,2,0,8.1,0,0.25813202518070166,24.491566549144974
CUST-03581,South,30,1,64,month-to-month,dsl,87.0,0,1,0,1,1,7.1,0,0.5279782086392923,45.934104151618435
CUST-03582,Northeast,27,5,56,month-to-month,dsl,98.75,1,1,2,3,0,5.8,0,0.5464940121854613,53.96628370331431
CUST-03583,West,37,1,15,one-year,fiber,98.0,1,0,2,2,0,7.4,0,0.31366326769215347,30.73900023383104
CUST-03584,West,27,5,23,month-to-month,dsl,75.86,1,1,0,0,0,8.5,0,0.2604885992546665,19.760665139459
CUST-03585,South,38,4,55,month-to-month,fiber,96.28,1,1,2,1,0,9.8,0,0.23265052120248103,22.399592181374874
CUST-03586,Northeast,31,2,16,one-year,none,101.12,1,0,1,2,0,8.7,0,0.1528146102133146,15.452613384770373
CUST-03587,Midwest,22,5,33,month-to-month,dsl,85.34,0,1,4,1,0,10.0,1,0.2793298665279541,23.838010809495604
CUST-03588,Northeast,75,2,50,month-to-month,dsl,107.67,0,0,1,2,1,5.5,0,0.7715287915861649,83.07050499008238
CUST-03589,Midwest,58,1,47,month-to-month,dsl,73.88,1,1,4,0,0,9.4,0,0.1520294787383253,11.231937889187474
CUST-03590,Northeast,39,2,66,one-year,dsl,90.76,0,1,2,0,0,9.6,1,0.050431338665146,4.577148297248651
CUST-03591,West,40,5,9,month-to-month,dsl,103.22,0,1,4,1,1,7.1,1,0.7522545338697254,77.64771298603306
CUST-03592,South,36,5,22,month-to-month,fiber,85.69,1,1,2,0,1,7.5,0,0.5604345399122074,48.02363572507705
CUST-03593,Northeast,62,5,71,one-year,dsl,70.9,0,1,0,3,0,7.2,0,0.17730855350484478,12.571176443493496
CUST-03594,Northeast,31,3,41,one-year,fiber,109.42,0,1,3,0,0,7.9,0,0.20575545163992032,22.51376151844008
CUST-03595,Midwest,23,1,18,two-year,fiber,98.8,1,1,2,0,1,7.2,0,0.2108254981713918,20.829559219333508
CUST-03596,Midwest,46,5,21,month-to-month,dsl,79.09,0,0,4,2,0,5.5,0,0.7440356154789908,58.84577682823338
CUST-03597,Northeast,31,3,25,month-to-month,fiber,106.6,0,1,1,3,0,4.9,0,0.8979813947070971,95.72481667577655
CUST-03598,West,72,5,40,month-to-month,dsl,71.21,0,1,0,1,0,7.5,0,0.4719098205054902,33.60469831819595
CUST-03599,West,39,1,21,one-year,fiber,92.19,0,1,0,0,0,8.8,1,0.21788201894894535,20.08654332690327
CUST-03600,South,58,2,45,month-to-month,fiber,133.75,1,1,3,2,0,6.1,1,0.7293197505124369,97.54651663103844
CUST-03601,Midwest,41,2,33,one-year,dsl,98.33,1,0,1,2,2,7.3,1,0.31335899465967376,30.81258994488572
CUST-03602,West,29,3,44,month-to-month,fiber,68.94,1,1,3,2,0,7.4,0,0.45744186265716386,31.536042011584875
CUST-03603,West,37,5,12,two-year,dsl,70.23,0,0,0,1,0,8.0,0,0.14143544480585218,9.933011288714999
CUST-03604,Northeast,68,3,45,two-year,dsl,49.41,0,0,0,1,1,8.0,0,0.1004880118348298,4.96511266475894
CUST-03605,West,22,4,67,month-to-month,dsl,138.41,1,1,3,0,0,8.3,0,0.21283629703370968,29.458671872435755
CUST-03606,Northeast,74,3,10,two-year,fiber,105.03,0,0,1,1,0,8.8,0,0.21242033900756843,22.31050820596491
CUST-03607,Midwest,19,5,24,two-year,dsl,91.85,0,1,2,1,0,8.2,0,0.1317203831500035,12.09851719232782
CUST-03608,Northeast,60,5,50,month-to-month,fiber,89.04,1,1,0,2,0,5.9,1,0.6049784571589273,53.86728182543089
CUST-03609,Northeast,59,5,45,month-to-month,fiber,80.58,1,1,0,1,1,9.0,0,0.3584169155550437,28.88123505542542
CUST-03610,Northeast,53,1,49,one-year,fiber,105.1,1,0,0,3,0,5.9,0,0.36090137076667117,37.93073406757714
CUST-03611,Northeast,22,5,41,month-to-month,fiber,104.84,1,0,1,2,1,6.7,0,0.6378115077831862,66.86815847598925
CUST-03612,Northeast,58,4,50,month-to-month,fiber,111.31,1,1,1,1,0,9.8,1,0.2583530186867186,28.75727451001865
CUST-03613,South,22,2,44,month-to-month,fiber,82.32,1,0,1,3,0,6.9,0,0.5904252021002584,48.60380263689327
CUST-03614,Northeast,62,2,6,two-year,fiber,98.69,1,1,1,1,1,6.9,0,0.33251822839491674,32.81622396029433
CUST-03615,South,64,5,55,month-to-month,dsl,98.85,0,1,2,1,0,7.6,0,0.45759638456850205,45.23340261459642
CUST-03616,South,69,4,33,one-year,fiber,125.48,0,0,4,1,0,8.1,0,0.31380480270031463,39.37622664283548
CUST-03617,Midwest,41,2,4,month-to-month,fiber,97.35,0,1,0,0,2,7.5,1,0.8320870889324382,81.00367810757285
CUST-03618,West,57,2,30,month-to-month,fiber,100.46,1,0,4,4,1,5.2,1,0.8800334267040345,88.4081580466873
CUST-03619,Northeast,29,3,32,two-year,fiber,88.57,1,0,2,3,1,5.4,0,0.39076575258758384,34.6101227066823
CUST-03620,West,49,3,7,month-to-month,dsl,95.59,1,1,2,5,1,4.1,0,0.939392254473463,89.79650560511833
CUST-03621,Midwest,61,5,72,month-to-month,none,55.85,0,0,3,0,1,6.9,0,0.3340091845829591,18.654412958958265
CUST-03622,West,28,4,17,month-to-month,dsl,76.98,1,0,3,2,0,8.2,0,0.3979532845093205,30.634443841527492
CUST-03623,South,67,5,24,one-year,dsl,101.07,0,1,4,1,0,6.6,0,0.3592008709541575,36.304432027336695
CUST-03624,Northeast,40,3,32,month-to-month,fiber,94.29,0,1,4,1,1,7.2,1,0.7180974148789043,67.70940524893189
CUST-03625,Northeast,73,5,60,month-to-month,none,68.91,1,1,0,0,0,9.4,0,0.11399766503613223,7.855579097639872
CUST-03626,Northeast,23,5,54,month-to-month,fiber,103.07,1,1,2,1,0,8.1,0,0.3303944562937349,34.05375661019525
CUST-03627,West,31,5,56,month-to-month,fiber,91.07,1,1,2,5,0,6.6,0,0.6946015670870236,63.257364714615235
CUST-03628,Midwest,61,4,18,month-to-month,fiber,96.52,0,1,2,0,0,7.3,0,0.6654071980134277,64.22510275225605
CUST-03629,West,29,2,61,month-to-month,fiber,139.1,0,1,4,1,0,7.9,0,0.552985276566283,76.92025197036997
CUST-03630,Midwest,77,1,60,month-to-month,dsl,106.08,1,0,3,0,1,8.9,1,0.22817934720044036,24.205265151022715
CUST-03631,West,74,3,34,month-to-month,fiber,115.61,0,1,2,0,0,8.7,0,0.5244950941532047,60.636877835052
CUST-03632,Northeast,23,2,40,one-year,fiber,120.48,1,1,4,1,0,8.7,0,0.137818255415148,16.60434341241703
CUST-03633,South,68,1,3,one-year,fiber,93.79,0,0,3,2,0,6.0,0,0.649186088399315,60.88716323097176
CUST-03634,West,44,2,55,month-to-month,none,78.16,0,1,3,0,0,8.5,0,0.27400907291829424,21.416549139293878
CUST-03635,West,68,5,70,month-to-month,dsl,55.41,0,1,3,1,1,7.5,0,0.37732609229737674,20.907638774197643
CUST-03636,West,60,2,35,month-to-month,none,48.64,1,1,0,2,0,6.9,0,0.4443311791762977,21.61226855513512
CUST-03637,West,36,1,39,two-year,dsl,91.24,1,0,4,2,0,6.8,0,0.1239359517733376,11.307916239799322
CUST-03638,South,19,2,36,month-to-month,none,97.02,0,1,3,0,0,8.3,0,0.4069241242050353,39.47977853037253
CUST-03639,Midwest,37,1,6,month-to-month,fiber,84.7,0,0,0,1,2,5.9,1,0.899766191106511,76.21019638672149
CUST-03640,West,44,1,45,month-to-month,fiber,113.22,1,1,1,1,0,7.2,0,0.5236038931065772,59.282432777526665
CUST-03641,South,50,3,52,month-to-month,fiber,93.72,1,1,1,0,0,8.9,0,0.2637855948607256,24.721985950347204
CUST-03642,Northeast,65,5,67,month-to-month,fiber,102.08,0,1,1,2,0,7.7,1,0.5288111447913924,53.98104166030533
CUST-03643,Midwest,67,2,67,month-to-month,dsl,97.54,0,1,3,3,0,6.6,1,0.6111393434086505,59.61053155607977
CUST-03644,South,35,5,36,one-year,fiber,111.06,1,1,2,1,0,7.5,0,0.21897243688008358,24.319078839902083
CUST-03645,Midwest,29,5,70,one-year,fiber,118.03,1,1,1,1,2,6.4,0,0.3006258155331931,35.482865007382784
CUST-03646,Northeast,57,1,39,one-year,dsl,80.18,0,0,3,0,0,7.5,1,0.14130481495666236,11.329820063225188
CUST-03647,South,62,4,47,one-year,fiber,121.37,0,0,1,2,1,8.0,0,0.3956043163774901,48.01449587873598
CUST-03648,Midwest,54,4,44,month-to-month,fiber,75.36,0,1,0,0,1,7.8,0,0.5478510323018073,41.2860537942642
CUST-03649,Midwest,55,4,72,two-year,fiber,112.47,0,1,4,0,1,7.9,0,0.12652801491641458,14.230605837649147
CUST-03650,Northeast,60,2,54,one-year,dsl,71.66,0,0,1,1,0,7.8,0,0.11887799982139546,8.518797467201198
CUST-03651,Northeast,42,4,9,one-year,fiber,119.58,0,1,1,1,0,8.3,0,0.3728023506871553,44.57970509517003
CUST-03652,Midwest,32,3,6,one-year,fiber,98.41,0,1,3,2,0,6.2,1,0.6027200833399907,59.31368340148848
CUST-03653,South,65,2,30,month-to-month,fiber,129.31,0,1,3,3,0,5.8,1,0.8980754395500169,116.13013508821268
CUST-03654,Northeast,28,1,38,month-to-month,dsl,43.72,1,0,0,1,0,8.1,1,0.21744342947351616,9.506626736582126
CUST-03655,West,21,2,49,month-to-month,fiber,102.79,1,1,0,3,0,6.7,0,0.6359779870427194,65.37217728812112
CUST-03656,South,19,2,35,month-to-month,fiber,105.13,1,0,4,1,1,8.3,1,0.5034738338226316,52.93020414977325
CUST-03657,Midwest,41,3,38,month-to-month,none,82.48,0,0,2,2,0,7.4,0,0.5397272710302772,44.516705314577266
CUST-03658,Midwest,46,3,67,month-to-month,dsl,74.08,1,1,2,3,0,5.8,1,0.48217190792782444,35.719294939293235
CUST-03659,Midwest,50,1,25,month-to-month,fiber,99.62,1,1,2,2,2,3.5,0,0.934668760324057,93.11170190348255
CUST-03660,South,29,4,36,two-year,fiber,105.0,1,0,2,0,1,8.4,0,0.10672493729097218,11.20611841555208
CUST-03661,Northeast,43,1,41,one-year,fiber,83.13,0,0,3,1,0,6.7,0,0.2864587846970509,23.813318771865838
CUST-03662,Midwest,57,3,34,one-year,dsl,64.09,0,1,0,1,0,8.1,0,0.1622135001064533,10.396263221822593
CUST-03663,Northeast,35,1,70,month-to-month,fiber,106.66,1,1,1,2,2,7.9,0,0.5454785003521248,58.180736847557625
CUST-03664,West,50,5,70,one-year,none,82.7,0,0,4,4,0,5.1,1,0.37937632426890056,31.37442201703808
CUST-03665,West,34,2,37,two-year,dsl,62.39,0,0,0,2,0,7.7,0,0.128196582122878,7.9981847586463575
CUST-03666,West,68,1,33,one-year,dsl,96.73,0,1,4,2,0,7.9,0,0.27225032856199777,26.334774281802044
CUST-03667,West,44,2,43,one-year,fiber,110.71,1,0,2,2,0,7.7,0,0.21081389133419984,23.339205909609262
CUST-03668,West,66,3,14,month-to-month,none,76.88,1,1,0,1,2,7.3,0,0.668335602773162,51.38164114120069
CUST-03669,West,38,4,31,month-to-month,dsl,92.7,0,1,2,0,0,6.0,0,0.6066448263300361,56.23597540079435
CUST-03670,Northeast,39,1,16,one-year,dsl,130.63,1,1,3,1,0,8.0,0,0.20400125865261395,26.64868441779096
CUST-03671,Midwest,63,2,11,two-year,fiber,98.2,1,1,1,1,3,7.1,0,0.47447963090532425,46.59389975490284
CUST-03672,South,35,1,7,month-to-month,dsl,85.48,0,1,3,2,0,7.7,0,0.7007498558836882,59.90009768093767
CUST-03673,Northeast,61,2,43,month-to-month,dsl,84.49,0,0,0,0,0,8.7,0,0.2898112920174222,24.486156062552
CUST-03674,West,22,2,1,month-to-month,none,41.7,0,1,0,0,1,7.1,0,0.6404009525371354,26.704719720798547
CUST-03675,Northeast,68,3,47,month-to-month,dsl,94.33,1,0,3,0,1,6.1,0,0.4542915684484488,42.85332365174217
CUST-03676,West,63,1,32,two-year,fiber,88.13,1,1,2,2,0,5.9,0,0.2839686708353891,25.026158960722842
CUST-03677,Midwest,51,4,27,one-year,fiber,142.42,1,0,3,3,0,8.1,0,0.3354600867818449,47.77622555947035
CUST-03678,Northeast,47,4,56,month-to-month,dsl,129.08,1,1,4,2,1,6.7,1,0.5642502168455449,72.83341799042294
CUST-03679,Northeast,40,5,39,month-to-month,none,83.01,0,0,4,1,0,6.0,0,0.5661903518285637,46.99946110528908
CUST-03680,West,38,3,53,month-to-month,dsl,103.14,1,1,2,0,1,6.7,0,0.41828684853559606,43.14210555796138
CUST-03681,West,36,3,52,month-to-month,fiber,111.89,1,1,2,2,1,7.0,1,0.6359906234876772,71.1609908620362
CUST-03682,South,60,4,3,month-to-month,fiber,116.54,1,0,4,3,2,6.1,1,0.9200558039759841,107.22330339536119
CUST-03683,West,30,5,16,one-year,dsl,115.37,1,1,4,1,2,8.9,0,0.23775466810383275,27.429756059139187
CUST-03684,West,34,1,42,one-year,dsl,64.37,0,0,0,0,1,7.9,0,0.1482596006120702,9.543470491398958
CUST-03685,Midwest,41,1,71,month-to-month,fiber,98.91,0,1,2,0,0,8.2,0,0.35222549473046233,34.838623683790026
CUST-03686,Midwest,46,2,12,one-year,fiber,90.86,0,0,4,1,0,7.6,0,0.3568645311732846,32.42471130240464
CUST-03687,Northeast,34,1,8,one-year,none,49.58,1,1,0,0,1,8.9,0,0.11173825406864574,5.5399826367234555
CUST-03688,South,44,3,68,month-to-month,fiber,89.37,1,1,4,0,0,9.7,0,0.15428976064821773,13.78887590913122
CUST-03689,South,66,1,70,one-year,fiber,83.64,1,1,3,2,2,7.7,0,0.2505881571275563,20.959193462148807
CUST-03690,Northeast,34,1,13,one-year,fiber,77.56,0,1,0,0,0,10.0,0,0.14636317465324525,11.351927826105701
CUST-03691,Midwest,28,4,29,two-year,fiber,123.71,0,1,3,2,2,7.1,0,0.5179052177314281,64.07005448555496
CUST-03692,Northeast,65,1,46,month-to-month,fiber,89.47,0,1,2,1,0,5.9,0,0.7067719870344965,63.234889679976405
CUST-03693,South,34,2,15,month-to-month,dsl,74.65,1,0,1,3,1,5.5,1,0.793684505102316,59.248548305887894
CUST-03694,Midwest,60,1,24,month-to-month,dsl,81.51,1,1,3,2,1,7.5,0,0.5869333500289503,47.84093736085974
CUST-03695,Midwest,75,4,29,month-to-month,dsl,92.48,1,0,3,2,0,6.8,0,0.5277875529162261,48.809792893692595
CUST-03696,Midwest,49,5,47,month-to-month,dsl,98.32,1,1,4,1,0,7.6,0,0.3280669758692784,32.25554506746745
CUST-03697,West,50,4,23,one-year,fiber,86.3,1,0,2,1,1,6.9,0,0.3124857026962205,26.967516142683827
CUST-03698,South,59,3,30,month-to-month,fiber,94.84,0,1,0,2,1,7.8,1,0.7775876936138251,73.74641686233517
CUST-03699,Midwest,25,2,21,month-to-month,fiber,107.04,0,1,4,1,1,8.4,0,0.702083139949282,75.15097930017114
CUST-03700,Midwest,23,1,55,two-year,fiber,74.39,0,1,1,0,0,8.0,0,0.09103970106514374,6.772443362236043
CUST-03701,Northeast,28,2,12,month-to-month,dsl,106.89,0,0,3,0,1,7.4,0,0.641289911406132,68.54747863020145
CUST-03702,Midwest,43,3,17,month-to-month,fiber,90.02,1,0,3,1,0,8.7,0,0.4262732738030378,38.373120107749465
CUST-03703,Midwest,68,1,18,one-year,dsl,94.22,0,1,0,1,0,8.6,0,0.23179024946567234,21.839277304655646
CUST-03704,Northeast,54,5,66,month-to-month,fiber,93.05,1,1,2,3,1,4.7,1,0.7621967495459205,70.9224075452479
CUST-03705,Northeast,69,4,69,month-to-month,fiber,84.71,1,1,0,1,1,7.9,0,0.364559136567296,30.88180445861564
CUST-03706,South,41,1,37,one-year,fiber,102.07,1,1,3,2,0,7.8,0,0.2455442480731936,25.06270140083087
CUST-03707,South,66,5,12,month-to-month,fiber,109.71,1,0,3,1,0,7.7,0,0.603895641802946,66.2533908622012
CUST-03708,South,60,2,55,month-to-month,dsl,73.05,0,1,2,1,1,6.3,0,0.6209660414041813,45.36156932457544
CUST-03709,Northeast,24,4,36,month-to-month,dsl,53.99,1,1,1,1,0,6.8,0,0.3407111280724221,18.39499380463007
CUST-03710,South,49,5,62,two-year,fiber,92.4,0,0,4,0,0,5.4,0,0.19430254936672262,17.95355556148517
CUST-03711,South,56,2,26,month-to-month,dsl,61.96,1,1,0,3,0,5.9,0,0.672298243429888,41.65559916291586
CUST-03712,West,40,5,72,one-year,dsl,77.27,1,0,0,1,1,5.9,0,0.135844055340148,10.496670156133236
CUST-03713,Midwest,64,5,59,month-to-month,fiber,108.79,0,0,1,4,0,5.2,0,0.844277957950044,91.8489990453853
CUST-03714,West,42,3,17,one-year,fiber,115.82,0,0,4,3,0,6.9,0,0.5664837030860913,65.61014249143109
CUST-03715,Midwest,60,4,53,month-to-month,fiber,102.75,1,1,4,2,0,5.9,1,0.6283512551707244,64.56309146879194
CUST-03716,Midwest,60,1,21,month-to-month,fiber,101.85,1,1,2,0,1,9.0,1,0.4801247253219388,48.900703274039465
CUST-03717,South,31,5,26,month-to-month,none,87.18,1,0,4,3,0,8.2,0,0.4583758288775748,39.96120476154697
CUST-03718,South,21,2,19,one-year,fiber,113.02,1,1,4,0,1,8.4,0,0.2389416315585872,27.005183198751524
CUST-03719,Northeast,70,2,50,month-to-month,dsl,76.41,1,1,2,0,0,8.6,0,0.18307577479456677,13.988819952052847
CUST-03720,West,68,5,19,month-to-month,dsl,76.73,1,1,0,0,1,6.4,0,0.5645001060381478,43.314093136307086
CUST-03721,South,75,2,46,month-to-month,fiber,113.76,0,0,4,4,0,5.8,1,0.8705896529200938,99.03827891618988
CUST-03722,Northeast,21,4,42,month-to-month,dsl,57.82,1,0,3,2,0,5.7,1,0.4437461416010465,25.657401907372506
CUST-03723,South,59,2,55,one-year,fiber,80.49,1,0,0,1,0,6.3,0,0.1957157285559612,15.753158991469316
CUST-03724,South,25,2,72,month-to-month,fiber,130.07,1,1,4,0,0,7.0,0,0.37991122543318284,49.41505309209409
CUST-03725,Midwest,47,5,1,month-to-month,fiber,114.71,1,1,1,1,1,7.2,0,0.7693526419614207,88.25244155939457
CUST-03726,West,66,1,72,month-to-month,fiber,138.3,1,0,3,1,0,7.5,0,0.40302951826058986,55.73898237543958
CUST-03727,West,33,4,8,month-to-month,fiber,99.61,1,1,1,1,2,7.0,1,0.7961809905178032,79.30758846547837
CUST-03728,West,40,1,38,month-to-month,dsl,56.86,1,0,0,3,0,5.4,0,0.6040360074030339,34.345487380936504
CUST-03729,West,47,5,25,month-to-month,dsl,80.37,0,0,2,0,0,7.9,0,0.41226714824561617,33.133910704500174
CUST-03730,West,45,4,47,month-to-month,dsl,83.11,1,0,2,1,1,6.7,0,0.4403223933602769,36.595194112172614
CUST-03731,Midwest,19,4,52,two-year,fiber,96.75,0,0,4,1,2,7.3,0,0.256536362238589,24.819893046583484
CUST-03732,Northeast,40,4,62,month-to-month,none,45.49,1,0,0,2,1,6.5,0,0.367881198430542,16.734915716605357
CUST-03733,Northeast,68,1,29,one-year,fiber,107.87,0,0,4,2,0,5.5,0,0.5665951654070867,61.11862049246244
CUST-03734,South,23,2,68,month-to-month,dsl,57.04,1,1,0,2,0,6.4,0,0.34448271315014495,19.649293958084268
CUST-03735,West,38,4,24,month-to-month,dsl,121.91,1,1,4,3,1,6.7,0,0.7515936923802428,91.62678703807539
CUST-03736,West,54,3,15,month-to-month,dsl,105.21,0,1,3,1,0,8.1,0,0.5964373299312333,62.751171482065054
CUST-03737,West,41,1,28,month-to-month,fiber,97.41,1,1,1,1,1,6.2,0,0.7293009105166848,71.04120169343027
CUST-03738,Northeast,59,4,39,one-year,dsl,112.69,1,1,4,4,0,5.6,1,0.41972610624379436,47.298934912613184
CUST-03739,Midwest,34,2,49,two-year,dsl,71.92,0,1,1,0,0,7.8,0,0.07431290818562676,5.344584356710277
CUST-03740,West,29,4,60,one-year,fiber,100.44,1,1,3,1,0,9.0,0,0.08041491319378029,8.076873881183293
CUST-03741,South,73,4,17,one-year,dsl,98.06,1,0,0,0,0,8.9,0,0.10435110878979187,10.232669727926991
CUST-03742,South,63,2,22,month-to-month,fiber,78.76,1,1,0,2,1,5.6,0,0.8245278541650877,64.93981379404231
CUST-03743,Midwest,35,1,68,month-to-month,fiber,73.76,1,0,1,0,0,8.5,0,0.17654352884983213,13.021850687963619
CUST-03744,West,23,5,32,one-year,dsl,89.64,0,1,1,1,1,8.5,0,0.2103596709022364,18.85664089967647
CUST-03745,South,44,4,18,month-to-month,dsl,82.54,0,1,1,2,0,6.9,0,0.7082030807203571,58.45508228265828
CUST-03746,South,64,1,71,month-to-month,fiber,88.88,0,1,1,1,0,6.6,0,0.5740438249176124,51.021015158677386
CUST-03747,Northeast,54,1,33,two-year,fiber,125.22,1,1,3,1,2,8.2,0,0.2445682216266761,30.62483271209238
CUST-03748,South,60,3,71,two-year,fiber,89.68,0,1,0,2,1,7.0,0,0.2494438010840831,22.370120081220573
CUST-03749,Northeast,49,5,67,one-year,fiber,91.84,0,0,3,1,0,7.4,0,0.16004000290117515,14.698073866443925
CUST-03750,West,72,2,66,month-to-month,dsl,103.78,1,1,4,1,0,8.4,0,0.23351299557336944,24.23397868060428
CUST-03751,West,25,3,42,two-year,fiber,124.58,0,0,4,2,2,6.6,1,0.47798255677711016,59.547066923292384
CUST-03752,Midwest,66,4,58,month-to-month,dsl,71.33,1,1,0,2,0,7.1,0,0.35387589449420154,25.241967554271394
CUST-03753,Northeast,76,5,70,month-to-month,fiber,136.28,1,1,4,3,0,7.2,0,0.5565830163322704,75.8511334657618
CUST-03754,South,68,3,20,month-to-month,fiber,100.35,0,1,0,1,0,6.8,0,0.7795823926879657,78.23109310623735
CUST-03755,Northeast,34,3,3,two-year,fiber,67.27,0,1,0,0,0,7.2,0,0.2402704724567899,16.162994682168254
CUST-03756,West,75,1,24,two-year,fiber,104.63,0,0,3,1,4,6.9,0,0.6475029085132737,67.74822931774384
CUST-03757,Northeast,75,3,46,one-year,fiber,84.74,1,0,3,0,0,9.9,0,0.0509977622964634,4.321550377002308
CUST-03758,Midwest,68,3,40,month-to-month,fiber,109.02,0,1,0,0,1,5.6,0,0.8025280168589078,87.49160439795813
CUST-03759,South,37,5,6,month-to-month,fiber,96.3,1,0,2,2,0,7.7,0,0.649407596129589,62.537951507279416
CUST-03760,Midwest,65,3,41,month-to-month,fiber,99.61,1,0,2,0,0,8.1,0,0.34415179155398085,34.28095995669203
CUST-03761,Northeast,69,4,13,two-year,dsl,90.02,0,1,3,1,1,6.9,0,0.31254105683892147,28.13494593663971
CUST-03762,South,29,3,37,month-to-month,dsl,61.12,1,1,2,0,1,7.3,0,0.36804795021969294,22.495090717427633
CUST-03763,West,33,3,42,month-to-month,dsl,74.17,1,0,3,1,0,8.4,0,0.230366177320119,17.086259371833226
CUST-03764,West,63,1,46,one-year,fiber,90.01,0,0,0,3,2,6.7,0,0.6032689607370169,54.30023915593889
CUST-03765,South,66,3,30,month-to-month,fiber,127.57,1,1,4,1,0,6.6,1,0.6843029155203558,87.2965229329318
CUST-03766,Midwest,55,2,30,two-year,fiber,101.28,0,1,2,1,0,7.9,0,0.2212237627619925,22.4055426925346
CUST-03767,West,50,2,49,month-to-month,dsl,73.02,1,1,3,2,0,8.2,0,0.3018832102876987,22.04351201520776
CUST-03768,Midwest,75,5,54,one-year,dsl,90.82,0,0,2,3,0,7.2,0,0.2523996656352052,22.922937632989335
CUST-03769,South,38,4,59,month-to-month,fiber,118.47,1,1,1,1,1,5.8,1,0.6737794469270865,79.82265107745194
CUST-03770,West,61,1,25,month-to-month,fiber,116.69,1,0,3,0,0,8.7,0,0.4041367740255183,47.15872016103773
CUST-03771,West,75,3,31,month-to-month,fiber,90.52,1,0,1,4,0,4.8,0,0.8508488757599004,77.01884023378618
CUST-03772,South,33,3,24,month-to-month,fiber,91.92,1,1,1,1,0,7.7,0,0.5342342241746735,49.106809886135984
CUST-03773,Northeast,22,4,38,one-year,none,77.97,0,1,2,2,0,6.4,0,0.2891020383017149,22.54128592638471
CUST-03774,West,27,2,10,month-to-month,fiber,112.01,1,0,1,1,0,7.9,0,0.5778951089736198,64.73003115613515
CUST-03775,Northeast,58,4,31,month-to-month,fiber,148.95,0,1,4,1,1,6.4,1,0.8483551686908054,126.36250237649546
CUST-03776,West,34,4,14,one-year,fiber,118.57,0,1,3,3,0,5.6,1,0.7105614242304384,84.25126807100308
CUST-03777,West,60,4,39,month-to-month,fiber,91.84,0,0,1,2,1,6.8,1,0.7688191510719997,70.60835083445245
CUST-03778,Northeast,46,3,62,one-year,fiber,95.66,1,0,0,1,0,8.0,0,0.09663213241378904,9.24382978670306
CUST-03779,Midwest,69,1,71,one-year,fiber,91.56,1,1,1,0,1,8.9,0,0.08277945300446357,7.579286717088685
CUST-03780,Midwest,57,4,33,month-to-month,fiber,94.36,0,1,0,1,1,6.6,1,0.7787603543250132,73.48382703410824
CUST-03781,Northeast,53,5,5,one-year,fiber,81.82,1,1,1,2,1,5.7,0,0.5620279758425332,45.98512898343606
CUST-03782,West,30,4,17,month-to-month,dsl,111.99,1,1,1,5,0,6.0,1,0.8300409874774118,92.95629018759534
CUST-03783,Northeast,37,3,8,month-to-month,fiber,104.46,0,1,3,1,0,8.6,1,0.6496029379311176,67.85752289628454
CUST-03784,Midwest,31,3,55,month-to-month,fiber,106.19,1,0,0,1,1,6.8,0,0.5389038809968268,57.22620312305304
CUST-03785,Northeast,21,1,71,two-year,dsl,35.13,1,1,0,1,0,8.3,0,0.022279287067388628,0.7826713546773626
CUST-03786,Northeast,36,5,40,one-year,fiber,80.13,1,0,0,2,1,6.8,0,0.27428290850193704,21.978289458260214
CUST-03787,Midwest,74,2,13,month-to-month,none,84.64,1,1,4,1,0,9.3,0,0.34351332607133034,29.0749679186774
CUST-03788,Northeast,66,4,2,two-year,none,103.07,1,1,4,1,0,7.4,0,0.17494719341365614,18.03180722514554
CUST-03789,West,32,3,71,month-to-month,fiber,96.87,0,0,1,1,2,6.8,0,0.6634314704842285,64.2666065458072
CUST-03790,Northeast,39,4,23,two-year,fiber,130.64,1,1,2,1,0,6.1,0,0.2829862318858877,36.96932133357236
CUST-03791,Midwest,61,1,9,one-year,dsl,72.02,0,1,1,2,0,8.5,0,0.27976042578961796,20.148345865368285
CUST-03792,South,22,4,13,two-year,fiber,94.05,0,1,2,0,0,7.7,0,0.22604219975525316,21.25926888698156
CUST-03793,Midwest,61,3,19,two-year,fiber,94.45,0,0,2,0,2,8.9,0,0.24160030992478507,22.81914927239595
CUST-03794,Midwest,50,3,48,two-year,dsl,75.43,1,0,1,1,0,7.3,0,0.06419100179530302,4.841927265419707
CUST-03795,Midwest,60,4,65,month-to-month,fiber,118.71,1,1,3,3,0,6.4,1,0.6265073327466707,74.37268547035727
CUST-03796,Midwest,18,4,20,one-year,dsl,92.44,1,1,0,3,1,5.8,0,0.47059296065307393,43.50161328277015
CUST-03797,West,74,4,50,one-year,dsl,73.58,0,1,3,5,0,4.6,0,0.6069227029016268,44.657372479501696
CUST-03798,Midwest,58,4,5,one-year,dsl,86.28,1,0,3,0,1,7.9,0,0.1887087994651447,16.281795217852686
CUST-03799,West,28,4,1,month-to-month,dsl,56.11,0,1,0,1,1,6.9,0,0.7262149332652759,40.74791990551463
CUST-03800,South,68,5,4,two-year,dsl,85.79,0,0,3,2,0,6.8,0,0.3309726722775999,28.3941455546953
CUST-03801,Midwest,19,5,67,month-to-month,fiber,123.4,0,0,3,2,1,5.1,1,0.8009396784278289,98.83595631799409
CUST-03802,Midwest,27,5,42,month-to-month,none,102.41,1,1,4,1,0,7.8,0,0.332907005761648,34.09300646005037
CUST-03803,South,65,3,58,month-to-month,none,92.42,1,1,4,0,2,5.8,0,0.5777966804275084,53.39996920511033
CUST-03804,West,68,3,2,month-to-month,dsl,90.16,0,1,0,4,1,5.1,0,0.9422638981317407,84.95451305555774
CUST-03805,South,23,1,2,one-year,dsl,69.4,1,1,0,0,1,6.8,0,0.2800495599076869,19.43543945759347
CUST-03806,West,58,4,62,month-to-month,dsl,53.86,1,0,0,0,0,8.9,0,0.10735481431090685,5.782130298785443
CUST-03807,Northeast,66,4,8,one-year,fiber,92.43,1,1,2,3,0,7.9,0,0.3626583115886184,33.520507740136
CUST-03808,Midwest,23,2,12,two-year,dsl,101.08,1,0,3,1,2,7.9,0,0.20255646717826403,20.47440770237893
CUST-03809,West,22,1,38,month-to-month,fiber,126.49,1,1,3,1,0,7.1,1,0.573205018760802,72.50470282305385
CUST-03810,South,31,5,44,one-year,fiber,92.24,1,0,1,1,0,7.2,0,0.17034212903610757,15.71235798229056
CUST-03811,South,31,1,17,month-to-month,fiber,97.29,1,1,1,0,0,7.9,0,0.5054438436237221,49.17463154615192
CUST-03812,West,31,4,33,two-year,dsl,77.72,1,1,0,1,0,7.9,0,0.0733540034144577,5.7010731453716526
CUST-03813,Midwest,65,5,49,two-year,dsl,69.27,1,1,1,1,1,8.1,0,0.07045226628101481,4.880228485285896
CUST-03814,West,30,5,32,month-to-month,fiber,72.92,1,0,1,1,0,7.9,0,0.38144544036835737,27.81500151166062
CUST-03815,West,49,2,28,one-year,fiber,109.35,0,1,1,0,1,6.1,0,0.5138387626640478,56.188268697313625
CUST-03816,West,38,4,6,month-to-month,fiber,85.65,1,1,0,3,0,7.0,0,0.754435842099475,64.61742987582004
CUST-03817,West,37,5,33,month-to-month,fiber,90.58,1,0,1,2,2,6.8,1,0.7352361414615278,66.5976896935852
CUST-03818,Midwest,72,4,58,one-year,fiber,117.82,1,1,4,1,0,7.2,0,0.18144627968788898,21.378000672827078
CUST-03819,West,37,2,46,month-to-month,dsl,110.18,0,1,1,0,1,6.7,0,0.6088719186921007,67.08550800149565
CUST-03820,South,31,1,65,one-year,fiber,132.9,0,1,4,0,0,8.3,0,0.17090539338487867,22.713326780850377
CUST-03821,Midwest,31,3,10,month-to-month,fiber,85.14,1,1,0,1,0,7.7,0,0.5668353097510938,48.26035827220812
CUST-03822,South,73,4,1,month-to-month,fiber,116.85,1,1,3,0,1,6.9,1,0.7728988571692863,90.3132314602311
CUST-03823,South,68,1,40,two-year,fiber,113.03,0,1,0,0,0,8.3,0,0.1686053343794279,19.057460944906737
CUST-03824,South,50,2,13,month-to-month,dsl,80.56,1,0,1,1,1,7.5,0,0.558449239212944,44.98867071099477
CUST-03825,West,51,3,43,one-year,fiber,117.62,0,1,4,1,0,8.4,0,0.24352005824679018,28.64282925098746
CUST-03826,South,49,3,66,month-to-month,fiber,79.64,1,1,3,4,1,5.6,0,0.7593558536787184,60.47510018697313
CUST-03827,Northeast,53,1,25,two-year,dsl,102.16,1,1,2,4,0,4.4,0,0.47398744091094713,48.422556963462355
CUST-03828,South,58,2,40,one-year,fiber,102.55,1,1,3,1,1,7.9,0,0.2505270146646619,25.691545353861073
CUST-03829,South,21,5,50,month-to-month,dsl,68.53,0,1,3,3,0,4.7,1,0.7535969688770277,51.64400027714271
CUST-03830,West,66,2,11,month-to-month,none,49.81,0,1,3,2,0,6.0,1,0.7510466969122227,37.409635973197815
CUST-03831,West,63,5,65,month-to-month,dsl,77.22,0,1,2,0,1,6.4,1,0.47791488216635725,36.904587200886105
CUST-03832,South,75,5,15,two-year,none,89.84,1,0,2,0,0,8.9,0,0.06561848506552599,5.895164698286855
CUST-03833,West,43,5,59,month-to-month,fiber,103.81,1,1,0,1,0,6.6,1,0.4723333689508265,49.0329270307853
CUST-03834,South,18,3,48,month-to-month,fiber,129.93,1,1,4,0,0,9.0,0,0.30964654262432656,40.232375283178754
CUST-03835,Northeast,40,2,11,one-year,fiber,131.32,1,1,2,0,1,7.2,0,0.37908919139691827,49.78199261424331
CUST-03836,Midwest,41,2,53,month-to-month,fiber,91.96,0,1,1,0,0,6.0,1,0.6128950117465358,56.36182528021143
CUST-03837,Midwest,54,3,15,month-to-month,fiber,92.51,0,1,0,2,0,6.4,0,0.8288362234771695,76.67563903387295
CUST-03838,South,28,4,44,month-to-month,fiber,84.02,1,1,3,2,1,5.6,1,0.732691701661086,61.56075677356444
CUST-03839,Northeast,22,5,70,month-to-month,fiber,104.31,1,1,3,1,0,8.7,0,0.2263200929608857,23.60744889674999
CUST-03840,Northeast,27,1,69,one-year,fiber,87.83,0,0,4,0,0,7.6,0,0.11502852888684459,10.10295569213156
CUST-03841,South,59,5,63,two-year,dsl,73.11,1,1,4,0,1,9.2,0,0.03124776999159374,2.2845244640854183
CUST-03842,Midwest,26,2,36,two-year,fiber,129.51,1,0,4,2,0,7.1,0,0.20557217135310152,26.623651911940176
CUST-03843,West,56,2,41,two-year,fiber,86.95,0,1,3,0,0,8.5,0,0.1128693103928603,9.813986538659204
CUST-03844,South,60,2,22,month-to-month,fiber,92.28,0,1,4,1,0,6.8,0,0.7537746311129779,69.55832295910561
CUST-03845,Midwest,52,2,67,month-to-month,dsl,34.89,1,1,0,1,0,9.7,0,0.09384232306710351,3.2741586518112413
CUST-03846,Northeast,21,1,35,one-year,fiber,111.76,0,1,1,0,0,7.2,0,0.28364182761545886,31.699810654303683
CUST-03847,Northeast,24,2,56,two-year,dsl,108.28,1,1,2,1,0,5.2,0,0.14148192148588704,15.319662458491848
CUST-03848,Midwest,68,5,26,one-year,fiber,104.25,1,1,3,1,0,8.1,0,0.20399789187173253,21.266780227628118
CUST-03849,South,55,1,54,month-to-month,fiber,105.03,1,1,1,2,1,5.8,0,0.745958334241709,78.3480038454067
CUST-03850,Northeast,63,4,17,one-year,none,41.74,0,0,1,0,0,8.4,0,0.11526545241962804,4.811179983995275
CUST-03851,Northeast,74,5,53,one-year,fiber,138.76,0,0,4,2,0,7.0,0,0.3668401452380553,50.90273855323255
CUST-03852,South,42,4,4,two-year,fiber,112.04,1,1,3,0,2,7.5,0,0.3437529467665822,38.51408015572787
CUST-03853,South,71,3,8,one-year,fiber,118.11,0,1,3,1,1,7.0,0,0.6293689702180366,74.3347690724523
CUST-03854,Midwest,43,3,26,month-to-month,fiber,93.7,1,1,0,0,0,8.5,0,0.38232852863234507,35.824183132850735
CUST-03855,West,72,3,35,month-to-month,fiber,74.76,1,0,2,1,0,7.2,0,0.46820633150586694,35.003105343378614
CUST-03856,West,58,2,52,month-to-month,fiber,92.1,0,0,2,1,0,7.2,0,0.5576546194123534,51.35999044787774
CUST-03857,Midwest,31,5,26,month-to-month,fiber,113.23,1,1,3,0,1,7.4,1,0.5808124380040958,65.76539235520377
CUST-03858,Northeast,18,4,2,two-year,none,66.17,0,1,4,2,0,8.6,0,0.16701824385350597,11.05159719578649
CUST-03859,Northeast,72,1,24,month-to-month,fiber,95.41,1,0,1,2,0,8.2,0,0.5333783044226295,50.88962402496308
CUST-03860,South,41,4,32,month-to-month,fiber,97.25,1,0,4,3,2,4.6,0,0.9027456933542601,87.7920186787018
CUST-03861,Midwest,69,2,40,month-to-month,dsl,108.78,0,0,3,0,0,7.9,0,0.42628784674564896,46.371591968991694
CUST-03862,Midwest,28,3,47,one-year,fiber,87.1,0,1,2,0,2,7.0,0,0.3641456802587868,31.717088750540327
CUST-03863,Northeast,45,1,18,month-to-month,none,98.28,1,1,4,1,0,6.4,0,0.5759373061449246,56.60311844792319
CUST-03864,Midwest,28,3,44,month-to-month,fiber,102.74,1,1,0,3,0,3.6,1,0.8538810308175838,87.72773710619856
CUST-03865,South,25,1,46,two-year,dsl,90.67,0,1,3,1,2,6.9,1,0.27612769579037433,25.03649817731324
CUST-03866,Midwest,51,2,56,month-to-month,none,66.03,0,1,1,1,0,7.1,0,0.42647966102287893,28.160452017340695
CUST-03867,West,44,5,38,month-to-month,fiber,125.52,0,0,3,0,0,9.1,0,0.4289965103356133,53.847641977326184
CUST-03868,Midwest,32,1,59,month-to-month,dsl,64.77,1,0,0,1,1,8.2,0,0.24645700396052597,15.963020146523267
CUST-03869,Midwest,38,2,16,one-year,dsl,93.81,0,1,3,0,1,8.4,0,0.24425253346097398,22.91333016397397
CUST-03870,West,40,1,52,one-year,dsl,85.08,0,1,0,2,0,7.8,0,0.1921380797966783,16.34710782910139
CUST-03871,Northeast,31,1,4,two-year,fiber,103.42,0,1,1,2,0,7.9,0,0.3583575147273066,37.06133417309805
CUST-03872,South,61,4,8,month-to-month,fiber,117.35,1,1,4,2,0,7.4,1,0.738628204601612,86.67801980999917
CUST-03873,South,35,3,63,two-year,fiber,82.18,1,1,3,2,0,8.6,0,0.06968198281233491,5.726465347517683
CUST-03874,West,55,2,35,one-year,none,88.07,1,0,2,3,0,5.7,0,0.32865470137691233,28.944619550264665
CUST-03875,West,62,1,45,month-to-month,fiber,78.06,1,1,1,3,0,6.0,0,0.6904400999757166,53.89575420410444
CUST-03876,South,37,4,44,month-to-month,fiber,115.64,1,1,0,0,0,7.5,0,0.4422401685844515,51.14065309510597
CUST-03877,Northeast,21,2,51,month-to-month,none,44.87,0,1,0,1,0,6.8,0,0.40187279867231024,18.032032476426558
CUST-03878,West,20,3,18,two-year,fiber,85.17,0,0,3,1,1,7.3,0,0.3044837714733257,25.932882816383152
CUST-03879,South,53,1,13,month-to-month,dsl,89.58,0,1,1,2,1,8.0,0,0.7467292464025308,66.89200589273871
CUST-03880,Midwest,19,3,4,month-to-month,fiber,99.37,0,1,0,0,0,8.7,1,0.5987832348622738,59.50109004826415
CUST-03881,Northeast,25,5,63,one-year,dsl,72.44,1,1,2,1,0,9.0,0,0.03882374966402991,2.8123924256623267
CUST-03882,Midwest,47,4,17,two-year,fiber,126.19,0,1,1,2,0,7.0,0,0.4313185288168642,54.4280851514001
CUST-03883,Midwest,35,3,42,one-year,fiber,123.68,1,0,4,2,2,6.7,0,0.44975932343676794,55.626233122659464
CUST-03884,South,43,1,33,one-year,dsl,79.66,0,0,1,2,0,7.6,0,0.25187848140563385,20.06463982877279
CUST-03885,West,60,2,12,month-to-month,fiber,104.21,1,1,1,2,2,6.9,1,0.8499332431968647,88.57154327354526
CUST-03886,Midwest,65,5,30,two-year,fiber,103.86,0,0,0,0,0,8.6,0,0.1323083435934844,13.74154456561929
CUST-03887,Midwest,41,5,6,month-to-month,fiber,121.98,0,1,0,1,0,9.4,0,0.6384014149943016,77.87220460100491
CUST-03888,Northeast,22,2,13,month-to-month,dsl,97.12,0,1,2,3,1,6.5,0,0.8441035921855172,81.97934087305744
CUST-03889,Midwest,29,4,11,two-year,fiber,80.03,1,1,1,2,0,6.6,0,0.2690239960253044,21.529990401905113
CUST-03890,South,68,4,60,month-to-month,fiber,92.87,1,0,3,2,1,6.1,0,0.6433665426289376,59.74945081394944
CUST-03891,Midwest,18,3,41,month-to-month,fiber,100.53,1,0,4,0,0,8.9,0,0.2552136111595647,25.65662432987104
CUST-03892,Midwest,30,2,67,one-year,fiber,100.66,1,1,2,2,0,8.0,0,0.1304307255503456,13.129156833897788
CUST-03893,South,76,2,32,month-to-month,dsl,91.09,1,0,1,1,2,7.9,0,0.5589507969723819,50.91482809621427
CUST-03894,South,39,3,15,month-to-month,fiber,118.5,1,0,4,1,1,7.8,0,0.6715270255033925,79.57595252215201
CUST-03895,South,20,2,44,one-year,dsl,124.13,0,1,4,2,0,6.2,0,0.39615802579487974,49.17509574191842
CUST-03896,South,69,3,67,one-year,dsl,70.46,0,0,4,0,0,9.6,0,0.04498904841568475,3.169928351369147
CUST-03897,West,62,1,39,one-year,dsl,93.79,0,0,4,4,1,7.0,0,0.4860457400017962,45.58622995476847
CUST-03898,South,68,2,2,month-to-month,dsl,113.1,1,0,4,2,0,6.7,1,0.7163342615120792,81.01740497701616
CUST-03899,Northeast,58,1,22,one-year,fiber,76.22,1,1,3,2,1,7.4,0,0.34194897325310336,26.063350741351538
CUST-03900,West,48,2,67,one-year,none,101.67,1,0,4,1,0,8.1,0,0.06708506285557261,6.820538340526068
CUST-03901,Northeast,60,2,38,month-to-month,dsl,121.11,1,1,1,1,1,7.0,0,0.5681928536421148,68.81383650459652
CUST-03902,South,22,3,69,month-to-month,dsl,115.54,0,1,4,0,1,6.6,0,0.5178202136070583,59.82894748015952
CUST-03903,Northeast,24,5,37,month-to-month,fiber,98.11,1,1,0,2,0,7.5,0,0.5182225200266097,50.84281143981068
CUST-03904,Midwest,53,5,1,month-to-month,fiber,116.76,1,1,4,2,1,5.4,1,0.8925963016139478,104.21954417644454
CUST-03905,South,46,4,63,month-to-month,dsl,90.64,1,0,1,1,0,7.0,0,0.298948847892645,27.09672357298934
CUST-03906,West,63,3,55,one-year,fiber,124.77,0,0,1,2,0,8.6,0,0.23750324627249728,29.633280037419485
CUST-03907,South,74,2,52,two-year,dsl,86.9,0,1,3,2,0,7.5,0,0.15936403606520888,13.848734734066653
CUST-03908,Northeast,33,1,70,month-to-month,fiber,108.04,0,1,0,2,0,7.1,1,0.5838575317453722,63.07996772977002
CUST-03909,Midwest,37,4,15,one-year,fiber,122.44,1,1,4,0,0,8.2,0,0.20310046203070495,24.867620571039513
CUST-03910,Northeast,28,2,66,month-to-month,fiber,136.2,1,1,3,1,0,6.1,0,0.5334228708745447,72.65219501311297
CUST-03911,South,66,1,17,month-to-month,fiber,96.99,0,1,0,1,1,7.4,0,0.8121917351720114,78.77447639433338
CUST-03912,West,47,5,70,one-year,fiber,130.48,1,1,4,1,0,8.3,0,0.10828657444614723,14.129232233733289
CUST-03913,Northeast,38,2,14,month-to-month,dsl,71.98,1,1,0,0,1,8.6,0,0.3627185031809206,26.108477858962665
CUST-03914,Midwest,62,1,40,two-year,dsl,94.74,1,1,4,1,1,7.3,0,0.13474066388524628,12.76533049648823
CUST-03915,Midwest,45,3,57,month-to-month,none,105.07,1,1,4,1,1,6.9,0,0.4529569539159635,47.592187147950284
CUST-03916,South,48,4,6,month-to-month,dsl,79.26,1,1,3,1,2,7.6,0,0.6715087459534224,53.22378320426826
CUST-03917,South,67,2,5,month-to-month,dsl,95.03,1,1,3,1,1,6.2,1,0.7529256425907875,71.55052381540254
CUST-03918,Northeast,32,2,62,month-to-month,fiber,115.94,1,1,4,2,1,7.5,0,0.5360281900539116,62.1471083548505
CUST-03919,South,57,1,5,two-year,dsl,90.12,1,1,4,0,0,8.3,0,0.10542919824196391,9.501279345565788
CUST-03920,Midwest,70,3,45,one-year,none,87.02,0,1,3,1,0,7.9,0,0.17359821768769274,15.10651690318302
CUST-03921,Midwest,70,3,68,month-to-month,dsl,49.09,1,1,0,2,0,9.1,0,0.15871409439001727,7.791274893605948
CUST-03922,West,70,2,45,month-to-month,fiber,98.65,1,1,3,0,2,7.4,0,0.5918781974317378,58.38878417664093
CUST-03923,West,30,5,35,one-year,dsl,101.7,1,0,1,1,0,8.0,0,0.10946350539937487,11.132438499116425
CUST-03924,South,57,5,31,one-year,fiber,92.92,1,1,0,2,2,6.9,0,0.48223698767892,44.80946089512525
CUST-03925,West,52,5,46,month-to-month,fiber,92.71,1,0,0,0,0,6.3,0,0.45138070151842796,41.84750483777346
CUST-03926,West,22,3,42,month-to-month,dsl,68.17,0,1,2,1,0,7.9,0,0.3944739337647709,26.891288064744433
CUST-03927,South,50,5,37,month-to-month,dsl,120.36,0,0,4,0,0,5.7,0,0.6477729125339651,77.96594775258804
CUST-03928,South,31,2,12,month-to-month,fiber,73.77,0,1,0,2,1,7.2,0,0.8297208061686311,61.20850387105991
CUST-03929,Midwest,49,4,48,month-to-month,fiber,107.95,0,1,0,1,0,6.7,0,0.6634197025853353,71.61615689408696
CUST-03930,South,55,4,54,month-to-month,none,83.8,0,0,0,0,0,7.2,0,0.38710860124349744,32.43970078420509
CUST-03931,South,59,4,52,month-to-month,fiber,67.67,1,1,0,1,0,7.5,0,0.3859370115030555,26.116357568411765
CUST-03932,Northeast,64,1,6,month-to-month,fiber,91.29,0,1,2,0,0,6.7,1,0.7504905488167424,68.51228220148042
CUST-03933,West,53,1,51,month-to-month,dsl,94.03,1,0,4,2,2,6.4,1,0.6362550134776306,59.827058917301606
CUST-03934,Midwest,46,5,53,two-year,dsl,77.02,1,0,0,1,0,6.9,0,0.06536784451900539,5.034631384853795
CUST-03935,Northeast,76,2,14,one-year,fiber,104.46,0,1,4,2,0,5.9,0,0.6202548154354379,64.79181802038585
CUST-03936,West,36,2,62,month-to-month,dsl,74.67,1,1,4,1,2,6.9,0,0.4495240110462087,33.56595790482041
CUST-03937,West,35,4,38,month-to-month,fiber,84.65,1,1,0,1,0,8.7,0,0.34704747620949605,29.37756886113384
CUST-03938,Northeast,71,5,35,month-to-month,fiber,93.1,1,0,2,1,1,8.0,0,0.4929182683723348,45.89069078546437
CUST-03939,Midwest,75,2,53,two-year,dsl,102.31,1,0,4,0,0,8.0,0,0.047134040250620145,4.822283658040947
CUST-03940,Midwest,40,5,37,one-year,dsl,98.74,0,1,3,0,0,8.1,0,0.14321150343051042,14.140703848728599
CUST-03941,Northeast,69,4,40,month-to-month,fiber,72.65,0,0,0,1,0,6.8,0,0.5940215812351644,43.1556678767347
CUST-03942,South,72,1,23,two-year,fiber,94.5,1,1,0,3,0,5.7,0,0.4373482468742825,41.32940932961969
CUST-03943,South,69,3,67,two-year,fiber,90.16,0,0,2,1,1,6.5,1,0.23001726884130397,20.738356958731966
CUST-03944,South,49,5,70,one-year,fiber,130.7,1,1,4,2,0,7.6,0,0.18032008947675796,23.567835694612263
CUST-03945,Midwest,63,5,10,month-to-month,fiber,110.39,0,1,4,1,0,6.6,1,0.8067129374313511,89.05304116304684
CUST-03946,Northeast,54,5,53,month-to-month,fiber,85.75,1,1,2,1,0,7.5,0,0.37008197931734704,31.734529726462508
CUST-03947,Midwest,20,1,2,one-year,dsl,96.87,1,0,2,1,0,7.0,1,0.2487947148781592,24.100744030247284
CUST-03948,Midwest,25,5,27,month-to-month,fiber,147.66,0,1,2,0,0,8.6,0,0.5872877497925649,86.71890913437014
CUST-03949,West,74,3,70,one-year,dsl,87.08,0,1,2,0,0,8.8,0,0.06825934849522093,5.944024066963839
CUST-03950,West,34,3,13,one-year,dsl,78.69,0,1,3,2,1,8.3,0,0.3383435574276642,26.624254533982896
CUST-03951,South,28,3,28,month-to-month,dsl,67.88,1,0,1,1,0,8.8,0,0.2580880583508254,17.519017400854025
CUST-03952,Northeast,76,4,16,month-to-month,none,91.81,1,0,2,3,1,5.4,0,0.8090833105699928,74.28193874343104
CUST-03953,South,38,3,53,month-to-month,fiber,102.02,0,1,3,1,0,6.5,1,0.6574167902997475,67.06966094638024
CUST-03954,Northeast,61,1,34,month-to-month,fiber,130.69,1,1,2,0,0,8.4,1,0.43071139552000004,56.2896722805088
CUST-03955,Midwest,65,2,43,one-year,dsl,75.16,0,1,4,1,0,6.9,0,0.21697080849308156,16.30752596634001
CUST-03956,Northeast,46,5,68,one-year,fiber,114.28,1,1,3,1,0,8.1,0,0.10044325115022981,11.478654741448263
CUST-03957,Northeast,56,1,38,month-to-month,fiber,117.65,1,1,3,0,1,7.5,0,0.5477077954868733,64.43782213903064
CUST-03958,Midwest,49,2,53,one-year,fiber,134.91,1,1,4,1,0,8.7,0,0.13813137252872837,18.635303467850743
CUST-03959,South,45,1,8,month-to-month,none,84.83,1,1,2,2,1,7.6,0,0.673000689328952,57.09064847577499
CUST-03960,Northeast,23,4,16,one-year,fiber,98.05,0,0,1,0,0,7.9,0,0.2484619550829965,24.361694695887806
CUST-03961,Northeast,24,5,69,month-to-month,fiber,121.61,0,0,2,1,0,5.7,0,0.6165782224826676,74.98207763611721
CUST-03962,West,64,5,62,one-year,fiber,94.77,1,1,4,0,0,9.4,0,0.053930160292072524,5.110961290879713
CUST-03963,West,69,1,48,one-year,dsl,95.04,0,1,4,1,0,7.1,0,0.22324191067862295,21.216911190896326
CUST-03964,Midwest,22,5,28,month-to-month,fiber,89.41,0,1,1,2,0,6.7,0,0.742501624828624,66.38707027592727
CUST-03965,South,36,5,15,one-year,dsl,124.09,0,0,2,0,0,8.1,0,0.23259812875201544,28.863101796837597
CUST-03966,Midwest,41,5,62,two-year,dsl,84.9,1,0,1,0,0,8.8,0,0.02330906130691567,1.9789393049571404
CUST-03967,Midwest,20,5,57,month-to-month,fiber,98.89,1,1,0,0,1,7.3,0,0.4154011648525061,41.07902119226433
CUST-03968,Northeast,42,5,18,one-year,fiber,99.4,1,1,1,1,0,6.9,0,0.2840699023121423,28.236548289826946
CUST-03969,West,75,1,43,two-year,dsl,90.16,0,1,0,0,0,8.3,0,0.0917584720182171,8.272943837162453
CUST-03970,South,54,4,45,two-year,dsl,62.9,0,0,1,1,0,8.4,0,0.07570909042196601,4.762101787541662
CUST-03971,South,72,5,35,month-to-month,fiber,82.47,0,1,0,1,0,7.2,0,0.6577366580024662,54.24354218546338
CUST-03972,West,42,3,67,one-year,fiber,88.0,1,1,1,2,0,7.2,0,0.15638502809237653,13.761882472129134
CUST-03973,Midwest,63,5,9,two-year,fiber,117.23,0,1,3,1,0,6.6,0,0.42250573357049476,49.530347146469104
CUST-03974,Midwest,75,1,19,one-year,fiber,115.76,1,0,4,1,2,7.9,0,0.4070744335992602,47.12293643345036
CUST-03975,West,50,3,7,month-to-month,fiber,127.33,1,1,4,1,1,7.8,0,0.7322414666953194,93.23630595431501
CUST-03976,Midwest,65,5,50,month-to-month,fiber,111.6,1,0,2,2,1,6.7,0,0.6491540407438764,72.4455909470166
CUST-03977,Midwest,29,3,47,one-year,fiber,115.39,1,1,2,1,1,6.8,0,0.29041803553771045,33.51133712069641
CUST-03978,Midwest,75,3,72,month-to-month,dsl,68.42,1,0,4,0,1,7.9,0,0.18936921577871454,12.956641743579649
CUST-03979,Northeast,77,2,40,month-to-month,dsl,105.11,1,1,2,0,0,8.2,0,0.28792888736108757,30.264205350523916
CUST-03980,West,49,4,11,month-to-month,dsl,65.09,0,0,0,3,0,6.2,1,0.7724307707231094,50.277518866367195
CUST-03981,West,24,5,33,one-year,dsl,114.85,1,1,4,2,0,6.4,0,0.2601892568305189,29.882736146985096
CUST-03982,South,36,2,7,month-to-month,dsl,92.11,1,1,3,1,0,7.8,0,0.5099442645984693,46.97096621216501
CUST-03983,Northeast,36,3,49,two-year,fiber,122.46,1,0,3,1,0,8.0,0,0.09220789234718807,11.29177849683665
CUST-03984,West,76,3,49,one-year,dsl,63.58,0,0,0,0,0,8.6,0,0.08125786782458251,5.166375236286956
CUST-03985,Midwest,21,4,62,two-year,fiber,87.96,1,1,2,4,0,6.1,0,0.2256812326426474,19.850921223247262
CUST-03986,South,22,3,25,two-year,fiber,113.68,1,1,2,1,0,9.1,0,0.11154610198460259,12.680560873609624
CUST-03987,West,68,4,23,month-to-month,none,47.95,1,1,4,2,0,7.0,0,0.47463677187758474,22.758833211530188
CUST-03988,Midwest,73,5,6,one-year,dsl,65.02,1,1,1,3,0,8.1,1,0.24019165897773162,15.617261666732109
CUST-03989,Northeast,33,2,30,month-to-month,fiber,107.95,1,0,1,0,0,8.3,0,0.36512507021384055,39.41525132958409
CUST-03990,Midwest,23,2,35,two-year,dsl,79.44,0,1,3,2,1,5.8,1,0.3425840454819425,27.214876573085512
CUST-03991,West,74,3,55,month-to-month,fiber,73.68,1,0,0,0,1,8.6,0,0.288270340233258,21.23975866838645
CUST-03992,South,66,3,55,one-year,fiber,137.8,0,1,3,0,0,7.9,0,0.24123805316880093,33.24260372666077
CUST-03993,Midwest,61,3,11,two-year,fiber,112.49,1,1,0,2,0,7.0,0,0.31869268207610635,35.849739806741205
CUST-03994,Northeast,64,1,21,month-to-month,fiber,91.28,1,1,1,0,0,9.0,0,0.3639102702192419,33.2177294656124
CUST-03995,South,74,1,37,two-year,dsl,106.11,0,0,2,3,1,5.2,0,0.5354673672762826,56.81844234168635
CUST-03996,South,57,3,25,month-to-month,fiber,101.91,0,0,0,4,0,4.1,1,0.9422996530485311,96.02975764217581
CUST-03997,Northeast,24,4,2,month-to-month,fiber,93.4,1,1,0,0,1,7.7,0,0.6178621723134888,57.70832689407986
CUST-03998,Northeast,64,3,61,month-to-month,none,71.52,1,0,2,2,0,7.3,1,0.2924874716164345,20.918703970007396
CUST-03999,Midwest,23,4,53,month-to-month,dsl,101.07,1,1,3,3,0,7.2,0,0.45444352621406314,45.93060719445536
CUST-04000,South,23,1,38,one-year,fiber,76.29,0,1,1,1,1,7.5,0,0.3479680227956358,26.54648045907906
CUST-04001,South,47,5,23,two-year,fiber,101.25,1,0,1,0,0,6.4,0,0.18237831366984625,18.465804259071934
CUST-04002,Northeast,40,4,61,month-to-month,fiber,99.91,0,1,3,1,3,5.7,1,0.841141826253258,84.038479860963
CUST-04003,South,52,4,3,one-year,fiber,121.6,0,1,4,0,1,6.8,0,0.5951643203099392,72.3719813496886
CUST-04004,South,38,5,33,two-year,dsl,92.21,1,1,2,1,2,5.7,0,0.296227429608955,27.315131284241737
CUST-04005,West,68,5,58,one-year,none,57.7,1,1,2,1,0,7.7,0,0.07169919542294438,4.137043575903891
CUST-04006,South,76,5,69,month-to-month,fiber,111.21,1,0,4,1,1,7.8,0,0.42218843002422274,46.95157530299381
CUST-04007,Midwest,75,3,19,two-year,fiber,69.51,0,1,0,1,3,7.8,0,0.4569631122558239,31.763505932902323
CUST-04008,Northeast,46,4,47,month-to-month,fiber,111.45,0,1,4,1,1,7.5,0,0.6633705951337295,73.93265282765415
CUST-04009,Northeast,49,3,14,one-year,dsl,75.97,1,1,2,0,0,7.9,0,0.11865696716975017,9.014369795885921
CUST-04010,Midwest,20,1,9,one-year,fiber,87.16,0,1,1,2,0,8.1,0,0.40389746970618995,35.203703459591516
CUST-04011,South,70,5,26,one-year,fiber,76.74,0,1,3,0,1,7.8,0,0.32124894933906206,24.65264437227962
CUST-04012,South,33,4,64,month-to-month,none,88.74,0,1,4,1,0,7.4,0,0.3994310011862034,35.44550704526369
CUST-04013,South,32,4,50,month-to-month,dsl,107.54,0,1,4,1,0,6.7,0,0.5597394850946784,60.19438422708172
CUST-04014,Midwest,68,4,36,one-year,fiber,112.12,1,0,3,2,0,7.1,0,0.27770395444809015,31.136167372719868
CUST-04015,South,76,2,21,month-to-month,fiber,124.5,0,1,2,2,0,6.4,0,0.8664543501482085,107.87356659345195
CUST-04016,West,71,4,11,month-to-month,fiber,80.5,1,1,0,1,0,6.3,0,0.6919183068154602,55.699423698644544
CUST-04017,Northeast,19,2,20,one-year,none,59.74,1,1,0,2,0,7.9,0,0.1480829233730215,8.846473842304306
CUST-04018,West,73,4,11,one-year,fiber,130.86,1,1,4,2,1,7.3,0,0.5183904602529286,67.83657562869824
CUST-04019,West,43,5,14,month-to-month,fiber,89.06,1,0,0,0,0,8.8,0,0.3660553223035835,32.60088700435715
CUST-04020,Midwest,26,4,50,month-to-month,dsl,86.44,1,1,2,2,0,6.4,0,0.45082550411741396,38.96935657590926
CUST-04021,Northeast,27,3,10,two-year,fiber,140.21,1,1,2,1,0,8.5,0,0.18484512173731005,25.91713451878824
CUST-04022,South,59,4,4,month-to-month,fiber,104.23,0,1,3,2,0,5.3,1,0.9108574993219276,94.93867715432452
CUST-04023,West,66,1,40,month-to-month,dsl,63.76,1,1,1,2,2,7.0,0,0.6169645364747213,39.337658845628226
CUST-04024,Midwest,42,5,21,month-to-month,fiber,93.9,0,1,3,1,0,7.9,1,0.6382791071846864,59.93440816464206
CUST-04025,Midwest,54,3,33,month-to-month,none,67.38,1,1,2,1,4,5.6,1,0.8208472542483263,55.30868799125222
CUST-04026,South,62,3,11,two-year,dsl,103.79,1,1,4,1,1,8.7,0,0.15383570105428215,15.966607412423945
CUST-04027,Midwest,43,2,16,month-to-month,fiber,95.74,0,1,0,0,0,9.3,1,0.502676154745129,48.126215055298644
CUST-04028,South,67,1,32,month-to-month,dsl,120.4,0,1,3,0,1,7.1,0,0.6905855234407132,83.14649702226187
CUST-04029,South,35,2,50,month-to-month,dsl,102.48,0,1,3,0,0,9.2,0,0.2881672658318249,29.531381402445415
CUST-04030,Northeast,33,5,30,month-to-month,dsl,70.45,0,1,4,1,0,5.8,0,0.6167520609657787,43.45018269503911
CUST-04031,Midwest,46,1,40,month-to-month,dsl,104.56,1,1,2,0,0,8.0,0,0.3023135715371877,31.609907039928345
CUST-04032,West,48,4,38,two-year,fiber,95.67,0,0,1,4,0,3.6,1,0.6723313290705143,64.32193825217611
CUST-04033,South,36,5,20,one-year,fiber,98.3,1,1,2,1,0,8.7,0,0.18143976376405122,17.835528778006235
CUST-04034,Northeast,37,4,21,month-to-month,dsl,122.74,1,0,4,2,0,5.6,0,0.6850364617272555,84.08137531240334
CUST-04035,South,36,2,31,month-to-month,fiber,87.67,0,1,0,0,0,6.1,0,0.7074791670959983,62.024698579306175
CUST-04036,South,45,2,3,month-to-month,fiber,113.36,0,0,3,4,1,5.6,1,0.9557105485149505,108.33934777965479
CUST-04037,Midwest,59,2,50,month-to-month,fiber,79.97,0,0,1,1,1,8.0,0,0.5588074790993888,44.68783410357812
CUST-04038,Northeast,35,1,45,one-year,fiber,90.92,1,1,3,2,3,6.2,0,0.527050204257205,47.91940457106507
CUST-04039,West,59,3,23,month-to-month,dsl,80.39,0,0,2,2,1,6.6,1,0.7497637030506223,60.273504088239534
CUST-04040,Northeast,38,4,27,one-year,dsl,100.95,0,0,4,0,1,9.5,0,0.12958311982612308,13.081415946447125
CUST-04041,South,29,3,24,two-year,dsl,78.86,1,1,0,3,0,5.9,0,0.2643540419796441,20.846959750514735
CUST-04042,Northeast,34,1,47,month-to-month,fiber,66.45,1,0,0,1,0,6.7,0,0.414400007722107,27.53688051313401
CUST-04043,West,67,5,55,two-year,fiber,136.04,0,0,4,2,1,7.8,0,0.2771633325076449,37.70529975434001
CUST-04044,South,35,3,8,month-to-month,dsl,70.84,1,0,1,1,0,7.8,0,0.43240487698923424,30.631561485917356
CUST-04045,West,56,3,30,month-to-month,fiber,93.86,1,0,0,1,0,8.8,1,0.38313840947966893,35.96137111376173
CUST-04046,Midwest,52,3,1,two-year,dsl,101.34,1,0,4,2,2,5.7,0,0.4849481738643371,49.144647939411925
CUST-04047,West,59,4,33,month-to-month,dsl,100.05,0,1,2,0,1,6.0,0,0.7031948698334715,70.35464672683882
CUST-04048,West,54,1,18,one-year,fiber,123.95,1,1,4,0,0,7.2,0,0.2825257795400415,35.01907037398814
CUST-04049,West,77,2,25,one-year,fiber,135.37,0,1,2,4,0,6.6,0,0.7092282848231768,96.00823291651345
CUST-04050,Midwest,73,3,33,month-to-month,dsl,78.91,1,1,3,0,1,8.9,0,0.294448928402464,23.234964940238434
CUST-04051,West,37,2,24,two-year,fiber,108.31,0,0,2,0,1,8.9,0,0.1810126150076267,19.605476331476048
CUST-04052,West,41,1,29,month-to-month,dsl,92.05,1,1,2,1,0,8.0,0,0.38231573837317323,35.192163717250594
CUST-04053,Midwest,39,5,56,two-year,dsl,109.09,1,1,2,1,0,9.0,0,0.041546729895357334,4.532332764284532
CUST-04054,Midwest,57,2,59,month-to-month,fiber,109.08,1,0,1,1,1,6.8,1,0.5459184868529366,59.54878854591833
CUST-04055,Midwest,47,2,1,month-to-month,dsl,100.79,1,0,3,0,0,6.3,1,0.5853567614327774,58.998107984809636
CUST-04056,Northeast,75,5,28,month-to-month,fiber,89.58,0,1,2,0,0,6.4,1,0.672818385630414,60.27107098477248
CUST-04057,Midwest,60,2,61,two-year,fiber,78.36,0,0,0,1,0,6.3,0,0.17733533499349857,13.895996850090548
CUST-04058,West,45,3,39,month-to-month,none,60.28,1,0,1,1,0,5.8,0,0.4386394985035675,26.44118896979505
CUST-04059,West,37,3,15,two-year,dsl,82.7,0,1,2,1,0,6.4,1,0.26093261416497376,21.57912719144333
CUST-04060,South,64,5,43,month-to-month,dsl,90.66,0,1,4,1,0,6.5,0,0.5909057059022181,53.57151129709509
CUST-04061,South,67,5,11,month-to-month,dsl,73.11,1,0,2,3,0,7.0,0,0.6287145150038388,45.965318191930656
CUST-04062,West,76,3,2,month-to-month,dsl,83.54,0,1,2,5,0,5.4,1,0.9266801720429511,77.41486157246814
CUST-04063,West,50,1,46,month-to-month,fiber,89.87,0,0,0,1,0,8.7,0,0.4512180115604709,40.55096269893952
CUST-04064,Northeast,65,5,38,two-year,fiber,81.94,1,0,1,1,0,6.8,0,0.12715437935071128,10.419029843997281
CUST-04065,Midwest,70,4,55,month-to-month,fiber,87.06,1,1,1,1,0,7.9,0,0.3614956162613803,31.471808351715772
CUST-04066,South,22,1,25,one-year,fiber,93.13,1,1,2,0,0,9.6,0,0.10174746995693543,9.475741877089396
CUST-04067,Northeast,26,1,62,one-year,fiber,97.38,0,1,4,1,0,7.2,1,0.21155320541089961,20.601051142913402
CUST-04068,South,29,2,31,month-to-month,dsl,92.55,1,1,4,1,1,6.9,0,0.5591843850735555,51.75251483855756
CUST-04069,West,31,5,54,one-year,fiber,104.16,1,1,1,3,0,8.0,0,0.196267132758232,20.44318454809744
CUST-04070,South,35,2,8,two-year,dsl,55.64,0,1,3,1,0,7.3,0,0.2014769019271054,11.210174823224145
CUST-04071,Midwest,18,5,7,one-year,dsl,141.72,1,1,4,2,0,8.6,0,0.24044457576592626,34.07580527754707
CUST-04072,Midwest,59,1,57,month-to-month,none,72.32,1,1,1,2,0,5.7,0,0.4982649402223194,36.034520476878136
CUST-04073,South,54,3,61,one-year,fiber,107.83,1,1,2,2,0,8.8,0,0.13114387610464784,14.141244160364176
CUST-04074,West,58,5,68,one-year,none,67.9,0,0,2,1,1,8.5,0,0.10054183708649068,6.826790738172718
CUST-04075,Northeast,65,4,24,month-to-month,dsl,83.56,1,1,0,2,1,5.9,1,0.7037510960088731,58.80544158250144
CUST-04076,West,26,3,2,one-year,fiber,82.12,0,0,2,2,0,6.8,0,0.5071866824788047,41.65017036515945
CUST-04077,Midwest,37,2,71,month-to-month,fiber,94.06,0,1,0,3,0,5.1,0,0.7749767262771761,72.89431087363118
CUST-04078,West,44,3,44,one-year,fiber,77.13,0,1,1,0,0,7.8,0,0.18000314649775734,13.883642689372023
CUST-04079,Northeast,33,2,18,two-year,dsl,53.73,1,1,0,2,0,5.9,0,0.1844233996118754,9.909069261146065
CUST-04080,West,43,3,55,two-year,dsl,84.92,0,0,3,1,1,5.8,0,0.21108342138072503,17.925204143651168
CUST-04081,South,45,1,66,one-year,fiber,142.82,1,1,4,0,2,6.8,0,0.31309846477930564,44.71672273978043
CUST-04082,West,59,2,21,one-year,dsl,61.29,1,1,1,0,1,9.1,0,0.09823697247294762,6.020944042866959
CUST-04083,South,31,4,56,one-year,fiber,84.74,0,1,0,0,1,6.3,0,0.31941193066348306,27.066967004423553
CUST-04084,Midwest,33,5,57,month-to-month,fiber,78.43,1,1,2,1,0,8.8,0,0.2435045728521016,19.09806364879033
CUST-04085,West,35,3,37,month-to-month,dsl,74.95,1,0,0,0,0,8.9,0,0.18109914459534315,13.57338088742097
CUST-04086,West,32,4,46,month-to-month,none,95.64,0,1,2,2,2,7.4,0,0.7095011248968317,67.85668758513299
CUST-04087,Northeast,67,3,20,month-to-month,dsl,99.39,1,1,2,0,0,8.4,0,0.33296442607525495,33.09333430761959
CUST-04088,Northeast,53,1,67,two-year,fiber,82.95,1,0,2,2,0,8.8,0,0.05275645617377183,4.376148039614374
CUST-04089,Northeast,66,5,71,two-year,fiber,110.62,1,1,2,0,1,6.9,0,0.1041582879937129,11.521989817864522
CUST-04090,West,22,3,71,month-to-month,fiber,107.44,1,1,2,5,1,6.3,1,0.7600752502251912,81.66248488419454
CUST-04091,South,60,1,54,month-to-month,fiber,102.26,1,1,0,2,2,9.2,0,0.5489815024382415,56.13884843933458
CUST-04092,Midwest,58,1,4,one-year,fiber,110.75,1,1,3,0,0,8.2,0,0.24513769119942858,27.148999300336715
CUST-04093,Midwest,65,2,27,month-to-month,none,63.17,0,0,3,0,1,7.6,0,0.5111580931153898,32.289856742099175
CUST-04094,South,44,4,33,one-year,dsl,71.37,0,1,0,4,0,5.2,0,0.5717363831849727,40.8048256679115
CUST-04095,South,62,2,70,two-year,fiber,91.92,1,1,2,1,1,7.7,0,0.10702599138297886,9.837829127923417
CUST-04096,South,50,3,40,month-to-month,fiber,49.8,0,0,1,0,1,7.8,0,0.5066626763905121,25.231801284247503
CUST-04097,Northeast,66,1,39,month-to-month,fiber,102.85,0,1,1,5,0,3.0,1,0.9615669361321563,98.89715938119227
CUST-04098,West,66,5,11,month-to-month,fiber,102.98,0,1,3,0,2,7.9,1,0.7935198937726997,81.71667866071262
CUST-04099,West,68,5,58,month-to-month,dsl,98.24,1,1,2,2,1,7.7,0,0.43151424733674293,42.39195965836162
CUST-04100,Midwest,28,5,25,month-to-month,fiber,133.32,1,1,4,0,0,7.3,0,0.5444787082151812,72.58990137924795
CUST-04101,South,61,4,7,month-to-month,dsl,83.64,0,1,2,2,2,5.9,1,0.9005393285878531,75.32110944308803
CUST-04102,Northeast,30,1,72,month-to-month,fiber,66.45,0,1,0,1,0,8.1,1,0.33806080142466594,22.46414025466905
CUST-04103,South,46,1,14,month-to-month,fiber,99.44,0,1,3,2,0,5.9,1,0.8709150211599638,86.60378970414679
CUST-04104,South,72,1,2,month-to-month,none,64.92,0,1,0,2,1,7.2,1,0.8113934617492627,52.67566353676214
CUST-04105,Northeast,25,3,6,one-year,fiber,119.99,1,1,1,3,0,7.1,0,0.4790512853255224,57.48136372620943
CUST-04106,West,62,5,33,month-to-month,fiber,117.43,0,1,4,1,1,9.2,0,0.6141439013896388,72.11891834018529
CUST-04107,South,36,4,8,two-year,dsl,93.99,1,1,4,0,0,8.3,0,0.0924764512888926,8.691861656643015
CUST-04108,Midwest,33,3,61,month-to-month,fiber,80.25,0,1,0,2,0,6.3,0,0.6424894738698499,51.559780278055456
CUST-04109,Midwest,21,4,37,month-to-month,fiber,123.07,0,1,4,3,0,6.4,1,0.8209759215500018,101.03750666515872
CUST-04110,Northeast,61,3,24,month-to-month,fiber,145.3,1,1,4,1,1,7.4,1,0.7189193060682194,104.45897517171228
CUST-04111,Midwest,67,4,1,one-year,fiber,111.61,0,0,4,1,1,8.9,0,0.42130037341525695,47.021334676876826
CUST-04112,Midwest,45,3,35,month-to-month,dsl,94.34,0,0,4,1,1,8.5,0,0.49375229040360935,46.580591076676505
CUST-04113,South,29,4,11,month-to-month,fiber,90.1,0,1,0,0,0,7.2,0,0.6944900457550439,62.573553122529454
CUST-04114,Midwest,55,3,71,month-to-month,dsl,57.44,1,0,0,0,0,7.9,0,0.13132955967859677,7.543569907938599
CUST-04115,West,76,4,21,two-year,dsl,71.42,0,1,3,0,0,7.6,0,0.13347607832731803,9.532861514137053
CUST-04116,Northeast,65,4,35,month-to-month,fiber,70.17,1,0,0,1,0,6.8,0,0.47301109044707157,33.191188216671016
CUST-04117,West,63,2,2,month-to-month,fiber,85.5,1,0,1,0,1,4.9,0,0.8206696108197845,70.16725172509157
CUST-04118,South,20,5,10,two-year,fiber,126.88,1,1,4,5,0,7.2,0,0.4926176880651763,62.503332261709566
CUST-04119,Northeast,71,3,15,month-to-month,fiber,139.85,1,1,4,0,0,7.5,0,0.6094615192693806,85.23319346982288
CUST-04120,South,54,4,4,month-to-month,fiber,85.81,1,0,1,0,1,7.4,0,0.6427933297735142,55.15809562786526
CUST-04121,West,56,3,53,one-year,dsl,91.44,1,1,2,3,1,9.0,0,0.141598149027129,12.947734747040675
CUST-04122,Midwest,38,2,69,month-to-month,fiber,106.27,1,0,2,0,0,7.5,0,0.2785826515582928,29.604978381099777
CUST-04123,South,70,1,71,month-to-month,fiber,97.78,1,0,1,0,0,7.9,0,0.2676662239654163,26.172403379338405
CUST-04124,West,48,2,20,month-to-month,dsl,104.31,1,1,1,1,0,7.8,0,0.4678674136551283,48.80324991836643
CUST-04125,West,32,5,57,month-to-month,dsl,114.38,0,1,2,3,0,6.5,1,0.6629377606905291,75.82682106778272
CUST-04126,West,39,5,37,two-year,fiber,123.17,1,1,3,0,0,7.9,0,0.10609010676229319,13.067118449911652
CUST-04127,Midwest,31,1,4,one-year,fiber,125.02,0,1,4,1,0,8.7,0,0.38736178826642326,48.42797076906823
CUST-04128,Midwest,74,3,7,one-year,none,63.44,1,1,4,2,0,7.5,0,0.2341799620777952,14.856376794215327
CUST-04129,Midwest,66,2,40,month-to-month,fiber,105.61,0,1,0,0,0,8.0,0,0.5423126875349581,57.27364293056692
CUST-04130,South,53,3,31,one-year,dsl,104.29,0,0,3,1,0,7.0,0,0.28386856861534304,29.604653020894126
CUST-04131,Midwest,64,4,1,one-year,dsl,100.18,0,0,3,1,1,7.3,0,0.44424954050172594,44.504918967462906
CUST-04132,Northeast,68,1,67,month-to-month,fiber,76.24,0,0,0,0,0,8.7,0,0.27196018646306697,20.734244615944224
CUST-04133,Northeast,38,5,53,two-year,fiber,107.58,0,1,4,2,1,7.7,0,0.24024971384679733,25.846064215638457
CUST-04134,Midwest,33,5,37,one-year,fiber,110.43,0,1,2,2,0,6.7,0,0.4298129806362507,47.464247451661166
CUST-04135,South,72,5,72,one-year,fiber,124.33,1,0,3,0,0,7.8,0,0.09658294355323546,12.008157371973764
CUST-04136,South,39,3,70,month-to-month,fiber,140.16,0,0,3,0,2,8.1,1,0.5986436892615812,83.90589948690321
CUST-04137,West,20,4,71,month-to-month,dsl,66.21,1,0,1,0,0,8.4,0,0.10764040495762711,7.126871212244491
CUST-04138,Midwest,65,5,19,one-year,dsl,78.4,1,1,1,2,0,8.1,0,0.1727500929923776,13.543607290602404
CUST-04139,Northeast,31,1,64,one-year,none,31.51,0,1,1,1,0,6.8,0,0.11102164210348203,3.498291942680719
CUST-04140,West,32,1,37,month-to-month,none,46.58,0,1,3,1,1,7.0,0,0.5617399910385498,26.165848782575647
CUST-04141,West,60,5,53,month-to-month,dsl,103.87,1,1,3,1,0,8.3,0,0.27043605090186745,28.090192607176974
CUST-04142,Northeast,77,2,62,one-year,fiber,93.39,0,0,3,0,0,7.6,0,0.14905076263972308,13.919850722923739
CUST-04143,West,23,1,12,month-to-month,fiber,60.75,1,1,0,2,1,8.4,1,0.6021303384020562,36.57941805792491
CUST-04144,South,57,2,33,month-to-month,dsl,56.07,1,1,0,2,0,8.5,0,0.34063437844896266,19.099369599633338
CUST-04145,South,37,4,10,one-year,dsl,97.84,1,0,3,3,0,6.6,0,0.36912977148014764,36.11565684161765
CUST-04146,Midwest,71,2,21,month-to-month,fiber,121.5,0,1,4,1,0,7.1,0,0.771682275418382,93.7593964633334
CUST-04147,West,71,2,30,month-to-month,dsl,58.68,1,1,1,0,0,8.4,0,0.24771528284795163,14.535932797517802
CUST-04148,South,24,5,62,month-to-month,fiber,122.69,0,0,2,2,2,6.4,0,0.8124861386297093,99.68392434847904
CUST-04149,Midwest,20,5,63,two-year,fiber,112.35,1,1,4,4,0,7.3,0,0.17806414805797888,20.005507034313926
CUST-04150,Northeast,42,3,29,month-to-month,dsl,79.94,1,1,1,1,0,6.8,0,0.43937591534814785,35.12371067293094
CUST-04151,Northeast,21,2,24,one-year,fiber,103.63,0,1,2,2,1,6.1,0,0.6103443072406229,63.24998055934575
CUST-04152,Midwest,38,5,39,two-year,dsl,70.75,1,1,0,3,1,6.8,0,0.18977096491587345,13.426295767798047
CUST-04153,Northeast,28,4,66,one-year,dsl,67.25,1,0,1,0,0,8.9,0,0.026501379934414857,1.7822178005893992
CUST-04154,Northeast,76,4,71,month-to-month,dsl,81.98,1,1,1,2,0,7.0,0,0.31680031972873746,25.971290211361897
CUST-04155,Northeast,60,2,17,month-to-month,fiber,109.13,0,0,3,2,2,7.1,1,0.8764570824819623,95.64776141125654
CUST-04156,South,26,2,14,month-to-month,dsl,80.98,1,0,1,4,0,7.1,1,0.6736743022912677,54.55414499954686
CUST-04157,Northeast,55,1,51,one-year,fiber,116.33,0,0,2,1,1,8.1,0,0.28055885316206924,32.637411388343516
CUST-04158,West,62,3,22,two-year,dsl,98.38,0,1,1,1,0,8.0,0,0.1754029854052845,17.25614570417189
CUST-04159,South,66,1,15,one-year,fiber,78.59,1,1,0,1,2,7.2,0,0.46436334113409655,36.49431497972865
CUST-04160,South,55,5,3,month-to-month,none,91.34,1,1,3,2,0,7.1,0,0.6523145911080284,59.58241475180731
CUST-04161,Northeast,53,2,30,month-to-month,dsl,90.22,0,1,3,2,0,5.5,0,0.7566801690441437,68.26768485116264
CUST-04162,Northeast,69,4,29,two-year,fiber,129.03,1,1,3,1,1,6.6,0,0.30620959571693157,39.51022413535568
CUST-04163,South,33,1,41,month-to-month,fiber,86.52,0,1,2,2,2,7.4,1,0.8062284342992629,69.75488413557223
CUST-04164,West,76,2,15,two-year,fiber,100.44,1,1,0,0,0,10.0,0,0.07792979194992358,7.8272683034503245
CUST-04165,Midwest,30,2,52,month-to-month,dsl,81.39,1,0,2,1,0,6.3,0,0.3641265263939188,29.63625798320105
CUST-04166,Northeast,66,5,49,one-year,dsl,133.13,0,0,3,0,1,8.4,0,0.16879077194073627,22.47111546847022
CUST-04167,Northeast,75,5,34,one-year,dsl,100.66,1,1,2,1,1,6.3,0,0.27576686437071785,27.75869256755646
CUST-04168,South,33,3,14,month-to-month,none,100.88,1,1,3,1,0,9.0,0,0.3867447952862273,39.01481494847461
CUST-04169,South,57,1,37,month-to-month,fiber,91.29,1,0,1,1,0,7.5,0,0.4881060156282515,44.559198166703084
CUST-04170,West,68,5,49,two-year,dsl,105.5,1,1,2,1,0,10.0,1,0.035058674068760134,3.698690114254194
CUST-04171,Northeast,35,2,27,month-to-month,fiber,109.04,1,1,1,1,0,7.0,1,0.58901598314074,64.2263028016663
CUST-04172,West,49,4,19,month-to-month,dsl,106.98,1,1,4,1,1,6.8,1,0.6351603513890218,67.94945439159756
CUST-04173,South,66,2,37,month-to-month,fiber,106.87,0,0,0,2,0,7.1,0,0.7405457855241939,79.1421280989706
CUST-04174,South,57,3,26,month-to-month,dsl,32.16,0,0,1,1,1,7.9,1,0.4980327457990039,16.016733104895966
CUST-04175,Northeast,66,1,29,one-year,fiber,100.11,1,0,3,3,1,7.3,0,0.4045428914832703,40.498788866390186
CUST-04176,Midwest,34,3,26,month-to-month,fiber,102.14,1,1,0,1,0,8.4,0,0.4653028527142918,47.52603337623776
CUST-04177,Midwest,48,4,22,month-to-month,fiber,102.63,1,1,2,1,0,7.3,0,0.582758655853757,59.80852085027107
CUST-04178,South,66,5,52,two-year,none,75.71,0,0,0,0,2,8.6,0,0.10779157713971388,8.160900305247736
CUST-04179,West,31,5,34,month-to-month,fiber,93.18,1,0,2,0,0,10.0,0,0.2009517846657194,18.724687295151735
CUST-04180,West,44,5,34,month-to-month,fiber,91.73,0,1,1,0,1,8.3,0,0.5705531268337395,52.336838324458924
CUST-04181,West,49,5,48,one-year,fiber,104.86,0,0,0,1,0,6.9,1,0.2867525996435078,30.06887759861823
CUST-04182,Midwest,66,3,27,two-year,fiber,118.06,1,1,2,0,0,8.8,0,0.10042980814776033,11.856743149924585
CUST-04183,Midwest,63,2,8,one-year,dsl,89.26,0,1,1,0,1,6.2,0,0.46693038427434574,41.678206100328104
CUST-04184,Midwest,43,1,62,one-year,none,53.1,1,1,0,0,0,9.1,0,0.032133263339386604,1.7062762833214287
CUST-04185,Midwest,75,1,5,month-to-month,dsl,128.49,0,0,2,1,1,5.5,1,0.8865009042433781,113.90650118623167
CUST-04186,Northeast,54,1,42,month-to-month,dsl,86.86,1,1,2,0,0,8.7,0,0.2117833581904008,18.395502492418213
CUST-04187,Midwest,55,4,20,two-year,fiber,116.36,1,1,3,0,0,8.4,0,0.12026217826130263,13.993707062485173
CUST-04188,Northeast,24,2,16,two-year,fiber,139.88,0,1,4,3,1,7.2,0,0.5706504835209629,79.82258963491229
CUST-04189,Midwest,31,3,4,one-year,dsl,119.16,1,1,3,2,0,7.4,0,0.3192258635222821,38.03895389731513
CUST-04190,Northeast,23,2,65,month-to-month,dsl,109.31,1,1,3,1,1,8.6,0,0.26276346799867095,28.722674686934724
CUST-04191,Northeast,18,3,31,month-to-month,fiber,99.87,0,0,3,0,0,8.4,1,0.4490572835482205,44.84735090796078
CUST-04192,Midwest,75,3,25,month-to-month,dsl,97.74,1,1,3,2,0,8.0,0,0.4825462013712628,47.164065722027225
CUST-04193,West,34,3,54,two-year,fiber,118.24,1,1,3,1,1,7.3,0,0.1629269820075512,19.264486352572852
CUST-04194,Midwest,61,1,3,one-year,fiber,142.67,0,1,3,3,1,5.9,1,0.8426269463255284,120.21758643226312
CUST-04195,Northeast,49,5,41,month-to-month,fiber,145.23,1,1,2,0,0,6.8,0,0.5423562134701234,78.76639288226602
CUST-04196,South,28,3,36,month-to-month,dsl,85.04,1,1,3,1,0,6.5,1,0.46519256560198957,39.559975778793195
CUST-04197,South,66,4,40,month-to-month,dsl,116.52,0,0,4,2,0,6.8,1,0.6687321235832673,77.92066703992231
CUST-04198,Northeast,53,5,9,month-to-month,dsl,83.46,0,0,2,1,1,7.1,0,0.6944908861236953,57.9622093558836
CUST-04199,West,63,1,69,one-year,dsl,76.07,1,1,1,0,1,8.6,0,0.05788116418716407,4.40302015971757
CUST-04200,South,64,2,18,one-year,dsl,70.56,1,1,2,4,0,5.6,0,0.486234788874609,34.308726702992416
CUST-04201,West,67,3,49,month-to-month,fiber,116.46,0,0,0,3,1,6.1,0,0.8554982648332979,99.63132792248587
CUST-04202,Northeast,53,4,54,one-year,dsl,90.6,0,1,1,2,1,8.1,0,0.21499587984894217,19.47862671431416
CUST-04203,South,27,3,25,two-year,fiber,126.46,0,1,4,2,0,7.5,0,0.3575407274524585,45.2146003936379
CUST-04204,West,44,1,10,month-to-month,fiber,90.85,1,1,0,0,1,7.9,1,0.6037819174560869,54.85358720088549
CUST-04205,South,62,4,22,month-to-month,fiber,129.77,0,0,4,1,0,7.6,0,0.7287203988106165,94.5660461536537
CUST-04206,West,68,4,59,month-to-month,fiber,101.11,1,0,2,2,0,8.1,0,0.38607670868818866,39.036216015462756
CUST-04207,West,49,1,66,month-to-month,dsl,75.78,0,1,1,1,0,7.5,0,0.36583207564573383,27.72275469243371
CUST-04208,Midwest,21,5,68,month-to-month,fiber,77.11,1,1,2,3,0,6.0,0,0.5366574904389694,41.38165908774893
CUST-04209,Northeast,77,5,17,one-year,fiber,101.24,1,0,4,1,0,7.4,0,0.24556011716419415,24.860506261703016
CUST-04210,West,56,2,44,month-to-month,dsl,54.88,1,1,0,1,1,6.8,1,0.43845911127228143,24.062636026622805
CUST-04211,South,51,4,11,month-to-month,dsl,91.89,0,1,2,1,1,6.5,0,0.7929311225221843,72.86244084856352
CUST-04212,Midwest,46,5,52,two-year,fiber,85.1,1,1,1,2,1,7.8,0,0.14251117705810254,12.127701167644526
CUST-04213,Midwest,43,3,30,month-to-month,fiber,116.74,1,1,2,0,0,9.6,0,0.3135439801579409,36.603124243638014
CUST-04214,South,56,1,52,one-year,fiber,123.07,1,1,3,3,0,6.4,0,0.3946892330255303,48.574403908452005
CUST-04215,Northeast,55,3,50,one-year,dsl,76.19,0,1,4,1,0,6.8,0,0.1853971370727248,14.125407873570902
CUST-04216,Midwest,35,2,72,two-year,dsl,75.95,0,1,1,1,0,6.5,0,0.10044306137574179,7.628650511487589
CUST-04217,Midwest,41,5,36,one-year,fiber,86.7,1,0,3,2,0,8.9,0,0.12882646033653958,11.169254111177981
CUST-04218,Northeast,27,1,25,two-year,dsl,68.32,0,1,2,1,0,8.5,0,0.10332651019537716,7.0592671765481665
CUST-04219,Northeast,36,5,38,one-year,dsl,79.4,1,1,2,0,1,7.6,0,0.11414106635792348,9.062800668819126
CUST-04220,Northeast,76,2,12,month-to-month,none,52.51,0,1,0,3,0,6.3,1,0.7766285944556777,40.78076749486763
CUST-04221,South,33,2,9,month-to-month,fiber,155.15,0,1,4,0,0,9.1,1,0.6731626123786181,104.4411793105426
CUST-04222,Midwest,69,2,38,month-to-month,dsl,85.45,1,1,0,1,1,7.2,0,0.5004011453774244,42.75927787250092
CUST-04223,Midwest,44,1,60,month-to-month,dsl,71.02,0,0,0,3,0,7.0,0,0.5247906609058974,37.270632737536836
CUST-04224,Northeast,72,4,39,month-to-month,fiber,124.46,0,1,3,2,1,6.4,1,0.8419525490978531,104.78941426071879
CUST-04225,West,52,4,57,month-to-month,fiber,95.79,1,0,2,1,1,7.0,0,0.49486021787358736,47.402660270110935
CUST-04226,West,64,2,13,month-to-month,fiber,79.6,1,0,0,1,0,5.2,0,0.7455442360400856,59.345321188790805
CUST-04227,Northeast,41,1,33,month-to-month,fiber,121.11,1,1,3,1,0,7.2,1,0.5722592121461406,69.30631318301909
CUST-04228,Northeast,21,5,45,month-to-month,dsl,65.21,0,1,1,4,0,5.2,1,0.7575827060479053,49.4019682613839
CUST-04229,West,39,4,26,one-year,dsl,109.03,1,1,4,0,0,8.9,0,0.08933194923837248,9.739862425459751
CUST-04230,South,55,2,2,one-year,fiber,112.69,1,1,4,3,0,7.0,0,0.5451067961268394,61.428084855533534
CUST-04231,South,32,4,6,one-year,dsl,90.64,0,1,2,0,0,8.4,0,0.2167176936831769,19.643291755443155
CUST-04232,South,40,2,67,month-to-month,fiber,131.45,1,1,2,0,2,8.5,0,0.45873153614507095,60.300260426269574
CUST-04233,West,20,4,44,two-year,none,90.31,1,1,2,1,0,5.8,0,0.1295679494476997,11.70128151462176
CUST-04234,Northeast,38,3,20,one-year,fiber,119.97,1,0,3,2,1,7.1,0,0.41219768754904174,49.45135657525854
CUST-04235,West,23,1,19,month-to-month,dsl,81.45,0,1,4,1,0,6.2,1,0.6810967057813276,55.47532668588914
CUST-04236,Northeast,32,4,3,two-year,none,86.94,1,1,3,0,1,7.1,0,0.17064672710530576,14.836026454535283
CUST-04237,West,41,1,69,month-to-month,dsl,70.79,1,0,0,0,0,7.8,0,0.1556383729694951,11.017640422510558
CUST-04238,South,28,5,8,one-year,dsl,78.78,1,0,0,0,1,8.2,0,0.1578470349426244,12.43518941277995
CUST-04239,West,22,1,55,one-year,fiber,104.48,1,0,3,1,2,7.9,0,0.2186847616644778,22.848183898704644
CUST-04240,Northeast,26,5,18,month-to-month,dsl,89.13,1,1,1,2,1,7.1,0,0.611952364469251,54.543314245144344
CUST-04241,South,57,2,25,one-year,dsl,74.16,1,1,2,2,1,6.4,0,0.34718134976643855,25.746968898679082
CUST-04242,Northeast,25,3,20,month-to-month,fiber,112.23,1,1,2,2,0,6.8,0,0.6881044537048034,77.22596283929009
CUST-04243,Midwest,20,5,60,month-to-month,none,53.53,1,0,2,2,2,7.8,0,0.3564882044218036,19.08281358269915
CUST-04244,Northeast,60,5,3,month-to-month,fiber,70.1,1,1,1,1,2,8.5,0,0.6572131700915985,46.07064322342105
CUST-04245,South,45,3,26,month-to-month,fiber,86.88,0,1,0,2,1,6.2,0,0.858696515839442,74.60355329613071
CUST-04246,Midwest,73,2,21,month-to-month,none,66.49,1,1,1,2,0,7.1,1,0.5334327562883533,35.467943965612605
CUST-04247,South,41,4,20,one-year,fiber,103.93,0,1,3,2,0,6.3,1,0.5609601553795333,58.30058894859489
CUST-04248,West,40,5,14,month-to-month,fiber,118.43,1,1,3,1,1,8.2,0,0.6445321194172056,76.33193890257967
CUST-04249,Midwest,20,2,66,month-to-month,fiber,102.82,1,1,4,0,0,10.0,0,0.14379147191896058,14.784639142707526
CUST-04250,West,24,2,28,one-year,dsl,56.4,1,1,0,2,0,6.9,0,0.1810489578963657,10.211161225355024
CUST-04251,Midwest,68,5,31,month-to-month,dsl,80.46,0,1,0,0,0,8.9,0,0.343340403427131,27.62516885974696
CUST-04252,South,31,2,28,month-to-month,fiber,75.79,1,1,0,1,0,8.2,0,0.4436026734593015,33.62064662148046
CUST-04253,South,22,3,71,one-year,dsl,89.86,0,1,2,1,0,7.5,0,0.12544281437731888,11.272291299945875
CUST-04254,Midwest,62,2,25,two-year,dsl,63.49,1,0,2,4,2,5.1,0,0.49362874809899726,31.340489216805338
CUST-04255,West,77,3,25,month-to-month,dsl,79.1,1,1,0,4,0,8.1,0,0.5740953317741849,45.410940743338024
CUST-04256,West,38,3,24,month-to-month,dsl,103.6,1,1,2,2,1,7.4,0,0.6191106133352848,64.1398595415355
CUST-04257,Northeast,41,3,24,one-year,none,70.04,0,1,0,4,0,6.9,0,0.43216680831590615,30.26896325444607
CUST-04258,South,57,3,7,two-year,fiber,119.82,1,1,3,2,0,7.2,0,0.34190465015458915,40.96701518152287
CUST-04259,Midwest,24,2,44,month-to-month,fiber,117.64,1,1,2,0,0,8.2,0,0.363092126238409,42.71415773068643
CUST-04260,West,30,1,2,month-to-month,dsl,81.51,1,1,0,1,0,6.5,0,0.6175255715955963,50.33450934075706
CUST-04261,South,70,4,17,month-to-month,fiber,88.02,1,0,0,3,0,7.1,0,0.7199521556324147,63.37018873876514
CUST-04262,West,63,2,15,one-year,fiber,111.59,1,1,3,1,1,7.3,0,0.40314993561156914,44.987501314895
CUST-04263,West,26,1,21,two-year,fiber,126.49,0,0,4,1,0,6.7,0,0.348584663547583,44.09247409213377
CUST-04264,Northeast,57,3,55,one-year,fiber,119.18,0,0,4,2,0,6.3,0,0.3791674167970832,45.18917273387638
CUST-04265,South,75,5,44,month-to-month,none,95.04,1,1,2,5,1,7.3,0,0.7310274909158887,69.47685273664607
CUST-04266,South,31,4,72,one-year,fiber,116.17,1,1,2,1,0,7.6,0,0.12611273270120638,14.650516157899144
CUST-04267,West,30,3,26,two-year,dsl,84.4,0,1,4,0,1,8.3,0,0.13358876626731414,11.274891872961314
CUST-04268,West,73,5,67,month-to-month,dsl,109.67,1,0,4,1,0,6.5,1,0.34394616178429777,37.72057556288394
CUST-04269,Northeast,75,4,4,one-year,fiber,97.11,1,1,4,1,0,7.7,0,0.2911097996347542,28.26967264253098
CUST-04270,Northeast,49,5,37,month-to-month,fiber,110.49,0,1,1,0,0,6.6,1,0.6440374085802658,71.15969327403357
CUST-04271,South,46,5,58,month-to-month,fiber,117.86,1,1,2,1,0,7.9,0,0.40519740874996213,47.756566595270534
CUST-04272,Northeast,31,3,39,one-year,fiber,80.09,1,0,0,0,1,7.4,0,0.16005587990619052,12.8188754216868
CUST-04273,Midwest,21,1,68,month-to-month,fiber,67.97,1,1,0,1,0,8.3,0,0.23664738625935014,16.08492284404803
CUST-04274,South,52,3,23,two-year,dsl,82.68,0,0,1,3,1,4.7,1,0.5751847838413453,47.55627792800243
CUST-04275,South,27,5,3,month-to-month,fiber,99.67,1,1,4,1,1,6.7,0,0.7725047627629231,76.99554970458055
CUST-04276,Northeast,42,4,56,month-to-month,fiber,87.93,1,0,2,1,0,8.6,0,0.25130957117224334,22.09765059317536
CUST-04277,Northeast,74,2,5,month-to-month,fiber,102.21,1,0,2,0,1,9.2,0,0.4988055708150928,50.98291739301063
CUST-04278,Northeast,73,5,56,month-to-month,fiber,127.8,1,1,4,0,1,7.9,0,0.4346245364265227,55.5450157553096
CUST-04279,Northeast,45,5,53,month-to-month,fiber,81.34,1,1,2,0,1,7.5,0,0.3777439610315088,30.725693790302927
CUST-04280,South,36,4,61,one-year,none,51.81,0,1,1,0,1,8.1,0,0.10496967445803285,5.438478833670682
CUST-04281,Northeast,76,1,35,month-to-month,fiber,146.75,1,1,3,0,0,9.9,0,0.3364331000346412,49.3715574300836
CUST-04282,West,71,4,65,month-to-month,dsl,109.56,1,1,1,3,0,6.2,0,0.5438945941322649,59.58909173313095
CUST-04283,South,54,5,13,one-year,dsl,94.24,0,1,1,0,0,8.2,0,0.2194323513952433,20.679304795487727
CUST-04284,Northeast,62,3,32,month-to-month,dsl,108.08,0,1,4,1,0,6.4,0,0.6574237662764243,71.05436065915593
CUST-04285,Midwest,44,4,9,one-year,dsl,104.47,1,1,2,2,0,6.7,0,0.3323898821107057,34.724770984105426
CUST-04286,West,58,5,56,month-to-month,fiber,87.36,1,1,1,4,0,6.3,0,0.673184081641958,58.80936137224145
CUST-04287,South,51,4,52,month-to-month,dsl,63.41,0,0,4,1,1,7.9,0,0.4232572308618322,26.83874100894878
CUST-04288,West,29,4,59,one-year,fiber,93.18,0,1,3,1,0,7.9,0,0.17843705081716055,16.62676439514302
CUST-04289,South,22,3,56,one-year,dsl,89.48,1,1,3,0,1,8.9,0,0.06673714707034918,5.971639919854845
CUST-04290,South,23,1,23,two-year,fiber,101.33,0,1,1,2,0,6.2,0,0.4448401337623491,45.075650754138834
CUST-04291,South,65,2,5,month-to-month,dsl,96.63,1,1,3,0,2,6.6,0,0.7446349341669227,71.95407368854974
CUST-04292,West,69,3,67,month-to-month,dsl,126.84,1,1,4,1,0,8.3,0,0.26695247533415095,33.86025197138371
CUST-04293,Midwest,48,4,36,one-year,dsl,75.11,1,1,0,0,0,8.0,0,0.08254307120780377,6.199810078418141
CUST-04294,Midwest,52,2,7,one-year,fiber,89.39,1,1,0,1,0,6.8,0,0.35436491308324364,31.67667958051115
CUST-04295,South,73,2,67,one-year,dsl,97.97,1,1,2,0,0,8.6,0,0.054565597424081305,5.345791579637245
CUST-04296,Northeast,75,2,72,one-year,dsl,106.27,1,0,3,1,0,8.0,0,0.06519358464922345,6.928122240672976
CUST-04297,West,60,2,33,one-year,fiber,85.0,1,1,0,2,2,6.7,0,0.4740643981667339,40.295473844172385
CUST-04298,Northeast,48,4,56,month-to-month,fiber,93.17,1,1,2,0,1,9.3,1,0.25339338445620635,23.608661629784745
CUST-04299,Midwest,44,1,3,one-year,fiber,103.5,1,0,0,3,0,8.5,0,0.350038947145305,36.229031029539065
CUST-04300,Midwest,53,4,7,month-to-month,fiber,92.49,1,0,4,1,1,8.2,1,0.6081000012942068,56.243169119701186
CUST-04301,Midwest,62,1,20,month-to-month,dsl,71.36,1,1,3,2,1,7.1,0,0.6208675250072586,44.30510658451797
CUST-04302,West,77,5,48,one-year,fiber,118.51,1,1,4,3,0,8.0,0,0.2522051225198881,29.88882906983194
CUST-04303,Northeast,57,4,10,month-to-month,dsl,73.03,0,1,1,0,0,8.0,0,0.4839001268676116,35.339226265141676
CUST-04304,Northeast,60,5,3,month-to-month,dsl,93.81,1,0,3,2,0,6.8,0,0.6206361798994975,58.22188003637186
CUST-04305,South,19,2,49,two-year,dsl,83.45,0,0,1,3,1,5.8,0,0.3438154004518229,28.691395167704624
CUST-04306,Midwest,39,3,56,one-year,dsl,78.92,1,1,0,1,1,6.9,0,0.1481497656156869,11.69197950239001
CUST-04307,Northeast,34,3,54,month-to-month,dsl,72.58,1,0,2,1,0,8.4,0,0.18220029111127797,13.224097128856554
CUST-04308,West,67,1,58,two-year,fiber,107.58,0,1,2,2,0,5.7,0,0.34960264618814807,37.61025267692097
CUST-04309,Midwest,33,4,58,month-to-month,fiber,92.16,1,1,2,1,0,7.0,0,0.4098122297195762,37.768295090956144
CUST-04310,West,35,1,44,one-year,dsl,135.32,0,0,4,1,0,7.3,0,0.24743257853402625,33.48257652722443
CUST-04311,South,57,5,38,month-to-month,none,65.03,1,1,1,0,0,6.8,0,0.3467624825496065,22.54996424020091
CUST-04312,West,49,5,62,month-to-month,fiber,119.64,1,0,3,1,0,7.2,0,0.40581705177647653,48.55195207453765
CUST-04313,South,42,2,26,month-to-month,none,75.01,1,1,0,3,0,6.5,0,0.6447545559476643,48.363039241634304
CUST-04314,Northeast,32,2,8,month-to-month,none,91.79,1,1,4,0,0,9.0,0,0.30687926464081927,28.168447701380803
CUST-04315,West,71,1,55,month-to-month,fiber,87.69,1,1,2,1,3,6.3,0,0.7566355968637399,66.34937548898135
CUST-04316,Northeast,77,2,20,month-to-month,dsl,103.71,1,1,3,2,0,7.1,0,0.5906175888071573,61.25295013519028
CUST-04317,Midwest,21,2,71,one-year,dsl,57.29,1,0,1,1,0,6.6,0,0.06895326089997672,3.9503323169596665
CUST-04318,Northeast,74,4,30,month-to-month,fiber,82.03,0,1,1,1,1,6.0,1,0.8028618164445097,65.85875480294314
CUST-04319,Midwest,67,4,62,month-to-month,fiber,123.21,1,0,4,0,1,6.1,0,0.547857443643221,67.50151563128125
CUST-04320,South,70,1,4,two-year,fiber,90.19,1,1,0,0,2,8.8,0,0.24433809007619645,22.036852343972157
CUST-04321,Northeast,44,1,48,one-year,dsl,70.04,0,0,2,2,0,6.8,0,0.2120386684670205,14.851188339430117
CUST-04322,West,42,4,33,two-year,fiber,88.22,1,1,1,1,0,8.1,0,0.108215417544512,9.546764135776849
CUST-04323,South,54,3,34,month-to-month,dsl,68.78,1,0,1,2,0,7.5,1,0.4099074684969097,28.193435683217448
CUST-04324,Midwest,61,5,20,month-to-month,dsl,136.66,1,1,3,1,0,8.3,0,0.47489256780886574,64.89881831675959
CUST-04325,Northeast,74,4,70,one-year,dsl,115.13,0,0,3,1,0,9.5,0,0.06982571529091855,8.039034601443452
CUST-04326,West,33,4,29,one-year,fiber,89.86,1,0,2,1,0,7.9,0,0.1637120935609728,14.711168727389015
CUST-04327,Midwest,75,5,62,month-to-month,fiber,103.72,1,0,3,2,1,6.1,1,0.63565263458241,65.92989125888757
CUST-04328,South,41,3,31,two-year,fiber,95.58,0,0,0,1,1,8.0,0,0.2537280319781964,24.251325296476008
CUST-04329,West,57,4,4,one-year,fiber,76.75,1,1,1,1,1,9.8,0,0.19503888631765945,14.969234524880363
CUST-04330,South,66,1,64,one-year,fiber,110.7,1,1,3,4,0,5.8,1,0.43654246832613147,48.32525124370275
CUST-04331,South,57,1,14,month-to-month,fiber,102.75,0,0,3,0,1,6.9,1,0.7900098224852177,81.17350926035611
CUST-04332,South,21,2,20,one-year,fiber,85.38,1,1,0,0,1,5.9,0,0.38706173459897497,33.04733090006048
CUST-04333,Midwest,70,2,62,month-to-month,dsl,118.94,0,1,4,3,0,4.3,0,0.8256493006628098,98.2027278208346
CUST-04334,South,20,2,65,two-year,fiber,92.87,1,0,2,0,1,9.5,0,0.04098785104468625,3.8065417265200123
CUST-04335,Midwest,50,4,67,month-to-month,fiber,95.74,1,1,1,0,1,7.7,0,0.35173528550085237,33.6751362338516
CUST-04336,West,57,2,31,month-to-month,dsl,95.8,1,1,2,1,1,6.3,1,0.6226667240994277,59.65147216872517
CUST-04337,Midwest,33,4,55,month-to-month,dsl,100.52,1,1,1,0,0,8.1,0,0.2176428724546211,21.877461539138512
CUST-04338,Midwest,64,1,24,one-year,none,77.25,0,1,2,0,0,10.0,0,0.09753552623026085,7.53461940128765
CUST-04339,Midwest,53,2,54,two-year,dsl,105.86,0,1,0,1,0,7.7,0,0.12116601528489485,12.826634378058968
CUST-04340,West,41,3,37,two-year,fiber,86.58,1,1,0,2,0,9.1,1,0.09336651180313886,8.083672591915763
CUST-04341,Midwest,27,5,4,one-year,none,85.67,0,1,4,3,0,5.7,1,0.5869768491241864,50.286306664469045
CUST-04342,West,58,2,31,two-year,dsl,107.25,0,1,3,0,1,9.3,0,0.11589096559042478,12.429306059573058
CUST-04343,Midwest,24,3,34,one-year,dsl,112.43,0,1,1,0,0,7.7,0,0.18969670404641323,21.32760043593824
CUST-04344,Northeast,72,3,19,month-to-month,dsl,91.13,1,1,4,3,2,5.3,1,0.8640138746246139,78.73758439454106
CUST-04345,West,24,1,27,one-year,fiber,136.51,1,1,3,2,1,6.3,0,0.5316137945743279,72.5705990973415
CUST-04346,Northeast,23,2,37,month-to-month,fiber,124.25,0,1,3,0,1,7.3,0,0.6859216843294447,85.2257692779335
CUST-04347,Midwest,30,2,4,month-to-month,dsl,80.84,0,0,3,1,0,8.2,0,0.5498826236038659,44.45251129213652
CUST-04348,Midwest,67,3,11,month-to-month,fiber,119.57,0,0,4,2,0,6.3,0,0.857452312706419,102.52557303030652
CUST-04349,Midwest,68,1,56,month-to-month,fiber,113.92,0,0,4,0,0,8.8,0,0.38214042974420726,43.53343775646009
CUST-04350,South,52,4,26,two-year,fiber,81.92,0,0,1,3,0,5.9,0,0.4566324517449871,37.407330446949345
CUST-04351,South,65,3,44,two-year,fiber,113.89,1,1,3,2,0,7.3,0,0.194740424518692,22.17898694843383
CUST-04352,Northeast,43,1,41,month-to-month,fiber,97.49,1,1,0,1,1,6.8,0,0.6167798856870247,60.12987105562804
CUST-04353,Northeast,77,2,40,one-year,fiber,111.02,0,0,2,1,1,9.0,0,0.25587290357031084,28.40700975437591
CUST-04354,Northeast,21,3,30,month-to-month,none,57.45,1,1,0,2,1,7.2,0,0.49857164573941437,28.64294104772936
CUST-04355,West,54,2,35,month-to-month,fiber,82.9,1,0,0,1,0,7.8,0,0.42980385696454937,35.63073974236114
CUST-04356,West,41,4,60,month-to-month,fiber,151.3,0,1,3,0,0,7.6,0,0.5451631193520559,82.48317995796606
CUST-04357,Northeast,39,4,70,month-to-month,fiber,92.19,0,1,1,0,0,7.3,0,0.3914213491420605,36.08513417740656
CUST-04358,West,65,4,19,month-to-month,dsl,87.56,1,0,0,1,0,6.6,1,0.5212289379125341,45.63880580362149
CUST-04359,Midwest,64,4,49,month-to-month,dsl,118.62,0,1,4,3,0,7.4,0,0.64924398835923,77.01332189917187
CUST-04360,South,50,5,70,month-to-month,dsl,122.95,1,1,4,1,0,6.1,0,0.42060259252195115,51.713088750573895
CUST-04361,Northeast,70,3,1,month-to-month,none,55.82,1,1,1,0,0,7.8,0,0.3925574892901758,21.912559052177613
CUST-04362,Midwest,28,4,57,two-year,none,74.49,1,1,2,1,1,8.4,0,0.054237873803014015,4.040179219586514
CUST-04363,Northeast,22,2,36,month-to-month,dsl,71.07,0,1,1,3,0,4.7,0,0.7940308269011083,56.43177086786176
CUST-04364,Northeast,31,4,70,month-to-month,dsl,84.56,0,0,4,4,0,5.8,0,0.6257411394148376,52.912670748918664
CUST-04365,Northeast,23,3,42,month-to-month,fiber,109.4,1,1,3,1,0,6.8,0,0.5194308679265427,56.825736951163776
CUST-04366,Northeast,68,5,61,month-to-month,dsl,81.11,1,0,2,0,0,8.1,0,0.1587982574836704,12.880126664500507
CUST-04367,Northeast,48,1,12,month-to-month,fiber,94.08,0,1,4,3,0,6.0,0,0.8783395585587808,82.6341856692101
CUST-04368,South,43,5,11,month-to-month,dsl,86.61,1,1,3,0,0,6.1,0,0.5570713985354028,48.247953827151235
CUST-04369,West,47,2,67,one-year,fiber,76.75,0,0,0,0,1,8.5,0,0.12672667709556207,9.726272467084389
CUST-04370,South,23,5,38,one-year,fiber,114.44,1,1,2,4,0,5.4,0,0.5554282886184387,63.56321334949413
CUST-04371,Northeast,56,2,41,one-year,fiber,101.87,1,1,4,2,0,6.9,0,0.2671429757596486,27.213854940635407
CUST-04372,West,76,4,13,one-year,dsl,76.95,1,1,2,1,0,7.9,0,0.16755686515858817,12.89350077395336
CUST-04373,South,26,2,17,month-to-month,dsl,61.83,1,1,0,2,0,7.3,0,0.5108536143058089,31.586078972528163
CUST-04374,Northeast,33,5,59,month-to-month,fiber,129.39,1,1,3,2,1,7.2,0,0.5910878617832953,76.48085843614057
CUST-04375,Midwest,64,4,22,month-to-month,fiber,92.38,1,0,2,2,0,7.7,0,0.5724771408744866,52.88543827398507
CUST-04376,Midwest,65,2,43,month-to-month,fiber,127.98,0,1,1,0,0,5.6,0,0.7604164114445325,97.31809233667127
CUST-04377,South,34,1,23,month-to-month,dsl,105.75,1,1,4,0,1,8.3,0,0.44224110632889735,46.766996994280895
CUST-04378,West,18,5,19,month-to-month,fiber,125.73,0,0,4,0,1,7.6,1,0.7092341400921359,89.17200843378426
CUST-04379,Midwest,61,5,12,one-year,fiber,119.35,0,1,2,1,0,7.2,0,0.4746832473199398,56.65344556763482
CUST-04380,Northeast,33,1,67,month-to-month,dsl,83.68,1,1,3,2,0,7.2,0,0.3059624872744967,25.602940935129887
CUST-04381,South,66,2,68,month-to-month,dsl,73.83,0,1,1,1,1,7.9,0,0.4255854232380909,31.42097179766825
CUST-04382,Midwest,38,2,9,one-year,dsl,99.15,0,0,3,1,0,6.9,0,0.3509661531286443,34.798294082705084
CUST-04383,Midwest,76,2,26,month-to-month,dsl,113.0,1,1,4,0,0,9.4,0,0.2744860399374899,31.016922512936357
CUST-04384,South,69,1,41,one-year,none,47.67,0,1,1,4,2,6.5,0,0.5786714476568218,27.585267909800695
CUST-04385,South,22,4,28,two-year,fiber,126.11,1,0,4,1,0,8.2,0,0.13498500275008912,17.02295869681374
CUST-04386,Northeast,62,4,52,two-year,fiber,87.4,0,0,0,3,0,5.4,0,0.36679037345356214,32.057478639841335
CUST-04387,Midwest,61,4,19,month-to-month,none,68.26,1,1,2,2,1,8.7,0,0.4681481970124111,31.955795928067186
CUST-04388,Northeast,36,3,5,month-to-month,fiber,91.75,1,1,0,1,0,7.8,0,0.5828024042822583,53.4721205928972
CUST-04389,South,73,5,25,one-year,dsl,40.06,0,1,2,2,0,7.2,0,0.2638926818667691,10.571540835582772
CUST-04390,West,65,4,44,one-year,fiber,124.53,1,1,3,1,1,7.8,0,0.2584936018433555,32.190208237553065
CUST-04391,West,33,1,14,one-year,fiber,125.98,0,0,4,0,0,8.7,0,0.2692089301793743,33.91494102399758
CUST-04392,South,66,3,59,month-to-month,fiber,81.57,0,1,0,3,1,6.8,0,0.7741529412467761,63.14765541749952
CUST-04393,Northeast,60,1,1,month-to-month,dsl,76.42,0,1,4,1,0,7.3,0,0.6657184069500551,50.87420065912321
CUST-04394,Northeast,48,3,5,month-to-month,dsl,97.39,0,0,4,1,0,6.2,0,0.7305575505709772,71.14899985010747
CUST-04395,West,71,2,37,month-to-month,fiber,100.9,0,1,0,2,1,7.4,0,0.7845618790852564,79.16229359970238
CUST-04396,South,48,5,37,month-to-month,fiber,113.8,1,1,4,2,1,6.0,1,0.7795372557506496,88.71133970442392
CUST-04397,Northeast,34,5,22,two-year,fiber,118.53,1,0,4,2,0,6.4,1,0.26320464601349314,31.19764669197934
CUST-04398,West,48,3,19,month-to-month,fiber,79.78,1,1,0,2,0,6.9,0,0.6578804826429261,52.485704905252646
CUST-04399,South,47,4,6,one-year,fiber,92.49,1,1,0,0,0,8.0,0,0.2273655153708708,21.02903651665184
CUST-04400,Midwest,28,4,48,two-year,none,63.3,1,1,3,3,1,6.9,0,0.15046935763449584,9.524710338263587
CUST-04401,Northeast,52,3,28,month-to-month,fiber,99.41,0,0,2,1,0,7.8,1,0.6043716035587087,60.080581109771224
CUST-04402,West,66,5,9,month-to-month,fiber,122.92,0,0,1,0,1,7.2,1,0.795642875130314,97.80042221101819
CUST-04403,South,70,4,29,one-year,fiber,91.42,1,1,2,1,0,8.0,1,0.20277684422841868,18.537859099362038
CUST-04404,West,60,2,68,month-to-month,fiber,91.9,1,1,1,1,1,6.9,1,0.49068978388368545,45.094391138910694
CUST-04405,South,47,2,19,month-to-month,fiber,131.98,0,0,4,0,2,8.0,1,0.7968148016135077,105.16361751695074
CUST-04406,Northeast,68,3,65,one-year,dsl,91.05,0,1,1,1,1,7.8,0,0.16968945738323732,15.450225094743757
CUST-04407,South,73,5,19,one-year,dsl,77.75,1,0,0,3,0,7.4,0,0.2574515627475908,20.016859003625186
CUST-04408,Northeast,66,1,14,one-year,dsl,103.72,1,1,4,0,0,8.2,0,0.1398936269637734,14.509766988682575
CUST-04409,Midwest,65,3,19,two-year,fiber,126.59,1,1,4,2,2,7.1,0,0.4604555310449787,58.28906567498386
CUST-04410,South,65,3,24,month-to-month,dsl,106.24,1,0,4,0,0,8.6,0,0.3139734290759296,33.35653710502676
CUST-04411,Northeast,47,5,9,one-year,none,104.28,1,1,4,2,0,8.0,0,0.22417650970310557,23.377126431839848
CUST-04412,South,64,4,43,one-year,dsl,69.12,0,1,0,0,0,8.8,0,0.0993971668296258,6.870332171263735
CUST-04413,Midwest,40,2,25,one-year,none,64.76,1,1,3,2,1,7.0,0,0.26119101291538693,16.91472999640046
CUST-04414,Midwest,74,1,52,one-year,fiber,76.76,1,1,1,1,0,6.9,0,0.17902516684276187,13.741971806850403
CUST-04415,Northeast,71,1,36,one-year,none,60.21,1,0,2,2,0,7.8,0,0.12059162279004508,7.260821608188614
CUST-04416,Midwest,54,1,32,two-year,dsl,74.29,1,0,2,2,0,7.8,0,0.09406181615749254,6.987852322340121
CUST-04417,South,61,3,34,month-to-month,dsl,86.88,0,1,4,2,2,5.3,1,0.874125085168969,75.94398739948002
CUST-04418,South,67,4,12,one-year,dsl,69.64,0,1,2,1,0,8.4,0,0.22758549272373493,15.8490537132809
CUST-04419,West,52,4,52,month-to-month,none,68.76,0,0,1,2,0,6.9,0,0.4964729166287307,34.13747774739153
CUST-04420,West,66,4,8,one-year,fiber,64.6,0,1,0,2,2,6.5,0,0.6894308758992475,44.53723458309138
CUST-04421,Northeast,62,3,52,one-year,dsl,89.38,0,0,2,2,0,7.3,1,0.19688917611940937,17.597954561552807
CUST-04422,South,34,3,72,one-year,dsl,111.94,1,0,4,2,1,7.9,0,0.12267874943484366,13.732659211736399
CUST-04423,South,27,5,56,month-to-month,dsl,129.63,1,1,3,2,1,8.2,0,0.4496767937259109,58.29160277068983
CUST-04424,Midwest,51,2,33,month-to-month,dsl,92.29,1,1,4,2,1,6.7,0,0.6235005825504825,57.54286876358403
CUST-04425,Midwest,18,3,23,month-to-month,fiber,88.93,1,1,0,1,0,7.3,0,0.5411565325448632,48.12505043921469
CUST-04426,South,61,2,63,month-to-month,fiber,88.7,1,0,2,0,0,8.6,0,0.2245232395113055,19.9152113446528
CUST-04427,Midwest,59,2,19,month-to-month,fiber,93.03,1,1,3,1,0,6.3,1,0.6761812307068213,62.90513989265559
CUST-04428,Midwest,24,1,35,two-year,dsl,106.38,0,0,4,4,0,6.8,0,0.32646200181629326,34.729027753217274
CUST-04429,West,36,4,56,month-to-month,dsl,67.45,0,1,1,1,0,6.1,1,0.49447350692026615,33.352238041771955
CUST-04430,West,49,3,67,two-year,dsl,76.21,0,1,3,0,3,6.2,0,0.2332376669322636,17.77504259690781
CUST-04431,South,61,2,67,month-to-month,dsl,86.45,1,1,1,0,0,9.5,0,0.1266249429540037,10.94672631837362
CUST-04432,Northeast,18,4,7,one-year,dsl,67.83,0,1,2,2,1,5.0,0,0.6052537478135056,41.05436171419009
CUST-04433,West,51,1,65,one-year,fiber,116.53,0,1,3,3,1,7.5,0,0.42277303811778144,49.265742131865075
CUST-04434,South,32,5,9,one-year,dsl,114.36,1,0,4,1,0,9.3,0,0.12782468895624743,14.618031429036456
CUST-04435,West,41,1,43,one-year,none,64.0,1,0,2,2,1,7.4,0,0.1675534024572429,10.723417757263546
CUST-04436,Midwest,47,3,67,one-year,dsl,104.33,1,1,2,1,0,8.4,0,0.06654214578657337,6.9423420699132
CUST-04437,Midwest,29,2,48,two-year,none,98.81,1,0,4,1,0,6.5,0,0.09654350803697069,9.539464029133073
CUST-04438,West,36,1,69,one-year,none,82.64,1,0,2,3,0,6.4,0,0.15648313165365732,12.931765999858241
CUST-04439,West,42,1,25,month-to-month,fiber,60.76,1,0,1,3,1,6.5,1,0.7392882876940192,44.9191563602886
CUST-04440,Midwest,64,2,23,month-to-month,dsl,57.26,0,1,1,0,1,7.9,0,0.5173275430092356,29.622175112708828
CUST-04441,Midwest,35,4,24,one-year,dsl,118.13,1,1,3,0,0,8.8,0,0.10159911732509454,12.001903729613417
CUST-04442,Northeast,56,4,26,month-to-month,fiber,129.31,1,1,3,0,0,8.4,0,0.4433217849375592,57.32594001027578
CUST-04443,Northeast,39,5,50,month-to-month,fiber,129.63,0,1,2,1,0,7.3,0,0.6161865906901295,79.87626775116148
CUST-04444,Midwest,34,4,33,one-year,fiber,124.76,1,1,0,2,0,6.3,0,0.38914531192090246,48.54976911525179
CUST-04445,South,24,3,54,month-to-month,fiber,111.91,1,0,0,0,1,8.2,1,0.3822970923794111,42.7828676081799
CUST-04446,Midwest,19,4,30,one-year,dsl,89.37,1,1,1,1,0,6.9,0,0.1671146564137088,14.935036843693155
CUST-04447,Midwest,38,5,23,one-year,fiber,98.2,1,1,0,2,1,6.8,1,0.4199971113331346,41.24371633291382
CUST-04448,Northeast,33,3,14,one-year,fiber,95.56,0,1,2,0,0,9.5,0,0.17964861844914362,17.167221979000164
CUST-04449,Northeast,63,3,40,one-year,dsl,88.86,0,1,2,3,1,4.9,0,0.6014254919857976,53.442669217857976
CUST-04450,Midwest,49,1,65,two-year,fiber,108.37,0,1,1,0,0,8.1,0,0.1018395045785111,11.036347111173248
CUST-04451,West,21,1,62,one-year,dsl,112.11,1,0,4,1,0,8.7,0,0.06056222208471961,6.789630717917916
CUST-04452,Midwest,63,5,19,two-year,fiber,95.65,1,0,1,2,0,7.9,0,0.17683483490873098,16.91425195902012
CUST-04453,Midwest,41,5,35,month-to-month,fiber,79.28,1,1,4,2,0,7.3,0,0.5231132583429113,41.472419121426014
CUST-04454,South,54,2,51,one-year,none,33.73,1,0,0,0,1,7.6,0,0.07683358095341361,2.591596685558641
CUST-04455,Northeast,25,5,45,one-year,dsl,108.08,1,0,3,0,1,9.4,0,0.06018280959818202,6.504558061371513
CUST-04456,Northeast,21,1,5,month-to-month,dsl,101.39,0,1,4,0,0,6.7,1,0.6629462911174527,67.21612445639853
CUST-04457,West,24,5,43,month-to-month,dsl,103.32,0,1,4,3,0,6.8,1,0.6681609872369555,69.03439320132223
CUST-04458,West,45,3,3,one-year,fiber,82.91,1,1,2,2,0,7.5,0,0.34820108713440934,28.86935213431388
CUST-04459,South,71,3,9,month-to-month,dsl,97.68,1,0,1,0,0,7.4,0,0.4781468026014709,46.70537967811168
CUST-04460,Northeast,75,4,48,two-year,fiber,84.2,0,1,1,1,1,7.0,0,0.24876477547117948,20.945994094673313
CUST-04461,West,66,2,8,month-to-month,fiber,125.73,1,0,2,0,0,9.7,0,0.41276018555968175,51.89633813041879
CUST-04462,South,72,3,25,month-to-month,fiber,98.13,1,1,4,1,0,6.5,1,0.6629871323866587,65.05892730110281
CUST-04463,Northeast,64,2,43,one-year,dsl,83.29,0,0,1,1,1,5.8,0,0.35155827493123715,29.281288719022744
CUST-04464,Midwest,62,4,48,month-to-month,fiber,105.78,1,0,4,2,0,6.4,0,0.588136425969971,62.213071139103526
CUST-04465,Northeast,43,3,33,month-to-month,fiber,116.2,1,1,4,0,0,8.5,0,0.37111679736877534,43.12377185425169
CUST-04466,Northeast,35,3,7,one-year,fiber,102.46,1,0,0,2,1,8.4,0,0.331301119264392,33.9451126798296
CUST-04467,Midwest,55,4,58,month-to-month,dsl,117.74,0,1,4,1,0,7.3,0,0.4835445794402563,56.932538783295776
CUST-04468,Northeast,19,5,69,month-to-month,fiber,90.42,0,0,2,1,1,5.6,0,0.6436279053311581,58.19683520004332
CUST-04469,West,28,5,64,one-year,fiber,101.31,0,1,3,0,0,8.3,0,0.12110699708099884,12.269349874275992
CUST-04470,West,45,4,54,one-year,fiber,80.09,1,0,1,2,1,7.9,0,0.1774240740307888,14.209894089125877
CUST-04471,West,55,1,29,one-year,dsl,54.47,1,1,1,0,2,8.2,0,0.1497886368310401,8.158987048186754
CUST-04472,Midwest,40,4,64,month-to-month,fiber,101.22,1,0,2,2,0,7.4,0,0.40508570680681755,41.00277524298607
CUST-04473,Midwest,64,4,36,month-to-month,none,37.53,1,0,0,0,0,6.4,0,0.30526125287285216,11.456454820318141
CUST-04474,South,58,1,10,two-year,fiber,88.36,0,0,3,2,0,5.9,0,0.496253944947412,43.848998575553324
CUST-04475,Northeast,33,1,62,one-year,fiber,102.36,1,1,3,1,0,7.8,0,0.11758029136747224,12.035518624374458
CUST-04476,Northeast,22,3,24,month-to-month,fiber,84.87,0,1,0,0,1,8.6,0,0.5587616201444238,47.42209870165725
CUST-04477,Northeast,34,2,68,one-year,fiber,93.52,0,0,1,1,0,6.9,0,0.19224867627613224,17.979096205343886
CUST-04478,Northeast,73,4,27,month-to-month,fiber,96.63,1,0,2,1,0,7.7,0,0.484252230991175,46.79329308067724
CUST-04479,Midwest,31,4,63,one-year,fiber,100.28,1,0,3,0,0,8.6,0,0.06166862365987206,6.1841295806119705
CUST-04480,Midwest,62,2,39,one-year,none,58.54,1,0,1,2,0,6.4,0,0.17879308293828702,10.466547075207322
CUST-04481,Midwest,59,1,34,two-year,fiber,133.55,1,1,4,0,1,7.5,0,0.20269199980302754,27.06951657369433
CUST-04482,South,76,2,22,two-year,fiber,87.94,0,1,2,0,0,8.2,0,0.19042184721195268,16.74569724381912
CUST-04483,Northeast,73,5,61,month-to-month,fiber,87.18,0,1,2,1,0,7.0,0,0.5279628797182231,46.02780385383469
CUST-04484,Northeast,69,5,5,one-year,fiber,78.73,0,1,0,1,0,8.4,0,0.3187537244920395,25.09548072925827
CUST-04485,West,36,3,34,month-to-month,fiber,103.02,1,0,3,4,0,5.5,0,0.8039941576358545,82.82747811964572
CUST-04486,West,43,5,27,one-year,fiber,103.4,1,0,4,1,0,8.7,0,0.14348408297727286,14.836254179850014
CUST-04487,Northeast,47,3,40,one-year,fiber,89.39,0,0,1,4,0,5.7,0,0.57011856951746,50.962898929165746
CUST-04488,Midwest,57,5,19,month-to-month,fiber,92.84,1,0,2,1,0,7.6,0,0.5225656613784341,48.51499600237382
CUST-04489,West,26,1,48,month-to-month,none,60.28,1,1,0,1,0,8.3,0,0.23031804773607836,13.883571917530803
CUST-04490,West,68,3,28,month-to-month,dsl,87.29,1,0,1,0,1,7.8,0,0.3989072681856505,34.82061543992543
CUST-04491,Northeast,56,1,14,month-to-month,none,49.86,0,0,0,0,0,7.5,0,0.458422620458332,22.856951856052433
CUST-04492,Midwest,30,1,15,month-to-month,fiber,120.93,0,0,3,2,0,6.7,1,0.8236625332349761,99.60551014410566
CUST-04493,West,20,1,51,two-year,dsl,104.05,1,1,4,0,0,9.3,0,0.03141172394665695,3.2683898766496555
CUST-04494,West,18,1,19,month-to-month,fiber,76.32,1,0,0,1,0,7.8,0,0.4732576173260211,36.11902135432193
CUST-04495,Midwest,39,5,23,one-year,fiber,101.74,0,1,3,0,0,6.3,0,0.3880769952726586,39.482953499040285
CUST-04496,South,36,4,46,two-year,dsl,82.33,0,1,2,3,1,5.7,0,0.3872266609910183,31.88037099939054
CUST-04497,Midwest,27,3,24,one-year,fiber,85.92,1,0,3,3,0,6.2,0,0.39003738450847697,33.51201207696834
CUST-04498,Northeast,44,5,28,month-to-month,fiber,79.78,1,1,2,0,0,8.6,0,0.31191298690266417,24.88441809509455
CUST-04499,Northeast,19,3,18,two-year,dsl,115.74,0,1,4,1,0,5.9,0,0.31462330660325727,36.414501506261
CUST-04500,Northeast,55,3,25,one-year,dsl,77.58,1,1,0,0,0,8.7,0,0.07914814897798489,6.140313397712068
CUST-04501,Midwest,44,3,50,one-year,fiber,89.32,1,1,0,0,1,8.8,0,0.11015063071570165,9.83865433552647
CUST-04502,Northeast,33,3,39,two-year,fiber,103.97,0,0,1,1,2,7.7,0,0.294204433755086,30.58843497751629
CUST-04503,Northeast,45,3,72,one-year,fiber,155.55,0,0,3,1,0,7.6,0,0.22017394998066744,34.24805791949282
CUST-04504,West,44,5,56,month-to-month,none,38.89,1,0,0,4,0,4.4,1,0.6225531604829638,24.211092411182463
CUST-04505,South,68,5,2,two-year,fiber,88.82,1,1,0,0,0,8.2,0,0.15710527613826436,13.954090626600639
CUST-04506,Midwest,56,1,28,month-to-month,fiber,116.48,0,1,3,0,2,8.7,1,0.7110544047655363,82.82361706708967
CUST-04507,South,32,4,21,one-year,fiber,77.64,1,1,2,1,1,7.1,0,0.31988995887332994,24.836256406925337
CUST-04508,Northeast,67,1,43,month-to-month,none,60.06,1,1,3,2,2,8.5,0,0.44622220578727995,26.800105679584036
CUST-04509,Midwest,37,4,20,month-to-month,dsl,94.37,1,1,1,3,0,7.2,0,0.6091114051306128,57.48184330217593
CUST-04510,Northeast,31,5,70,month-to-month,fiber,92.67,0,1,0,1,0,7.2,0,0.4562078001118887,42.276776836368725
CUST-04511,Midwest,61,4,22,month-to-month,none,60.12,0,1,2,0,1,7.8,0,0.5275238654494966,31.714734790823734
CUST-04512,Midwest,65,3,38,two-year,fiber,58.41,0,1,0,2,0,7.4,0,0.21406184252006993,12.503352221597284
CUST-04513,Midwest,18,5,9,month-to-month,none,70.86,1,1,2,0,0,7.6,1,0.3726974755562804,26.40934311791803
CUST-04514,South,74,4,66,one-year,fiber,97.68,1,0,4,0,2,7.6,0,0.17493339650395445,17.08749417050627
CUST-04515,South,55,4,66,month-to-month,fiber,78.5,1,0,0,1,1,9.1,0,0.27057986434390013,21.24051935099616
CUST-04516,West,42,5,58,two-year,fiber,76.8,0,1,1,0,0,9.5,0,0.05156441988567421,3.960147447219779
CUST-04517,South,63,3,26,month-to-month,none,78.6,1,0,4,1,0,7.2,1,0.4343334757304455,34.138611192413016
CUST-04518,West,51,5,5,month-to-month,none,61.93,1,0,1,1,1,6.6,1,0.6091963390695163,37.72752927857515
CUST-04519,Midwest,75,5,52,month-to-month,dsl,73.14,1,1,1,1,0,6.1,1,0.40669687724831993,29.74580960194212
CUST-04520,West,18,3,31,one-year,fiber,131.84,0,1,3,2,0,9.0,0,0.30481633114123613,40.186985097660575
CUST-04521,Midwest,50,4,72,two-year,fiber,94.26,1,0,0,1,1,8.6,0,0.062051988880961494,5.849020471919431
CUST-04522,Northeast,60,4,51,two-year,fiber,93.76,0,0,0,2,0,8.2,0,0.14771660988188182,13.84990934252524
CUST-04523,South,20,5,39,month-to-month,fiber,123.11,0,1,4,0,0,7.4,0,0.6000939170205775,73.8775621244033
CUST-04524,Midwest,70,4,72,month-to-month,fiber,95.0,1,1,4,2,0,6.5,1,0.47756776440128057,45.368937618121656
CUST-04525,Midwest,38,4,58,month-to-month,dsl,100.59,0,1,4,0,0,7.0,0,0.4008294030347507,40.31942965126557
CUST-04526,Midwest,19,5,34,month-to-month,dsl,80.42,0,0,0,0,0,5.0,0,0.6144862441832688,49.41698375721848
CUST-04527,West,41,1,2,one-year,none,65.27,1,1,2,1,0,7.1,0,0.23068903653760248,15.057073414809313
CUST-04528,West,68,1,7,month-to-month,fiber,126.11,0,0,4,4,0,5.9,1,0.9333073970197729,117.69939583816357
CUST-04529,Northeast,75,2,32,one-year,fiber,124.58,1,1,4,1,0,8.1,1,0.2151781677669999,26.80689614041285
CUST-04530,Northeast,26,4,41,two-year,fiber,100.49,1,1,1,1,0,7.3,0,0.12143938444906331,12.203443743286371
CUST-04531,Northeast,41,3,3,month-to-month,fiber,130.52,1,1,2,0,0,8.7,0,0.5253547320862098,68.56929963189211
CUST-04532,Midwest,68,5,10,month-to-month,dsl,79.69,0,1,0,3,0,5.6,0,0.8472643715008997,67.5184977649067
CUST-04533,South,19,1,51,month-to-month,dsl,66.8,1,1,0,2,0,7.7,0,0.33168084630095057,22.156280532903498
CUST-04534,Midwest,50,2,55,month-to-month,fiber,100.38,1,1,1,1,0,8.2,0,0.3597852751767005,36.11524592223719
CUST-04535,West,50,1,3,month-to-month,fiber,106.9,0,1,1,2,0,7.5,1,0.8256083148243945,88.25752885472777
CUST-04536,South,40,4,37,one-year,dsl,84.2,1,1,4,1,0,8.0,0,0.11171598904678759,9.406486277739516
CUST-04537,Midwest,37,2,6,month-to-month,fiber,66.26,1,1,0,4,0,5.2,0,0.8706489970789707,57.689202546452606
CUST-04538,South,74,2,53,one-year,dsl,89.94,0,1,2,0,1,6.9,0,0.24386964222570023,21.93363562177948
CUST-04539,West,39,4,61,two-year,dsl,92.99,0,1,2,2,1,4.9,0,0.3339561514712941,31.054582525315634
CUST-04540,Northeast,54,1,63,two-year,dsl,95.36,1,1,0,1,0,8.6,0,0.04094970953492349,3.904964301250304
CUST-04541,Midwest,63,5,44,one-year,fiber,103.65,1,1,2,2,0,5.8,0,0.3501267609815159,36.290638775734124
CUST-04542,West,20,1,46,month-to-month,dsl,124.31,1,0,4,1,0,7.4,0,0.37630030108242174,46.777890427555846
CUST-04543,Midwest,67,2,67,month-to-month,none,68.98,0,0,0,1,0,7.5,0,0.33504274622841224,23.111248634835878
CUST-04544,Northeast,63,3,45,month-to-month,fiber,83.32,0,0,0,1,0,6.3,1,0.6368026722183704,53.05839864923462
CUST-04545,West,29,1,33,two-year,fiber,92.71,1,1,0,1,1,7.5,0,0.18816959124808152,17.445202804609636
CUST-04546,South,28,1,55,two-year,dsl,66.29,1,0,0,0,1,8.5,0,0.04102218214653306,2.719360454493677
CUST-04547,Midwest,52,5,43,month-to-month,dsl,78.88,0,0,4,1,0,7.1,0,0.4567529483375823,36.02867256486849
CUST-04548,South,73,3,61,month-to-month,fiber,74.14,1,0,0,1,1,7.7,0,0.4117779493236446,30.52921716285501
CUST-04549,South,71,1,38,month-to-month,dsl,72.04,0,1,1,1,0,6.9,0,0.574299431160511,41.372531020803216
CUST-04550,South,27,2,63,month-to-month,dsl,119.81,0,1,4,2,0,6.5,0,0.6122522284364116,73.35393948896647
CUST-04551,West,54,2,4,two-year,fiber,104.14,1,1,4,3,1,5.8,0,0.5787227134521535,60.26818337890727
CUST-04552,Midwest,47,1,3,month-to-month,fiber,69.89,0,0,0,3,0,6.1,1,0.8695380972835212,60.772017619145295
CUST-04553,West,59,3,8,month-to-month,fiber,109.47,1,1,1,0,2,7.6,1,0.7424457065835867,81.27553149970524
CUST-04554,South,49,2,41,month-to-month,fiber,82.03,0,0,0,2,0,5.9,0,0.7609088135482492,62.41734997536289
CUST-04555,South,52,4,52,month-to-month,none,59.17,1,1,0,2,1,7.1,0,0.4578257862977084,27.089551775235407
CUST-04556,Midwest,51,4,16,month-to-month,dsl,105.21,0,0,4,1,1,4.8,0,0.8531354924503075,89.75838516069685
CUST-04557,Midwest,19,3,12,two-year,fiber,127.89,1,1,1,2,0,8.3,0,0.22392465107812382,28.637723626381256
CUST-04558,Northeast,49,2,62,month-to-month,none,88.59,1,1,3,2,0,5.7,1,0.47595601388982056,42.16494327049921
CUST-04559,South,26,4,55,one-year,fiber,86.94,0,1,0,0,0,9.1,0,0.10926221913898342,9.499257331943218
CUST-04560,South,44,4,47,month-to-month,fiber,104.96,1,1,1,0,0,8.7,0,0.3092047443323358,32.454129965121965
CUST-04561,Northeast,50,2,36,month-to-month,fiber,100.85,1,0,1,1,2,8.0,0,0.595899130268356,60.09642728756369
CUST-04562,Midwest,60,5,31,month-to-month,dsl,111.84,0,0,2,0,1,6.6,0,0.6551835507145741,73.27572831191797
CUST-04563,Northeast,68,2,2,month-to-month,dsl,97.91,1,1,4,1,0,7.4,0,0.5642666672411061,55.2473493895767
CUST-04564,West,27,4,14,month-to-month,dsl,86.43,1,0,1,0,0,8.4,0,0.2993640075698399,25.874031174261262
CUST-04565,Midwest,53,2,65,month-to-month,fiber,109.59,1,1,3,1,0,7.9,0,0.35593950421602366,39.00741026703403
CUST-04566,Northeast,65,4,25,one-year,fiber,112.82,0,1,2,1,1,8.2,1,0.3914282974229132,44.16094051525306
CUST-04567,Midwest,37,5,51,one-year,fiber,143.42,0,1,3,1,1,8.0,0,0.34244381844453886,49.11329244131576
CUST-04568,South,20,4,51,two-year,none,63.59,0,1,1,1,0,8.1,0,0.07912413843583609,5.031503963134817
CUST-04569,South,73,2,23,month-to-month,fiber,115.73,0,0,2,1,0,7.7,0,0.7129221585666894,82.50648141092297
CUST-04570,South,68,3,15,one-year,dsl,95.86,0,0,3,0,0,8.8,0,0.17316873634658578,16.599955066183714
CUST-04571,South,60,2,50,one-year,dsl,62.96,1,1,2,3,0,6.8,0,0.1935124214515125,12.183542054587228
CUST-04572,Northeast,62,3,7,month-to-month,fiber,122.89,0,0,3,1,0,8.3,0,0.7006787464503349,86.10641115128166
CUST-04573,South,36,4,36,month-to-month,fiber,105.83,0,1,0,2,0,6.7,1,0.7674947299091948,81.22396726629007
CUST-04574,South,65,1,64,month-to-month,fiber,107.62,0,1,1,2,0,5.2,1,0.794812393572576,85.53770979628064
CUST-04575,West,77,2,52,one-year,dsl,61.14,0,1,0,2,0,8.2,0,0.15397079605653713,9.41377447089668
CUST-04576,West,35,5,56,month-to-month,none,41.26,1,1,0,0,1,8.3,0,0.18450638474456219,7.612733434560635
CUST-04577,West,46,5,6,month-to-month,fiber,99.86,0,1,0,0,0,7.7,0,0.6820289244134158,68.1074083919237
CUST-04578,South,68,5,15,two-year,none,53.26,1,1,1,2,1,7.2,0,0.2025082308080699,10.785588372837802
CUST-04579,South,31,4,20,month-to-month,fiber,79.38,1,1,1,2,2,7.9,0,0.725127685460271,57.5606356718363
CUST-04580,South,59,4,22,two-year,fiber,108.2,0,1,3,2,0,7.2,0,0.37772465201977556,40.869807348539716
CUST-04581,Midwest,19,3,14,one-year,none,79.83,1,1,2,0,1,9.6,0,0.09687501900069806,7.733532766825726
CUST-04582,West,76,4,70,two-year,dsl,90.93,0,0,3,2,0,7.5,0,0.1000552348934716,9.098022508863373
CUST-04583,Northeast,22,2,12,one-year,fiber,115.58,1,1,4,1,0,7.6,0,0.2792757494548611,32.27869112199285
CUST-04584,Midwest,19,3,51,month-to-month,dsl,86.36,1,0,3,0,0,6.9,0,0.2623105783630953,22.65314154743691
CUST-04585,South,42,3,43,one-year,none,69.39,1,1,2,3,0,6.9,0,0.21026712647771495,14.59043590628864
CUST-04586,South,65,1,44,one-year,dsl,100.47,0,1,4,0,1,9.1,0,0.15532709049855578,15.6057127823899
CUST-04587,Midwest,30,2,16,one-year,dsl,51.63,1,0,1,1,0,7.4,0,0.13298400676633995,6.865964269346132
CUST-04588,Midwest,55,2,23,month-to-month,fiber,130.36,0,0,4,0,0,8.2,1,0.6086609018145397,79.3450351605434
CUST-04589,West,38,4,44,month-to-month,fiber,131.14,1,0,0,2,0,8.4,0,0.4753461534432516,62.33689456254801
CUST-04590,Midwest,77,2,22,month-to-month,dsl,104.22,1,1,4,1,2,5.5,1,0.8033743462423614,83.7276743653789
CUST-04591,Midwest,46,2,50,month-to-month,fiber,115.73,0,1,1,1,1,7.4,0,0.6959737220334876,80.54503885093553
CUST-04592,West,44,4,3,one-year,fiber,110.43,1,1,3,4,0,6.7,1,0.5920884386799651,65.38432628342855
CUST-04593,Midwest,19,3,6,two-year,fiber,84.2,1,1,1,2,0,7.7,0,0.21865650499597653,18.410877720661222
CUST-04594,Northeast,34,4,53,one-year,fiber,132.26,0,1,1,2,0,5.6,0,0.491866288878582,65.05423536708125
CUST-04595,Northeast,19,2,45,one-year,fiber,86.98,1,1,1,3,0,6.1,0,0.3258832230758543,28.34532274313781
CUST-04596,Midwest,70,2,4,month-to-month,fiber,132.53,1,1,3,2,2,4.6,1,0.9503872971380343,125.95482848970369
CUST-04597,Northeast,46,3,65,month-to-month,fiber,90.55,0,0,0,3,0,5.0,0,0.7659596444030516,69.35764580069632
CUST-04598,Midwest,37,2,1,month-to-month,fiber,103.14,1,1,0,3,3,6.5,1,0.9328080966252682,96.20982708593016
CUST-04599,West,32,5,69,month-to-month,dsl,104.35,1,1,4,1,1,7.0,0,0.36520576339965277,38.10922141075376
CUST-04600,West,60,5,53,month-to-month,dsl,50.43,1,0,0,4,0,6.6,0,0.4684961371051047,23.626260194210428
CUST-04601,Northeast,56,5,72,month-to-month,fiber,96.99,0,1,3,2,0,7.4,1,0.5108438635195358,49.54674632275977
CUST-04602,Midwest,37,4,69,month-to-month,fiber,139.81,1,0,1,0,0,7.1,0,0.3623638646089153,50.66209191097245
CUST-04603,West,35,1,23,one-year,fiber,93.21,1,1,1,0,2,8.1,0,0.2840498424572198,26.476285815437457
CUST-04604,Northeast,74,5,55,month-to-month,dsl,115.18,1,1,1,5,0,3.9,0,0.8429256638189258,97.08817795866388
CUST-04605,West,21,2,16,month-to-month,dsl,68.28,0,0,1,1,0,7.5,0,0.5314948585392553,36.29046894106035
CUST-04606,West,49,2,34,month-to-month,dsl,107.76,1,1,3,1,0,7.9,1,0.39674516138107774,42.75325859042494
CUST-04607,Northeast,75,3,18,one-year,dsl,91.9,1,1,4,0,1,8.0,0,0.16993489826597577,15.617017150643175
CUST-04608,South,37,3,35,one-year,fiber,92.38,0,0,1,0,1,6.4,0,0.39719544325158324,36.69291504758126
CUST-04609,Northeast,21,5,63,month-to-month,fiber,112.83,1,1,0,0,1,6.5,0,0.4729565233392094,53.363684528362995
CUST-04610,South,67,3,32,month-to-month,fiber,80.03,1,1,0,3,1,8.5,0,0.6375077503726301,51.019745262321585
CUST-04611,West,72,3,7,two-year,fiber,97.51,1,1,3,1,0,8.5,0,0.1673470318449492,16.318009075200997
CUST-04612,South,21,1,24,one-year,fiber,129.49,1,1,4,1,0,7.6,0,0.2894631771018891,37.48258680292363
CUST-04613,West,40,4,57,one-year,dsl,77.54,0,0,0,4,0,6.9,0,0.28317821806116605,21.95763902846282
CUST-04614,West,23,2,38,month-to-month,fiber,135.26,1,0,2,1,0,8.9,0,0.3997490656065773,54.07005861394564
CUST-04615,Northeast,71,4,41,one-year,dsl,80.25,0,1,1,1,1,8.5,0,0.18384607293363395,14.753647352924125
CUST-04616,Midwest,68,3,32,two-year,fiber,97.89,1,0,1,4,0,6.1,0,0.3682080830683973,36.04388925156541
CUST-04617,South,66,4,22,month-to-month,fiber,124.93,0,1,4,0,0,7.5,1,0.7004148277653526,87.5028244327255
CUST-04618,West,37,4,44,one-year,dsl,63.92,0,1,1,1,1,8.1,0,0.17376404865134593,11.106997989794031
CUST-04619,Midwest,60,3,46,month-to-month,fiber,75.88,1,1,1,2,0,6.8,0,0.5402521656540592,40.99433432983001
CUST-04620,Midwest,28,3,65,one-year,fiber,69.07,1,1,0,1,0,9.0,0,0.06018924993863042,4.157271493261202
CUST-04621,Midwest,26,4,45,month-to-month,fiber,71.27,0,1,4,1,0,7.4,0,0.519268825272717,37.00828917718654
CUST-04622,Northeast,53,1,72,month-to-month,dsl,97.49,0,1,4,1,0,8.0,1,0.3202054147948762,31.216825888352478
CUST-04623,Midwest,76,5,60,two-year,fiber,99.56,1,1,4,2,1,8.0,0,0.13583298861732407,13.523532346740785
CUST-04624,West,33,3,6,two-year,none,58.62,1,0,1,1,0,6.7,0,0.13938575096711114,8.170792721692054
CUST-04625,West,46,5,29,month-to-month,none,73.62,0,1,0,0,1,7.7,0,0.5228455162794677,38.491886908494415
CUST-04626,Northeast,77,3,28,two-year,dsl,93.07,1,0,4,1,0,8.9,0,0.059799115985086734,5.565503724732022
CUST-04627,West,43,1,1,month-to-month,fiber,123.2,0,0,3,3,0,5.5,1,0.9281917914832543,114.35322871073693
CUST-04628,South,67,4,14,month-to-month,dsl,59.2,1,0,1,2,0,6.5,0,0.5768132988097906,34.1473472895396
CUST-04629,West,59,3,55,two-year,fiber,75.0,0,1,0,4,0,7.1,0,0.29548124495831174,22.16109337187338
CUST-04630,West,71,5,26,month-to-month,dsl,119.88,0,1,3,3,0,7.6,1,0.7315602339806082,87.6994408495953
CUST-04631,West,38,5,11,month-to-month,fiber,114.59,1,1,4,1,0,4.4,0,0.836256164012135,95.82659383415056
CUST-04632,West,68,2,21,one-year,fiber,111.18,0,1,0,0,1,9.0,0,0.3126418129412422,34.75951676280731
CUST-04633,Midwest,67,4,20,month-to-month,fiber,152.15,1,1,2,3,1,4.1,1,0.9457827124411625,143.9008396979229
CUST-04634,West,71,3,13,month-to-month,dsl,82.82,0,0,2,2,0,6.7,0,0.7213044164272928,59.738431768508384
CUST-04635,West,72,3,8,month-to-month,dsl,74.69,0,0,2,3,0,5.0,1,0.8647400957395867,64.58743775078973
CUST-04636,Northeast,38,3,56,one-year,fiber,62.42,1,0,1,0,0,8.0,0,0.0637956557304142,3.982124830692454
CUST-04637,Midwest,67,4,60,month-to-month,fiber,97.09,1,1,1,1,0,7.6,0,0.3823249261171916,37.119927076718135
CUST-04638,Midwest,58,4,36,month-to-month,dsl,83.46,0,0,1,2,0,7.2,0,0.5712606403997232,47.6774130477609
CUST-04639,South,23,5,45,one-year,dsl,114.06,1,1,4,0,1,9.5,0,0.0762194435845156,8.69358973524985
CUST-04640,Midwest,72,5,67,month-to-month,dsl,120.55,0,0,4,2,0,5.5,1,0.6474338726824422,78.04815335186841
CUST-04641,Midwest,61,2,61,month-to-month,fiber,81.29,1,1,0,3,1,7.2,0,0.6037700076440671,49.08046392138622
CUST-04642,South,59,3,3,one-year,dsl,127.47,0,1,3,2,2,6.4,0,0.7508066073092865,95.70531823371475
CUST-04643,Midwest,22,5,69,one-year,dsl,88.09,1,1,2,1,0,7.7,0,0.06482473761195146,5.710411136236804
CUST-04644,South,77,5,5,month-to-month,fiber,101.2,0,0,1,1,3,8.1,0,0.8801372297481861,89.06988765051643
CUST-04645,South,76,3,2,two-year,fiber,93.56,1,1,0,1,0,8.7,0,0.18258098044192833,17.082276530146814
CUST-04646,South,69,1,30,one-year,fiber,104.55,1,0,3,2,0,5.8,0,0.429531139589138,44.90748064404438
CUST-04647,South,38,2,54,month-to-month,fiber,87.0,1,1,1,2,0,6.9,0,0.5278872782086955,45.92619320415651
CUST-04648,South,22,5,6,one-year,dsl,74.45,0,0,0,0,0,7.5,0,0.22560889920020444,16.79658254545522
CUST-04649,Northeast,62,4,22,one-year,fiber,103.6,0,1,4,0,1,7.6,1,0.3705649051587899,38.39052417445063
CUST-04650,Midwest,48,4,19,one-year,dsl,94.94,0,1,4,0,1,7.8,0,0.27150502189546544,25.776686778755487
CUST-04651,South,33,4,29,one-year,fiber,111.01,1,1,2,0,1,8.6,0,0.1932963194689507,21.45782442424822
CUST-04652,Northeast,34,1,71,one-year,none,69.56,0,1,2,2,2,5.5,0,0.3849523984770784,26.777288838065576
CUST-04653,Midwest,58,3,24,two-year,dsl,67.39,1,0,2,1,1,7.5,0,0.11897102832540932,8.017457598849333
CUST-04654,West,70,4,16,one-year,dsl,27.28,0,1,0,3,0,6.2,0,0.40574185017041003,11.068637672648785
CUST-04655,South,52,1,9,one-year,dsl,90.98,1,0,0,1,0,8.2,0,0.17729603674078376,16.13039342267651
CUST-04656,West,74,3,15,one-year,fiber,113.81,1,0,1,1,2,7.4,0,0.46396317711569446,52.80364918753719
CUST-04657,Midwest,51,2,10,two-year,dsl,47.19,1,0,1,2,0,8.2,0,0.09644338482037443,4.551163329673469
CUST-04658,South,51,5,42,two-year,dsl,81.65,1,0,0,2,0,7.6,1,0.08998014325008252,7.346878696369238
CUST-04659,West,39,2,31,month-to-month,fiber,101.78,1,0,0,0,0,8.6,1,0.34563680886026926,35.1789144057982
CUST-04660,West,21,2,36,month-to-month,none,71.67,1,1,4,1,0,7.8,0,0.3144477298513412,22.536468798445622
CUST-04661,West,33,5,60,one-year,fiber,127.86,1,0,4,1,0,6.9,0,0.17038497846301145,21.785423346280645
CUST-04662,West,38,4,42,month-to-month,dsl,100.66,1,1,1,0,0,7.8,0,0.28831937020240006,29.02222780457359
CUST-04663,Midwest,55,5,12,one-year,fiber,126.94,1,0,3,2,2,6.2,0,0.6441663252661994,81.77047332929135
CUST-04664,West,29,3,28,one-year,dsl,95.24,0,1,0,0,0,8.9,0,0.1317625694233975,12.549067111884378
CUST-04665,West,48,1,23,two-year,fiber,134.9,1,0,4,1,0,8.7,0,0.14030928100578238,18.927722007680043
CUST-04666,West,49,2,60,month-to-month,fiber,102.44,1,0,4,0,0,8.0,0,0.2731740812236521,27.983952880550923
CUST-04667,West,48,1,23,one-year,fiber,89.08,0,1,0,2,0,7.2,0,0.4448049055476889,39.62322098618813
CUST-04668,South,77,5,10,month-to-month,none,74.99,0,1,1,0,0,6.4,0,0.6745835043055105,50.58701698787023
CUST-04669,West,29,1,53,month-to-month,fiber,109.65,1,1,1,0,0,7.7,1,0.36230439879380527,39.72667732774075
CUST-04670,West,38,4,31,month-to-month,dsl,68.08,0,1,0,1,1,4.8,0,0.784819832481807,53.43053419536142
CUST-04671,West,40,3,7,month-to-month,fiber,92.13,1,1,1,1,1,8.0,1,0.6561832766159957,60.454165274631684
CUST-04672,Northeast,62,3,50,month-to-month,dsl,69.23,1,1,3,2,1,8.8,0,0.30726861193859467,21.27220600450891
CUST-04673,Northeast,57,5,16,one-year,fiber,114.59,0,1,3,2,1,6.4,0,0.6459405729481739,74.01833025413124
CUST-04674,West,67,5,63,one-year,dsl,76.73,0,0,0,2,0,7.3,0,0.15958780915760476,12.245172596663014
CUST-04675,Midwest,49,2,60,month-to-month,none,58.42,0,0,1,2,1,6.9,0,0.5322033779016575,31.091321337014833
CUST-04676,Midwest,67,5,27,month-to-month,fiber,128.07,0,0,4,2,0,5.7,1,0.8501194314158836,108.87479558143221
CUST-04677,Midwest,19,5,41,month-to-month,fiber,111.57,1,1,4,1,0,7.4,0,0.47348568705551447,52.82679810478375
CUST-04678,Midwest,26,5,41,two-year,none,53.9,1,0,2,2,1,7.5,0,0.09266566765068227,4.994679486371774
CUST-04679,Northeast,54,1,48,two-year,fiber,134.07,1,0,3,1,0,8.1,0,0.10743552778247784,14.403881209796802
CUST-04680,South,32,1,5,month-to-month,fiber,61.94,0,1,1,3,1,6.0,1,0.9109815457032333,56.42619694085827
CUST-04681,Midwest,35,1,24,month-to-month,fiber,122.89,1,1,4,3,0,6.2,1,0.8006015690224029,98.3859268171631
CUST-04682,Northeast,31,5,13,month-to-month,dsl,85.0,0,1,2,2,0,6.0,1,0.753762129960917,64.06978104667795
CUST-04683,West,26,5,51,one-year,none,64.68,1,1,3,2,0,8.0,0,0.08773176946219799,5.674490848814966
CUST-04684,Northeast,35,2,5,month-to-month,dsl,83.45,0,0,1,2,0,8.3,0,0.5980528459235794,49.90750999232271
CUST-04685,South,72,3,38,month-to-month,dsl,58.04,1,1,0,1,0,5.7,0,0.5088087777950521,29.531261463224823
CUST-04686,Northeast,20,3,53,month-to-month,fiber,132.35,1,0,2,1,0,5.6,0,0.5948136420256829,78.72358552209913
CUST-04687,Northeast,77,2,69,month-to-month,fiber,121.52,0,0,2,0,0,6.8,0,0.5055715338341759,61.43705279152905
CUST-04688,South,50,5,21,month-to-month,fiber,109.38,1,1,2,1,0,7.2,0,0.6249357811312358,68.35547574013457
CUST-04689,West,64,5,1,month-to-month,fiber,84.86,0,0,4,1,0,7.1,0,0.7509002166375766,63.721392383864746
CUST-04690,South,62,2,53,one-year,fiber,97.66,0,1,3,1,1,7.5,0,0.3374662353576758,32.95695254503062
CUST-04691,South,21,3,1,month-to-month,dsl,67.57,1,1,1,3,2,6.0,1,0.8557351277295284,57.82202258068423
CUST-04692,West,33,1,5,month-to-month,fiber,128.75,1,0,2,1,0,7.4,1,0.68048299965334,87.61218620536752
CUST-04693,South,70,1,72,one-year,fiber,94.85,0,0,0,2,1,8.0,0,0.26504847136355447,25.13984750883314
CUST-04694,West,56,5,63,month-to-month,fiber,113.48,0,0,3,4,1,4.6,0,0.8991265286462241,102.03287847077351
CUST-04695,West,40,5,51,one-year,fiber,96.44,0,0,0,0,1,8.8,0,0.16016710917009738,15.446516008364192
CUST-04696,Midwest,50,1,61,two-year,fiber,108.24,1,1,0,2,1,8.9,0,0.11263398508145292,12.191502545216464
CUST-04697,Midwest,43,3,6,month-to-month,fiber,121.1,1,1,2,0,0,6.8,1,0.6729309749189986,81.49194106269073
CUST-04698,West,23,1,7,two-year,fiber,123.39,0,0,4,1,0,5.9,0,0.47405158500684325,58.49322507399439
CUST-04699,Midwest,74,3,22,one-year,dsl,78.45,0,0,1,2,2,6.8,0,0.5144113624947458,40.355571387712814
CUST-04700,Midwest,32,2,2,one-year,dsl,73.69,1,1,0,1,0,8.5,0,0.1547531552530034,11.40376001059382
CUST-04701,West,69,3,64,month-to-month,dsl,70.87,1,1,0,2,0,7.0,1,0.34373568122247494,24.3605477282368
CUST-04702,West,32,4,5,month-to-month,dsl,107.47,0,1,4,0,0,5.9,0,0.7403593830130546,79.56642289241297
CUST-04703,South,54,1,40,month-to-month,dsl,84.38,1,0,3,1,0,6.0,1,0.48997690223217044,41.34425101035054
CUST-04704,Midwest,47,3,62,two-year,none,101.48,0,1,2,1,0,7.2,0,0.11690271147546841,11.863287160530534
CUST-04705,South,71,2,53,one-year,fiber,124.64,0,0,4,0,0,8.6,0,0.1738676434718257,21.670863082328356
CUST-04706,Midwest,55,2,17,month-to-month,dsl,82.66,1,1,0,0,0,7.8,0,0.3804626753673428,31.449044745864555
CUST-04707,Northeast,53,5,34,month-to-month,fiber,90.44,1,1,3,2,0,7.2,1,0.5549793620970609,50.192333508058184
CUST-04708,South,36,5,40,month-to-month,fiber,87.51,0,1,1,1,0,7.5,0,0.5955057050966063,52.11270425300402
CUST-04709,West,69,4,56,month-to-month,fiber,103.26,1,0,1,3,1,7.0,1,0.6528323589364636,67.41146938377923
CUST-04710,West,25,4,31,one-year,fiber,107.5,1,1,4,2,0,6.3,1,0.35130636740763593,37.765434496320864
CUST-04711,South,48,2,21,month-to-month,dsl,70.04,1,0,4,1,2,7.1,1,0.6122551860861853,42.88235323347642
CUST-04712,West,34,4,58,one-year,fiber,98.5,1,1,4,0,0,9.7,0,0.050988780878170464,5.022394916499791
CUST-04713,South,45,3,64,one-year,dsl,78.99,1,0,0,2,0,6.6,0,0.13020541572517583,10.284925788131638
CUST-04714,Northeast,20,2,36,one-year,dsl,109.24,1,1,3,2,0,6.8,0,0.2148766593182118,23.473126263921454
CUST-04715,West,59,4,3,one-year,fiber,93.76,0,0,1,3,1,6.4,0,0.7182035895959348,67.33876856051485
CUST-04716,Northeast,62,5,37,month-to-month,fiber,88.47,1,1,1,1,0,6.6,0,0.5376379320452841,47.564827848046285
CUST-04717,West,59,2,65,one-year,fiber,101.0,0,1,0,1,0,6.6,0,0.27852412710357594,28.13093683746117
CUST-04718,West,59,2,72,one-year,fiber,105.29,1,1,2,2,0,7.0,0,0.18122698854532157,19.08138962393691
CUST-04719,Northeast,20,3,29,month-to-month,none,99.15,0,0,4,0,0,7.6,0,0.43590477621162993,43.21995856138311
CUST-04720,West,58,5,11,month-to-month,dsl,78.04,1,0,1,0,0,8.8,0,0.2792393881513282,21.791841851329654
CUST-04721,Midwest,37,4,42,month-to-month,dsl,85.0,1,0,2,2,0,6.2,1,0.48273472691019814,41.032451787366846
CUST-04722,Midwest,55,2,60,month-to-month,fiber,117.91,0,1,3,0,0,7.9,0,0.4674891018505826,55.121639999202195
CUST-04723,South,56,4,69,month-to-month,dsl,105.62,0,0,3,5,0,6.2,0,0.7387107693101282,78.02263145453576
CUST-04724,Northeast,35,5,4,month-to-month,dsl,76.63,0,0,1,0,0,8.9,0,0.39184855756753295,30.027354966400047
CUST-04725,Northeast,26,2,21,one-year,fiber,79.36,1,0,0,2,1,7.0,0,0.342313365802534,27.1659887100891
CUST-04726,South,24,5,35,month-to-month,fiber,97.17,0,0,4,2,0,6.9,0,0.7031646611992955,68.32651012873555
CUST-04727,West,44,5,8,month-to-month,fiber,79.2,0,0,2,2,0,5.9,0,0.8298896078678215,65.72725694313147
CUST-04728,Northeast,53,2,64,month-to-month,fiber,99.37,1,1,3,1,0,7.8,0,0.33550935388995295,33.33956449604462
CUST-04729,Northeast,18,4,9,month-to-month,dsl,93.5,1,0,2,2,0,8.4,0,0.4299158656973322,40.19713344270056
CUST-04730,West,61,2,48,two-year,dsl,50.4,1,1,1,2,0,8.5,0,0.05249552992848271,2.6457747083955288
CUST-04731,South,32,4,67,month-to-month,fiber,68.13,0,1,1,0,1,7.6,0,0.44602198624156525,30.38747792263784
CUST-04732,Northeast,66,1,50,month-to-month,none,86.32,1,1,3,2,0,7.3,0,0.4010323017362605,34.617108285874004
CUST-04733,West,59,4,55,month-to-month,fiber,129.62,1,1,4,3,0,5.8,1,0.7326886548547904,94.97110344227794
CUST-04734,South,61,2,19,month-to-month,fiber,108.38,1,1,1,0,1,7.0,0,0.6921186142822743,75.01181541591288
CUST-04735,Northeast,30,3,60,one-year,none,32.71,1,1,0,2,1,6.8,0,0.12198664572029921,3.9901831815109876
CUST-04736,Midwest,57,3,31,one-year,none,81.66,0,0,0,1,0,7.9,0,0.18905783695551462,15.438462965787323
CUST-04737,Northeast,58,5,5,month-to-month,dsl,99.12,1,1,2,0,1,8.5,1,0.458714944020396,45.467825251301655
CUST-04738,Midwest,67,1,27,one-year,fiber,92.87,1,0,1,1,0,7.8,1,0.20203501587838585,18.762991924625695
CUST-04739,Midwest,52,3,26,month-to-month,none,85.46,0,1,4,3,2,6.1,1,0.8769668453680131,74.9455866051504
CUST-04740,West,63,1,38,two-year,dsl,88.2,0,0,1,1,0,5.4,0,0.2574759343081594,22.70937740597966
CUST-04741,South,45,4,20,one-year,dsl,89.9,0,1,2,0,0,8.4,0,0.17918874916190847,16.10906854965557
CUST-04742,South,74,3,34,month-to-month,fiber,94.93,1,1,1,2,0,6.4,1,0.6920926490101498,65.70035517053353
CUST-04743,Midwest,60,1,31,one-year,fiber,121.75,0,0,2,0,1,6.8,0,0.442429273573915,53.86576405762415
CUST-04744,Northeast,18,1,24,one-year,dsl,91.58,1,0,3,1,0,8.3,0,0.10786828057815988,9.878577135347882
CUST-04745,South,65,1,51,month-to-month,dsl,93.03,1,1,3,2,0,8.3,0,0.3519730669453039,32.744054417921625
CUST-04746,Northeast,26,4,22,two-year,dsl,86.45,0,0,3,3,0,6.5,0,0.28830591641945236,24.924046474461658
CUST-04747,Midwest,21,5,56,two-year,dsl,72.18,0,0,2,2,1,7.6,0,0.12620020067745386,9.10913048489862
CUST-04748,Midwest,52,2,19,month-to-month,dsl,78.5,0,0,2,0,0,7.5,0,0.4900750405218108,38.47089068096215
CUST-04749,Northeast,47,2,63,one-year,dsl,97.44,0,1,1,0,0,10.0,0,0.05034946626459739,4.90605199282237
CUST-04750,Northeast,42,1,27,one-year,fiber,102.92,1,1,4,1,1,6.2,0,0.40037918699109926,41.207025925123936
CUST-04751,South,42,1,3,month-to-month,fiber,125.14,1,1,3,1,1,7.2,1,0.8004309210858808,100.16592546468712
CUST-04752,Midwest,38,1,11,month-to-month,fiber,108.05,1,1,4,2,1,7.4,1,0.7648128366934136,82.63802700472334
CUST-04753,West,73,5,59,two-year,dsl,100.42,1,1,3,2,0,7.3,0,0.09057055193162793,9.095094824974076
CUST-04754,South,62,2,63,one-year,fiber,112.92,0,1,0,1,1,8.6,0,0.24864804204935748,28.077336908213447
CUST-04755,West,65,4,16,month-to-month,fiber,109.56,1,1,1,2,0,5.1,1,0.8350915128289991,91.49262614554515
CUST-04756,South,50,1,44,month-to-month,none,44.81,1,1,2,3,1,6.1,0,0.6281003404631319,28.145176256152943
CUST-04757,Midwest,62,1,42,month-to-month,dsl,89.51,1,1,1,3,1,6.0,1,0.711795201499814,63.71278848624836
CUST-04758,South,49,2,10,two-year,fiber,97.32,0,0,4,0,2,7.6,0,0.39490948082036326,38.43259067343775
CUST-04759,Midwest,72,1,33,one-year,fiber,88.02,0,0,2,4,0,4.6,1,0.7235847626097058,63.689930804906304
CUST-04760,West,20,2,50,month-to-month,dsl,81.07,1,0,1,1,0,7.3,0,0.29027509912417293,23.5326022859967
CUST-04761,South,65,2,70,two-year,fiber,88.24,1,1,2,0,0,8.1,0,0.05223343840645115,4.60907860498525
CUST-04762,Midwest,45,3,62,one-year,fiber,110.49,0,1,1,1,0,7.9,0,0.20373292654813685,22.51045105430364
CUST-04763,South,37,1,8,month-to-month,fiber,103.49,0,1,0,1,0,8.3,0,0.7180756614079761,74.31365019911144
CUST-04764,Midwest,54,3,18,month-to-month,fiber,127.15,1,1,4,3,0,6.6,0,0.8022234365498391,102.00270995731205
CUST-04765,Midwest,72,2,32,one-year,dsl,102.71,1,1,4,3,2,6.7,0,0.47756145501296127,49.05033704438125
CUST-04766,South,34,4,11,month-to-month,fiber,111.89,1,1,3,1,0,8.7,1,0.5366007425386753,60.04025708265238
CUST-04767,Midwest,46,3,42,month-to-month,fiber,105.81,0,1,1,0,1,8.7,1,0.5365269777685044,56.76991951768546
CUST-04768,South,32,5,1,one-year,fiber,112.97,0,0,4,0,1,5.8,1,0.6288027013116977,71.03584116718248
CUST-04769,Northeast,67,4,9,two-year,fiber,85.2,1,1,1,1,0,8.6,0,0.13436012326527544,11.447482502201467
CUST-04770,South,51,4,4,month-to-month,fiber,106.18,1,1,4,2,0,7.7,1,0.7082943607095745,75.20669522014263
CUST-04771,South,35,5,22,two-year,dsl,82.07,0,0,4,3,0,6.3,0,0.32458357371237606,26.6385738945747
CUST-04772,West,72,1,55,two-year,fiber,101.21,1,0,0,1,0,7.5,0,0.10351226896013146,10.476476741454904
CUST-04773,Midwest,31,5,13,month-to-month,fiber,92.86,1,0,1,0,0,7.1,0,0.5171884201432119,48.026116694498654
CUST-04774,South,24,3,72,month-to-month,fiber,115.66,1,0,3,2,0,5.3,0,0.597811829897479,69.14291624594243
CUST-04775,West,33,4,20,one-year,dsl,88.56,0,0,1,0,0,9.0,0,0.1235033849804103,10.937459773865136
CUST-04776,Northeast,36,4,4,one-year,fiber,99.13,1,1,4,2,0,8.0,0,0.3044258626433259,30.177735763832892
CUST-04777,Midwest,33,2,25,month-to-month,none,72.36,1,0,3,3,0,6.4,0,0.5940127744871367,42.98276436188922
CUST-04778,West,21,3,54,one-year,dsl,88.97,0,1,1,1,0,8.3,0,0.12078425966781654,10.746175582645638
CUST-04779,Midwest,77,2,8,one-year,dsl,93.44,0,0,3,1,0,8.6,0,0.23928183638508096,22.358494791821965
CUST-04780,Midwest,37,1,6,one-year,dsl,68.16,0,1,0,0,1,6.3,1,0.415351160531637,28.310335101836376
CUST-04781,Midwest,75,5,62,one-year,fiber,104.72,0,1,1,0,0,8.4,0,0.1400257005347842,14.6634913600026
CUST-04782,Northeast,59,4,43,month-to-month,none,71.9,1,1,0,1,2,6.8,0,0.5458051735636178,39.24339197922412
CUST-04783,Northeast,66,1,25,month-to-month,none,61.19,1,1,0,0,2,8.0,0,0.45676239461928914,27.9492909267543
CUST-04784,Northeast,37,1,55,month-to-month,fiber,102.63,0,1,3,1,0,7.5,0,0.538604654114455,55.27699565176652
CUST-04785,West,57,1,61,two-year,dsl,76.54,1,1,0,0,0,9.1,0,0.025697491332917988,1.966885986621543
CUST-04786,South,41,2,26,two-year,fiber,96.28,0,1,3,3,1,4.9,0,0.6825673302501483,65.71758255648427
CUST-04787,West,39,2,41,one-year,dsl,79.17,1,1,0,1,1,8.8,0,0.1068728150137768,8.46112076464071
CUST-04788,Midwest,74,4,1,month-to-month,dsl,106.84,1,0,4,3,2,5.5,1,0.8983473152052595,95.97942715652992
CUST-04789,West,69,3,23,one-year,none,81.0,0,0,4,1,0,7.5,0,0.2373248179598326,19.22331025474644
CUST-04790,West,38,5,43,month-to-month,fiber,91.98,1,1,1,2,1,5.2,0,0.7663162972593054,70.48577302191092
CUST-04791,Midwest,18,3,15,month-to-month,dsl,76.0,1,0,2,1,2,7.0,1,0.6209344315541195,47.19101679811308
CUST-04792,Northeast,50,5,72,month-to-month,dsl,114.38,0,1,3,1,1,7.0,0,0.5038536240130931,57.630777514617584
CUST-04793,West,75,1,70,one-year,fiber,91.17,1,0,2,2,0,7.3,0,0.1487363737323614,13.560295193179389
CUST-04794,South,74,5,19,month-to-month,dsl,63.42,0,1,0,1,0,6.6,0,0.65184791868876,41.34019500324116
CUST-04795,Northeast,46,2,29,one-year,dsl,92.87,0,0,4,1,1,6.3,0,0.37125931535775103,34.47885261727434
CUST-04796,South,48,2,14,two-year,dsl,109.39,1,1,4,1,0,8.5,0,0.11826963350302216,12.937515208895595
CUST-04797,West,69,3,37,one-year,none,92.81,1,1,2,1,0,6.3,0,0.21095837290763114,19.579046589557247
CUST-04798,South,28,3,9,month-to-month,fiber,111.84,0,1,2,1,1,7.8,0,0.8068789431539806,90.24134100234119
CUST-04799,Midwest,34,2,29,two-year,fiber,99.17,0,0,0,1,0,9.2,0,0.13287044410685397,13.176761942076709
CUST-04800,West,26,1,40,one-year,fiber,136.07,0,0,3,0,0,10.0,0,0.13162325295134902,17.90997602909006
CUST-04801,Midwest,53,3,45,month-to-month,fiber,101.32,0,1,2,3,0,5.2,1,0.8522843052917785,86.35344581216299
CUST-04802,Northeast,71,3,43,one-year,fiber,76.57,0,0,1,2,1,7.4,0,0.3546079760499011,27.152332726140923
CUST-04803,Northeast,36,1,16,two-year,dsl,70.19,1,0,1,1,2,6.9,0,0.21014948838514644,14.750392589753428
CUST-04804,West,71,4,58,month-to-month,fiber,73.55,1,1,0,1,0,8.7,0,0.26740347237399564,19.66752539310738
CUST-04805,Northeast,48,1,50,month-to-month,dsl,97.44,1,1,3,4,1,6.0,1,0.7228308609284138,70.43263908886463
CUST-04806,South,33,1,55,month-to-month,fiber,81.92,1,0,0,1,1,7.0,0,0.5033708250288909,41.23613798636674
CUST-04807,Northeast,75,2,34,month-to-month,fiber,111.15,0,0,2,1,0,6.5,0,0.7232626341012569,80.39064178035471
CUST-04808,West,55,2,65,one-year,dsl,102.37,1,1,4,2,1,6.8,0,0.19768229332130502,20.236736367301997
CUST-04809,Midwest,50,2,29,month-to-month,dsl,62.32,1,1,0,1,0,6.9,0,0.4226664230758093,26.340571486084436
CUST-04810,Midwest,27,5,59,month-to-month,fiber,101.5,1,1,0,1,0,7.5,0,0.37638895593683996,38.20347902758925
CUST-04811,Northeast,51,3,15,month-to-month,none,79.67,1,1,3,3,1,6.2,0,0.7560684848774599,60.23597619018723
CUST-04812,Midwest,31,1,18,month-to-month,fiber,108.23,0,1,4,0,1,7.1,0,0.7639279598805062,82.67992309786719
CUST-04813,Midwest,43,3,38,month-to-month,fiber,69.97,0,1,0,2,0,6.2,0,0.7308670464836712,51.13876724246247
CUST-04814,West,73,2,41,one-year,fiber,96.76,1,1,1,2,0,7.9,1,0.21908122622072565,21.198299449117414
CUST-04815,Midwest,77,5,54,month-to-month,dsl,78.06,1,1,3,3,0,7.1,0,0.44135017683679373,34.45179480388012
CUST-04816,Midwest,42,5,22,month-to-month,fiber,123.72,1,0,2,3,0,5.7,0,0.8107162959937677,100.30182014034894
CUST-04817,Midwest,37,3,63,two-year,dsl,106.89,1,1,2,2,0,7.3,0,0.08498011804258933,9.083524817572373
CUST-04818,West,30,2,24,two-year,dsl,65.08,0,1,1,2,0,6.3,0,0.2593620640729197,16.879283129865613
CUST-04819,Northeast,30,1,39,month-to-month,fiber,117.17,0,0,2,0,0,10.0,0,0.33021405055552006,38.691180303590286
CUST-04820,Midwest,49,5,68,month-to-month,dsl,92.09,1,1,0,1,0,6.7,0,0.3101647358024158,28.563070520044473
CUST-04821,West,76,1,39,month-to-month,fiber,103.72,0,1,4,0,0,8.1,0,0.5376995073752813,55.770192904964176
CUST-04822,Midwest,69,2,50,month-to-month,fiber,108.96,1,0,2,1,0,8.0,0,0.39867056009595375,43.43914422805512
CUST-04823,West,35,3,66,month-to-month,fiber,91.14,1,1,1,0,0,7.5,0,0.28494748162937505,25.970113475701243
CUST-04824,Northeast,67,2,71,two-year,fiber,114.44,0,0,1,2,1,6.1,0,0.3108822117646308,35.577360314344354
CUST-04825,West,46,4,36,one-year,fiber,87.93,0,1,1,1,1,7.1,0,0.3943589890359997,34.675985905935455
CUST-04826,Midwest,57,1,31,month-to-month,fiber,115.28,1,1,2,1,1,6.5,1,0.7307875630280716,84.24519026587609
CUST-04827,Northeast,33,5,15,two-year,dsl,70.76,1,1,0,2,0,7.5,0,0.12628378141887114,8.935840373199323
CUST-04828,West,66,1,39,month-to-month,fiber,102.34,1,1,3,1,0,6.8,1,0.5745795222258285,58.802468304591294
CUST-04829,West,45,2,67,month-to-month,fiber,100.91,0,1,0,0,2,7.5,0,0.6117527589439342,61.7319709050324
CUST-04830,Midwest,64,3,36,month-to-month,dsl,103.62,0,1,1,1,0,5.4,1,0.7306988916284329,75.71501915053823
CUST-04831,West,32,5,26,month-to-month,fiber,82.99,0,1,4,2,0,6.0,0,0.7858506200016753,65.21774295393902
CUST-04832,West,75,4,8,two-year,dsl,39.83,0,0,2,0,1,7.6,0,0.16247070920222742,6.471208347524718
CUST-04833,South,43,5,29,month-to-month,dsl,106.33,0,1,4,3,0,7.1,1,0.732284762974051,77.86383884703083
CUST-04834,West,57,3,18,one-year,fiber,94.72,1,1,3,2,1,5.4,0,0.5794229204300408,54.88293902313347
CUST-04835,South,50,5,71,month-to-month,fiber,105.55,0,1,3,2,0,7.7,0,0.5378192774191972,56.766824731596266
CUST-04836,Northeast,53,3,38,two-year,fiber,93.39,1,1,0,2,2,7.4,0,0.27816019402745673,25.977380520224184
CUST-04837,Northeast,33,1,10,one-year,fiber,153.9,1,1,2,2,2,5.2,1,0.7872112210945219,121.15180692644692
CUST-04838,Midwest,72,2,5,month-to-month,fiber,80.81,1,0,1,2,2,7.0,1,0.8247374539987196,66.64703365763653
CUST-04839,Northeast,30,2,62,month-to-month,dsl,86.46,1,0,0,0,0,7.3,0,0.2032469072615057,17.572727601829783
CUST-04840,West,39,4,68,two-year,dsl,61.86,0,1,0,3,0,7.1,0,0.12451375893127754,7.702421127488829
CUST-04841,West,43,2,55,month-to-month,fiber,67.12,1,0,0,1,0,8.1,0,0.28302944714648565,18.996936492472116
CUST-04842,Northeast,47,2,9,month-to-month,none,64.71,0,1,0,0,0,8.6,1,0.43031014248889704,27.845369320456523
CUST-04843,Northeast,31,4,8,two-year,fiber,81.72,0,0,2,1,0,7.1,0,0.27003766185806977,22.06747772704146
CUST-04844,Northeast,69,1,15,month-to-month,none,35.66,1,1,0,2,0,7.6,0,0.4431667035754113,15.803324649499165
CUST-04845,Midwest,54,5,55,month-to-month,dsl,90.6,0,0,4,1,0,8.7,0,0.29356362837338573,26.596864730628745
CUST-04846,Northeast,76,5,56,month-to-month,fiber,90.23,0,1,2,3,0,5.9,1,0.7603966625177488,68.61059085897648
CUST-04847,Midwest,39,5,61,month-to-month,fiber,98.4,1,1,4,0,1,7.7,0,0.3642472376752879,35.84192818724833
CUST-04848,West,43,5,7,month-to-month,fiber,94.5,1,1,0,0,0,8.7,0,0.44454579114801424,42.009577263487344
CUST-04849,Midwest,52,1,12,month-to-month,none,37.45,0,1,0,2,0,4.2,1,0.8380642530527976,31.385506276827275
CUST-04850,West,53,2,65,month-to-month,fiber,134.8,0,1,4,1,1,6.2,1,0.7561587887097616,101.93020471807587
CUST-04851,South,28,5,67,month-to-month,dsl,62.42,0,0,1,0,0,8.8,0,0.16952607055292856,10.581817323913802
CUST-04852,West,68,2,53,month-to-month,fiber,104.68,1,1,3,2,0,7.1,0,0.5468298595256216,57.24214969514207
CUST-04853,West,77,4,8,two-year,fiber,47.88,1,0,0,5,0,5.5,0,0.49873689057499476,23.87952232073075
CUST-04854,South,49,3,5,one-year,dsl,84.24,0,1,0,2,1,6.0,0,0.6236813698072438,52.53891859256221
CUST-04855,South,40,2,5,month-to-month,fiber,137.72,1,1,2,0,0,8.1,0,0.6231091033287037,85.81458571042907
CUST-04856,Midwest,42,3,50,month-to-month,fiber,127.06,1,0,2,0,0,7.6,0,0.38524970712600265,48.949827787429896
CUST-04857,West,21,3,61,one-year,none,69.35,1,1,0,2,1,5.5,0,0.2360788789549248,16.372070255524033
CUST-04858,Northeast,21,5,46,month-to-month,fiber,78.88,1,0,0,2,0,8.2,0,0.3473228455078739,27.39682605366109
CUST-04859,South,40,3,19,month-to-month,none,86.47,1,1,1,1,0,6.9,0,0.531148741536522,45.92843168066306
CUST-04860,West,30,3,55,one-year,none,60.41,1,1,0,0,0,8.2,0,0.04940197621899456,2.9843733833894612
CUST-04861,Northeast,35,4,5,month-to-month,fiber,114.73,1,1,4,2,0,5.4,1,0.8302572658050283,95.25541610581091
CUST-04862,West,37,1,60,one-year,dsl,94.22,0,1,4,1,0,7.2,0,0.16781368450363437,15.81140535393243
CUST-04863,Northeast,28,2,65,two-year,fiber,119.25,0,0,0,3,1,7.2,0,0.29412894580366716,35.07487678708731
CUST-04864,Midwest,42,3,52,one-year,dsl,87.99,0,1,2,1,0,8.5,0,0.12031507678416892,10.586523606239023
CUST-04865,South,20,4,64,month-to-month,none,78.0,1,1,1,1,0,7.6,0,0.24503549554730886,19.11276865269009
CUST-04866,Northeast,64,1,43,month-to-month,none,51.57,0,0,0,1,1,6.5,0,0.5723131598081909,29.514189651308403
CUST-04867,Northeast,59,2,34,month-to-month,none,79.19,1,1,3,0,0,8.1,0,0.26817064172043636,21.236433117841354
CUST-04868,West,28,3,24,one-year,fiber,114.89,0,0,4,5,1,5.7,0,0.8010678494522774,92.03468522357215
CUST-04869,South,27,1,67,two-year,dsl,120.71,1,1,3,1,2,6.1,0,0.20265574355537413,24.46257480456921
CUST-04870,West,22,3,51,two-year,fiber,119.88,0,1,4,1,0,7.9,0,0.16462369691667494,19.73508878637099
CUST-04871,Midwest,29,5,14,month-to-month,none,59.84,1,0,3,1,0,8.2,1,0.3187366139022561,19.073198975911005
CUST-04872,West,53,5,69,two-year,fiber,108.95,1,0,2,2,1,7.0,0,0.15100819338921734,16.45234266975523
CUST-04873,South,22,4,5,month-to-month,fiber,112.51,1,1,4,1,0,7.5,1,0.6589342598361715,74.13669357416765
CUST-04874,Midwest,18,2,43,one-year,fiber,116.2,1,0,3,2,0,6.7,0,0.2694341798887738,31.308251703075513
CUST-04875,Northeast,52,4,14,month-to-month,fiber,110.28,1,0,3,2,0,7.3,0,0.6533698769941918,72.05363003491948
CUST-04876,South,73,4,48,month-to-month,fiber,115.03,1,1,3,2,0,8.4,0,0.485445091004311,55.8407488182259
CUST-04877,Midwest,46,1,30,month-to-month,fiber,97.39,1,1,0,0,0,9.4,0,0.3101407201744264,30.20460473778739
CUST-04878,South,33,1,32,two-year,dsl,129.22,1,1,3,2,0,6.8,1,0.2110297781603059,27.26926793387473
CUST-04879,Northeast,67,5,49,month-to-month,dsl,69.03,1,1,3,0,1,7.5,0,0.29493507951363285,20.359368538826075
CUST-04880,South,68,5,55,month-to-month,fiber,97.22,1,1,2,2,0,8.2,0,0.42787997920175147,41.59849157799428
CUST-04881,West,68,3,28,month-to-month,dsl,79.41,1,1,2,4,0,6.4,0,0.6934882884798128,55.06990498818193
CUST-04882,West,40,2,72,month-to-month,fiber,103.41,1,0,4,0,1,8.4,0,0.2659652476357815,27.503466258016164
CUST-04883,South,20,1,36,two-year,dsl,41.64,1,1,0,1,0,6.3,0,0.09974108411096545,4.153218742380601
CUST-04884,Northeast,77,2,12,month-to-month,fiber,114.65,1,1,2,0,1,8.7,1,0.5664606774066391,64.94471666467118
CUST-04885,Northeast,71,1,1,month-to-month,dsl,97.62,0,1,3,1,0,7.0,0,0.7334327730271465,71.59770730291004
CUST-04886,Midwest,48,1,15,one-year,fiber,95.33,0,0,1,1,0,7.9,0,0.3407336366613415,32.48213758292568
CUST-04887,Midwest,65,5,50,month-to-month,fiber,116.1,1,1,1,2,2,5.9,1,0.8047761306760594,93.43450877149048
CUST-04888,West,75,4,39,month-to-month,dsl,69.03,1,1,0,1,0,9.0,0,0.23545971033059876,16.253783804121234
CUST-04889,Midwest,21,4,25,month-to-month,dsl,84.17,1,0,1,4,0,5.0,0,0.7622858571175014,64.16160059358009
CUST-04890,South,46,1,35,month-to-month,dsl,55.67,1,1,1,0,0,9.9,0,0.14897116616870074,8.29322482061157
CUST-04891,Northeast,69,2,61,month-to-month,fiber,110.59,1,0,4,1,0,7.6,0,0.36772670949810904,40.66689680339588
CUST-04892,Midwest,60,4,42,month-to-month,fiber,106.26,0,1,0,2,1,6.3,1,0.8265571647759089,87.82996432908809
CUST-04893,South,24,3,5,month-to-month,dsl,96.55,1,1,3,0,0,7.3,0,0.4959891100981352,47.88774857997495
CUST-04894,West,21,2,4,one-year,fiber,112.47,0,0,0,1,1,6.9,0,0.5811916508331287,65.366624969202
CUST-04895,Midwest,37,3,35,two-year,fiber,90.1,1,1,3,1,0,7.7,0,0.11869767679731015,10.694660679437645
CUST-04896,Midwest,44,4,30,two-year,fiber,107.45,1,0,2,1,0,8.0,0,0.12118462238734405,13.021287675520119
CUST-04897,Midwest,25,5,62,month-to-month,fiber,126.59,0,1,2,2,1,7.0,1,0.7237785119178727,91.6231218236835
CUST-04898,Midwest,34,5,42,month-to-month,fiber,122.12,1,1,4,4,0,5.7,1,0.8009831815771906,97.81606613420652
CUST-04899,Midwest,48,4,55,two-year,fiber,143.69,1,1,3,3,0,7.3,0,0.21902404498657174,31.471565024120494
CUST-04900,West,65,2,43,one-year,dsl,68.74,0,0,0,1,1,8.5,0,0.1637513120921126,11.256265193211819
CUST-04901,Northeast,52,5,25,month-to-month,dsl,86.19,1,1,1,0,1,8.8,1,0.3174572391188589,27.36163943965445
CUST-04902,Northeast,49,4,48,month-to-month,dsl,38.76,1,1,1,1,1,7.9,0,0.26991085212773835,10.461744628471138
CUST-04903,South,62,4,45,month-to-month,dsl,100.28,1,1,3,0,0,8.6,0,0.24317238725971774,24.385326994404494
CUST-04904,Midwest,56,2,52,month-to-month,fiber,128.04,0,1,4,1,0,6.3,0,0.7182103909985624,91.95965846345592
CUST-04905,South,31,3,14,month-to-month,none,98.8,0,1,3,2,2,6.4,1,0.8777728832068996,86.72396086084169
CUST-04906,West,33,3,47,month-to-month,dsl,74.8,1,1,2,1,0,6.6,1,0.3727167786798892,27.879215045255712
CUST-04907,West,24,4,21,two-year,dsl,87.24,0,1,3,2,0,8.0,1,0.18170351529764203,15.85181467456629
CUST-04908,Northeast,25,1,57,one-year,fiber,94.22,0,1,3,0,0,8.5,0,0.12250372435476037,11.542300908705522
CUST-04909,Midwest,67,3,58,one-year,dsl,43.65,1,0,0,2,0,8.4,0,0.05983518299469425,2.611805737718404
CUST-04910,Northeast,58,2,45,month-to-month,dsl,89.54,1,1,2,0,1,8.9,0,0.25322854102066555,22.674083562990397
CUST-04911,West,56,1,69,one-year,dsl,113.51,1,1,3,1,0,8.3,0,0.07566674256752477,8.588931948839738
CUST-04912,Northeast,44,4,39,one-year,dsl,111.04,1,1,3,3,0,6.2,0,0.3010005488869698,33.42310094840913
CUST-04913,Northeast,23,3,2,month-to-month,none,79.77,0,1,1,0,1,5.6,0,0.7891452079608021,62.95011323903318
CUST-04914,Midwest,43,2,44,one-year,none,90.02,0,1,0,2,1,7.3,0,0.32992026895687687,29.699422611498054
CUST-04915,South,27,4,56,one-year,dsl,75.11,1,0,1,1,0,7.7,0,0.07474591538380568,5.614165704477644
CUST-04916,South,75,1,8,two-year,none,83.05,1,1,1,3,0,7.5,0,0.2520826036511954,20.935460233231776
CUST-04917,South,42,5,8,month-to-month,none,75.1,0,1,4,2,1,7.1,0,0.7789017096712078,58.495518396307695
CUST-04918,South,25,2,20,two-year,fiber,61.21,1,0,3,1,0,8.4,0,0.09499931412450388,5.8149080175608825
CUST-04919,Midwest,34,1,61,month-to-month,dsl,86.42,0,0,4,1,1,7.3,0,0.466768100122477,40.33809921258446
CUST-04920,Midwest,56,4,38,month-to-month,fiber,84.14,1,0,0,0,0,6.6,1,0.4507256666423971,37.924057591291295
CUST-04921,West,45,5,71,month-to-month,fiber,120.2,1,1,3,1,0,8.7,0,0.27122082562330785,32.600743239921606
CUST-04922,Midwest,21,5,63,month-to-month,fiber,88.95,1,1,0,1,0,6.4,0,0.42515606826333396,37.81763227202356
CUST-04923,West,39,4,40,month-to-month,fiber,107.57,0,0,2,0,1,7.0,1,0.6589442081325135,70.88262846881447
CUST-04924,Midwest,59,5,49,month-to-month,fiber,123.41,0,1,1,1,0,7.0,0,0.6622218936779056,81.72480389879033
CUST-04925,Northeast,49,2,24,one-year,fiber,127.74,1,1,4,3,0,6.8,0,0.4508627907529994,57.59321289078814
CUST-04926,West,51,4,7,month-to-month,fiber,103.45,1,1,3,1,1,7.0,1,0.74823772722357,77.40519288127831
CUST-04927,South,57,1,29,two-year,dsl,52.0,1,1,2,0,0,7.9,0,0.0604898198732827,3.1454706334107008
CUST-04928,South,61,5,43,month-to-month,none,58.48,0,1,2,1,2,7.5,1,0.6171233092730626,36.0893711262887
CUST-04929,West,43,5,14,one-year,none,107.73,1,1,3,1,0,6.7,0,0.26358780606992616,28.396314347913147
CUST-04930,West,63,4,16,two-year,fiber,109.33,0,1,3,2,1,6.5,0,0.5408699197417186,59.133308325362094
CUST-04931,West,72,5,2,two-year,fiber,109.58,0,1,2,1,1,5.5,0,0.6334498746746731,69.41343726685068
CUST-04932,Midwest,25,3,53,one-year,dsl,100.1,0,1,3,0,0,7.3,0,0.1435179830779011,14.366150106097898
CUST-04933,South,61,2,65,one-year,fiber,122.17,0,1,3,4,0,4.6,1,0.6841607870146986,83.58392334958573
CUST-04934,South,34,3,60,month-to-month,none,63.83,0,1,0,2,0,7.4,0,0.4464446174889953,28.49655993432257
CUST-04935,South,24,1,28,month-to-month,dsl,79.38,0,1,1,1,0,7.5,1,0.5519212897362723,43.81151197926529
CUST-04936,South,33,5,43,month-to-month,fiber,155.87,1,0,4,2,0,6.3,0,0.707980654342201,110.35294459231888
CUST-04937,South,73,3,70,month-to-month,fiber,84.96,1,0,1,5,1,2.2,0,0.9294656810401629,78.96740426117223
CUST-04938,Midwest,54,1,43,month-to-month,fiber,124.13,1,0,4,4,0,4.5,1,0.8643897064976814,107.29669426755719
CUST-04939,South,45,4,22,month-to-month,dsl,94.36,0,0,2,2,0,5.8,1,0.7662437665915739,72.30276181558091
CUST-04940,Midwest,33,3,25,two-year,fiber,109.48,1,1,1,2,0,7.0,0,0.24352036608510716,26.66060967899753
CUST-04941,Northeast,49,5,53,two-year,dsl,74.68,0,0,1,3,0,7.2,1,0.14398153480407933,10.752541019168644
CUST-04942,West,48,4,33,one-year,dsl,65.06,0,1,2,0,0,6.9,0,0.18283688128044476,11.895367496105736
CUST-04943,South,42,2,61,one-year,fiber,77.33,1,1,0,1,0,6.7,0,0.16383010701495554,12.668982175466512
CUST-04944,Midwest,44,1,63,month-to-month,fiber,86.06,1,1,1,2,1,5.2,1,0.7018939436678645,60.40499279205642
CUST-04945,West,61,3,3,month-to-month,fiber,118.54,1,1,3,2,1,6.8,0,0.8414000065715018,99.73955677898583
CUST-04946,West,53,5,53,one-year,fiber,138.3,0,0,4,0,0,6.2,0,0.3178456644297053,43.958055390628246
CUST-04947,South,19,4,27,one-year,dsl,114.14,0,0,4,2,0,5.5,1,0.4780989629836175,54.5702156349501
CUST-04948,South,39,5,38,month-to-month,dsl,84.61,0,1,1,0,0,8.3,0,0.36968052557438214,31.27866926884847
CUST-04949,Midwest,21,5,20,month-to-month,dsl,117.01,1,0,3,1,3,8.2,0,0.6476324478065721,75.77947271784701
CUST-04950,Midwest,73,3,27,month-to-month,fiber,60.85,0,1,1,0,1,7.7,0,0.6204846801590167,37.756492787676166
CUST-04951,West,37,5,24,month-to-month,fiber,86.03,0,0,4,1,0,7.0,0,0.6554216655309094,56.38592588562414
CUST-04952,South,75,5,4,month-to-month,dsl,81.61,0,1,4,2,0,8.7,0,0.6273802276933468,51.20050038205403
CUST-04953,Midwest,32,1,57,month-to-month,dsl,101.36,1,0,2,1,3,6.3,0,0.6441955092753336,65.29565682014781
CUST-04954,Northeast,39,1,11,one-year,dsl,63.75,0,1,3,0,1,7.5,0,0.27013084906419416,17.22084162784238
CUST-04955,Midwest,42,2,28,two-year,dsl,96.26,0,0,4,1,0,7.2,0,0.17226620505158755,16.582344898265816
CUST-04956,Midwest,72,5,14,month-to-month,dsl,60.17,1,1,0,2,1,8.1,0,0.5302643429060102,31.906005512654634
CUST-04957,Midwest,23,5,12,one-year,fiber,91.29,1,0,1,2,0,7.8,0,0.259701843383093,23.70818128244256
CUST-04958,Northeast,65,1,27,one-year,fiber,108.21,1,0,3,1,0,8.4,0,0.17500694468872724,18.937501484767175
CUST-04959,South,57,5,67,month-to-month,dsl,78.06,1,0,0,4,0,6.2,1,0.5124289383601572,40.000202928393875
CUST-04960,Northeast,31,1,68,one-year,fiber,108.74,0,1,3,1,2,6.7,0,0.3945072459814949,42.89871792802775
CUST-04961,South,68,4,28,month-to-month,dsl,85.73,1,1,1,1,0,7.3,0,0.4579516844528944,39.26019790814664
CUST-04962,South,51,3,37,one-year,fiber,120.65,0,1,1,0,0,7.3,0,0.3210715866912039,38.73728693429375
CUST-04963,South,48,4,71,month-to-month,fiber,139.82,1,1,4,1,0,7.2,0,0.4532098955350296,63.36780759370784
CUST-04964,West,40,4,17,two-year,fiber,98.45,0,1,2,1,0,7.9,0,0.2474621791081687,24.36265153319921
CUST-04965,Midwest,43,5,69,two-year,dsl,84.26,1,0,3,2,0,7.2,0,0.05776677229929923,4.867428233938954
CUST-04966,West,66,4,8,month-to-month,dsl,99.28,1,1,3,2,0,7.7,0,0.582906554105474,57.87096269159146
CUST-04967,Northeast,76,3,17,month-to-month,fiber,120.63,0,1,2,1,0,7.5,0,0.7487695980593345,90.32407661389752
CUST-04968,West,71,3,25,month-to-month,fiber,98.59,0,0,2,0,0,8.0,0,0.5648015727945334,55.68378706181304
CUST-04969,Midwest,38,5,3,one-year,fiber,141.29,1,0,4,0,1,7.4,0,0.3835055779804694,54.18550311286052
CUST-04970,Northeast,55,4,59,one-year,fiber,133.04,0,1,4,1,0,6.5,0,0.3319840546992309,44.16715863718568
CUST-04971,West,77,4,62,month-to-month,dsl,82.57,1,0,0,2,1,5.7,0,0.5490344377894077,45.333773528271394
CUST-04972,Northeast,55,4,28,one-year,fiber,124.93,0,0,2,1,1,8.4,0,0.35221278186177274,44.00194283799127
CUST-04973,West,18,2,61,month-to-month,fiber,94.8,1,1,3,2,0,5.4,0,0.608077425880738,57.64573997349396
CUST-04974,Northeast,61,5,56,month-to-month,fiber,104.26,1,0,3,2,0,7.2,0,0.4568805306964181,47.63436413040856
CUST-04975,Midwest,52,4,58,month-to-month,dsl,86.77,1,1,2,1,2,7.2,0,0.46915167713364214,40.70829102488613
CUST-04976,Midwest,47,1,58,month-to-month,dsl,110.48,1,1,3,2,1,6.1,0,0.6036274326922824,66.68875876384335
CUST-04977,Northeast,20,4,42,month-to-month,dsl,103.93,1,1,2,0,0,8.1,0,0.2477980323748076,25.753649504713756
CUST-04978,West,46,5,8,month-to-month,dsl,70.45,1,1,0,2,0,7.2,0,0.5580591198123809,39.31526499078223
CUST-04979,West,65,4,67,month-to-month,none,80.95,1,1,1,0,0,7.1,0,0.2329814307397856,18.859846818385645
CUST-04980,South,51,5,44,two-year,fiber,84.61,1,1,0,1,0,7.2,0,0.12632021272403351,10.687953198580475
CUST-04981,Northeast,34,4,65,month-to-month,dsl,80.5,0,1,3,0,0,7.7,0,0.2658529821819179,21.40116506564439
CUST-04982,Midwest,67,5,70,two-year,dsl,81.75,0,1,4,2,0,7.0,0,0.11495177398404725,9.397307523195863
CUST-04983,West,44,3,14,one-year,fiber,104.3,0,1,1,1,0,6.4,0,0.5105003964876824,53.24519135366528
CUST-04984,Northeast,56,2,29,one-year,dsl,85.01,1,1,3,0,0,8.5,0,0.08304541048101995,7.059690344991506
CUST-04985,Northeast,18,3,14,month-to-month,dsl,118.74,1,1,4,0,0,8.1,0,0.38663303279312256,45.90880631385537
CUST-04986,Midwest,26,5,4,one-year,dsl,83.76,0,0,1,2,0,7.9,0,0.3039779472091816,25.461192858241052
CUST-04987,South,30,4,70,month-to-month,fiber,123.45,1,0,4,1,0,7.5,0,0.360548768081065,44.509745419607476
CUST-04988,West,26,1,67,month-to-month,fiber,96.47,0,1,0,0,0,7.4,0,0.43137817480687907,41.615052523619624
CUST-04989,Midwest,43,2,68,month-to-month,none,72.37,1,1,3,0,0,8.7,0,0.1298193952422213,9.395029633679556
CUST-04990,Midwest,42,1,64,month-to-month,fiber,59.83,1,1,0,2,0,7.9,0,0.3308419660041591,19.79427482602884
CUST-04991,South,22,5,47,two-year,fiber,96.6,1,1,3,0,0,7.1,0,0.09795883222195335,9.462823192640693
CUST-04992,Midwest,57,2,38,two-year,fiber,100.43,1,0,0,2,0,6.8,0,0.19788122921594406,19.873211850157265
CUST-04993,South,46,1,72,one-year,fiber,123.01,1,1,4,3,0,4.8,0,0.434540850045458,53.45286996409179
CUST-04994,South,41,5,40,month-to-month,dsl,55.31,0,1,1,0,0,6.9,0,0.4252302376329752,23.519484443479858
CUST-04995,Northeast,32,5,47,two-year,dsl,106.89,1,1,1,1,0,9.2,0,0.04196618090880339,4.485765077341995
CUST-04996,South,40,5,16,one-year,none,112.66,0,1,2,1,0,6.6,0,0.4113213023924779,46.33945792753656
CUST-04997,West,27,2,54,month-to-month,fiber,138.03,1,1,4,3,1,6.5,0,0.760206266183505,104.93127092130919
CUST-04998,South,71,3,60,month-to-month,fiber,93.18,1,1,0,1,0,7.8,1,0.3869686596991042,36.05773971076253
CUST-04999,Northeast,48,3,49,one-year,fiber,97.41,0,1,1,0,1,7.3,0,0.2752790488968071,26.81493215303798
CUST-05000,West,70,4,36,month-to-month,fiber,109.82,0,0,3,1,0,6.8,0,0.6908083108849085,75.86456870138065
