customer_id,region,age,household_size,tenure_months,contract_type,internet_service,monthly_charges,autopay,paperless_billing,streaming_services,support_tickets,late_payments,satisfaction_score,churned
CUST-00001,West,28,5,7,month-to-month,fiber,116.21,1,1,4,4,1,6.3,1
CUST-00002,Midwest,31,3,56,one-year,dsl,93.14,0,1,2,1,0,6.3,0
CUST-00003,Midwest,30,2,48,two-year,fiber,117.0,0,0,4,3,0,6.3,0
CUST-00004,Northeast,76,4,32,one-year,fiber,73.42,1,1,1,0,1,8.3,0
CUST-00005,Northeast,47,2,32,month-to-month,dsl,49.75,1,0,1,1,0,8.9,0
CUST-00006,Midwest,48,3,62,month-to-month,dsl,77.05,0,1,0,0,0,9.5,0
CUST-00007,South,55,3,7,two-year,none,78.71,1,1,3,2,0,7.2,0
CUST-00008,Northeast,27,4,51,two-year,dsl,97.93,1,0,3,0,0,7.5,0
CUST-00009,Northeast,77,1,15,month-to-month,dsl,90.4,1,1,1,4,1,5.8,0
CUST-00010,Midwest,42,2,7,one-year,dsl,74.11,1,0,1,3,0,7.0,0
CUST-00011,West,48,4,38,month-to-month,dsl,65.79,0,1,2,1,0,8.4,0
CUST-00012,Northeast,33,3,71,month-to-month,dsl,103.11,0,0,3,1,2,6.4,0
CUST-00013,Midwest,35,4,53,month-to-month,fiber,94.31,0,1,1,2,1,5.6,1
CUST-00014,South,28,4,55,month-to-month,dsl,73.81,1,0,2,3,1,6.2,0
CUST-00015,West,48,2,52,month-to-month,dsl,59.72,1,1,0,0,1,7.5,0
CUST-00016,Midwest,76,3,57,two-year,fiber,104.75,1,0,4,0,0,8.1,0
CUST-00017,South,19,1,37,month-to-month,dsl,108.35,1,1,4,0,0,7.3,0
CUST-00018,South,44,4,10,month-to-month,dsl,123.99,0,0,3,1,0,6.2,1
CUST-00019,Midwest,41,3,61,month-to-month,fiber,112.65,0,1,4,0,0,8.4,0
CUST-00020,West,59,2,33,month-to-month,fiber,102.39,0,1,3,1,1,7.3,0
CUST-00021,South,62,3,37,month-to-month,fiber,157.13,0,1,4,2,1,5.8,1
CUST-00022,Midwest,71,1,27,one-year,fiber,102.65,1,1,2,2,1,7.8,0
CUST-00023,South,33,3,14,month-to-month,fiber,88.09,1,1,1,0,0,6.4,1
CUST-00024,South,30,5,67,one-year,fiber,116.16,0,1,4,0,0,7.8,0
CUST-00025,Midwest,46,2,57,two-year,fiber,85.12,1,1,0,1,0,8.1,0
CUST-00026,West,25,2,47,month-to-month,fiber,127.3,0,1,2,1,2,7.8,1
CUST-00027,West,46,3,29,two-year,dsl,64.03,1,1,3,0,0,8.0,0
CUST-00028,Northeast,33,2,60,two-year,dsl,103.55,0,1,3,2,0,8.1,0
CUST-00029,West,36,2,40,one-year,fiber,112.8,1,1,3,0,0,7.9,0
CUST-00030,Midwest,60,3,32,one-year,fiber,95.27,0,1,2,2,0,7.8,0
CUST-00031,South,26,4,33,one-year,fiber,125.47,0,1,4,0,1,9.5,0
CUST-00032,South,40,2,17,one-year,fiber,92.28,1,1,1,1,0,7.0,0
CUST-00033,Midwest,58,2,7,one-year,fiber,82.41,0,0,0,0,1,8.1,0
CUST-00034,South,47,4,40,month-to-month,fiber,104.51,1,0,3,1,1,7.8,0
CUST-00035,South,69,3,64,two-year,fiber,100.16,0,0,1,1,0,6.5,0
CUST-00036,Midwest,19,2,5,one-year,none,59.98,1,1,2,1,0,8.3,0
CUST-00037,Midwest,42,5,62,one-year,fiber,136.55,0,1,2,0,1,7.4,0
CUST-00038,West,18,5,60,month-to-month,dsl,95.77,1,0,1,2,1,6.0,1
CUST-00039,West,21,5,20,month-to-month,fiber,125.03,1,1,4,0,0,7.7,0
CUST-00040,South,42,2,46,month-to-month,fiber,87.35,1,1,1,3,1,5.8,0
CUST-00041,Northeast,33,5,12,month-to-month,none,100.81,0,1,3,0,0,8.6,0
CUST-00042,West,27,2,55,month-to-month,fiber,105.33,1,0,0,1,0,7.5,0
CUST-00043,West,75,1,51,month-to-month,dsl,99.59,0,0,4,0,0,9.9,0
CUST-00044,Midwest,65,3,26,month-to-month,none,75.47,1,0,4,1,0,7.1,0
CUST-00045,Midwest,44,5,5,month-to-month,dsl,75.93,1,1,0,1,0,8.0,0
CUST-00046,South,75,1,70,month-to-month,fiber,143.29,1,0,3,3,1,6.1,1
CUST-00047,Midwest,23,1,33,two-year,dsl,87.92,1,0,2,1,0,6.8,0
CUST-00048,Midwest,73,1,65,month-to-month,fiber,87.88,0,1,0,1,1,8.5,0
CUST-00049,South,70,5,49,month-to-month,fiber,107.93,0,1,3,0,0,8.0,0
CUST-00050,Midwest,45,2,57,month-to-month,fiber,120.58,0,0,3,0,0,7.1,0
CUST-00051,South,60,3,55,month-to-month,none,80.32,1,1,4,1,0,7.9,0
CUST-00052,Midwest,35,1,15,month-to-month,dsl,85.13,0,0,3,3,0,7.1,1
CUST-00053,Northeast,75,5,27,one-year,fiber,118.92,1,1,3,1,0,7.1,0
CUST-00054,Northeast,47,4,34,two-year,fiber,124.62,1,1,3,2,0,7.4,0
CUST-00055,Midwest,31,3,36,month-to-month,dsl,128.97,1,0,3,1,0,8.5,0
CUST-00056,West,24,5,4,one-year,none,83.39,0,0,2,1,0,7.8,0
CUST-00057,Midwest,59,2,40,month-to-month,fiber,117.06,0,1,3,0,0,8.3,0
CUST-00058,West,74,3,12,month-to-month,fiber,95.09,0,1,0,0,0,7.6,1
CUST-00059,West,59,5,54,month-to-month,dsl,76.63,1,0,3,4,0,4.5,0
CUST-00060,West,58,3,50,month-to-month,none,75.2,0,1,1,0,0,7.6,0
CUST-00061,West,65,2,67,one-year,none,92.18,0,0,2,1,0,7.1,0
CUST-00062,West,35,4,54,one-year,fiber,120.72,0,1,3,1,0,7.6,0
CUST-00063,West,38,5,27,one-year,fiber,114.53,1,1,0,2,0,6.9,0
CUST-00064,South,63,1,70,month-to-month,fiber,98.81,1,1,3,3,0,6.6,0
CUST-00065,South,56,5,30,one-year,fiber,88.94,0,1,1,2,1,6.5,0
CUST-00066,South,32,3,24,month-to-month,none,75.9,0,1,3,2,0,7.5,1
CUST-00067,Midwest,21,1,66,month-to-month,fiber,89.21,1,0,3,1,0,8.1,0
CUST-00068,Midwest,63,5,27,month-to-month,dsl,83.5,0,1,0,0,1,6.8,0
CUST-00069,Midwest,69,3,6,one-year,none,84.69,1,0,1,2,0,8.5,0
CUST-00070,Northeast,42,2,34,two-year,none,102.49,1,1,4,0,1,7.5,0
CUST-00071,South,67,1,58,month-to-month,dsl,88.8,1,1,1,0,1,6.8,1
CUST-00072,Midwest,69,1,14,one-year,none,97.24,1,0,2,1,0,8.8,0
CUST-00073,Northeast,60,3,34,one-year,fiber,97.82,1,1,0,1,0,7.4,0
CUST-00074,Northeast,77,2,10,one-year,fiber,111.32,0,1,3,0,0,8.3,0
CUST-00075,West,76,2,50,month-to-month,fiber,49.53,1,1,0,0,1,6.7,0
CUST-00076,West,37,3,35,one-year,none,59.29,0,1,1,0,0,7.9,0
CUST-00077,Midwest,71,5,24,one-year,none,73.24,1,1,2,4,0,6.1,0
CUST-00078,Northeast,51,5,17,two-year,fiber,112.46,1,0,3,3,2,5.9,0
CUST-00079,South,40,1,41,month-to-month,fiber,105.71,0,1,2,1,0,6.8,0
CUST-00080,West,32,2,49,two-year,fiber,108.8,1,1,4,0,0,8.5,0
CUST-00081,Midwest,59,2,68,month-to-month,fiber,86.44,0,0,2,1,0,8.2,0
CUST-00082,Northeast,66,2,32,two-year,dsl,69.46,0,1,1,1,2,6.3,1
CUST-00083,Northeast,30,5,12,month-to-month,fiber,90.94,1,1,0,2,0,4.7,0
CUST-00084,West,47,2,60,month-to-month,dsl,112.84,1,0,3,1,3,7.9,0
CUST-00085,Midwest,71,4,46,month-to-month,dsl,69.45,1,0,2,1,0,7.0,1
CUST-00086,Midwest,77,5,51,month-to-month,fiber,103.37,0,1,3,0,1,7.1,0
CUST-00087,West,44,2,8,month-to-month,fiber,117.72,0,1,1,1,0,6.8,0
CUST-00088,South,71,3,23,month-to-month,none,66.25,1,0,1,1,0,6.4,1
CUST-00089,Northeast,69,5,56,month-to-month,dsl,92.81,1,1,2,2,0,6.6,0
CUST-00090,Northeast,34,2,60,month-to-month,fiber,113.42,1,0,1,0,3,7.1,0
CUST-00091,West,45,4,32,one-year,fiber,115.27,1,1,4,0,1,8.6,0
CUST-00092,Midwest,25,1,58,two-year,none,77.37,1,1,3,0,0,8.0,0
CUST-00093,Midwest,18,5,61,one-year,dsl,126.03,1,0,4,3,0,4.6,0
CUST-00094,South,55,1,28,month-to-month,dsl,90.5,0,1,1,1,2,5.6,1
CUST-00095,Northeast,18,4,65,month-to-month,dsl,70.48,1,1,0,0,1,8.9,0
CUST-00096,West,37,5,21,two-year,none,66.43,1,0,0,0,1,7.4,0
CUST-00097,West,28,1,18,month-to-month,fiber,114.51,1,0,4,4,1,6.1,1
CUST-00098,West,33,3,50,month-to-month,dsl,105.84,1,1,4,3,0,5.8,0
CUST-00099,Midwest,32,5,46,two-year,fiber,107.9,1,0,3,0,0,9.2,0
CUST-00100,Midwest,50,1,11,two-year,dsl,89.45,0,1,2,2,0,7.2,0
CUST-00101,South,64,2,60,month-to-month,none,75.75,1,1,1,0,1,6.5,0
CUST-00102,South,50,5,15,one-year,none,55.94,1,0,3,0,0,7.4,0
CUST-00103,Northeast,63,1,58,month-to-month,fiber,95.52,1,0,2,2,1,5.4,0
CUST-00104,Northeast,50,5,1,one-year,dsl,61.24,0,0,3,0,0,9.0,0
CUST-00105,South,59,4,58,month-to-month,none,48.0,0,0,0,1,1,5.9,1
CUST-00106,South,35,2,57,month-to-month,none,75.08,1,1,2,1,0,7.2,0
CUST-00107,South,37,2,57,one-year,dsl,84.68,1,1,3,3,1,6.5,0
CUST-00108,South,27,2,48,month-to-month,fiber,130.84,1,0,3,1,0,7.7,0
CUST-00109,Northeast,49,3,34,one-year,fiber,91.68,0,1,0,2,0,6.7,0
CUST-00110,Midwest,29,5,51,month-to-month,none,30.16,1,1,0,1,1,5.9,0
CUST-00111,South,55,4,20,two-year,dsl,118.75,1,0,4,2,1,6.0,0
CUST-00112,Midwest,61,1,57,one-year,dsl,85.71,0,1,1,4,0,5.1,1
CUST-00113,Midwest,71,3,41,month-to-month,dsl,79.81,0,0,2,1,0,4.9,0
CUST-00114,South,46,2,34,one-year,fiber,97.67,1,1,3,3,0,7.2,0
CUST-00115,Midwest,77,3,37,month-to-month,fiber,75.72,0,0,2,4,1,5.9,0
CUST-00116,South,46,3,41,month-to-month,dsl,101.87,1,1,4,1,0,6.6,0
CUST-00117,South,60,3,3,month-to-month,fiber,124.2,1,1,4,0,1,9.0,1
CUST-00118,Midwest,76,4,11,two-year,dsl,69.27,1,0,1,0,1,8.1,0
CUST-00119,Midwest,49,2,18,one-year,dsl,64.47,0,1,0,1,1,8.2,0
CUST-00120,West,73,2,9,two-year,dsl,100.99,1,0,4,0,0,9.1,0
CUST-00121,Northeast,52,1,32,two-year,fiber,129.38,1,0,3,0,1,8.1,0
CUST-00122,Northeast,21,2,49,two-year,dsl,113.38,1,0,3,2,1,5.3,0
CUST-00123,Northeast,47,5,48,month-to-month,fiber,117.72,1,1,2,4,1,5.8,0
CUST-00124,Northeast,65,4,34,two-year,fiber,135.31,1,1,2,2,2,7.3,0
CUST-00125,West,56,4,62,one-year,fiber,96.85,1,1,0,1,0,7.3,0
CUST-00126,Northeast,32,5,41,month-to-month,fiber,121.98,1,1,2,5,1,5.2,0
CUST-00127,South,35,3,6,one-year,none,72.73,1,1,2,1,0,7.9,0
CUST-00128,South,61,1,56,month-to-month,none,48.0,0,1,0,0,1,6.7,1
CUST-00129,West,65,4,42,month-to-month,fiber,125.71,0,1,3,1,1,7.0,0
CUST-00130,Midwest,28,1,46,month-to-month,dsl,77.69,1,1,3,2,0,6.5,0
CUST-00131,Northeast,45,1,41,month-to-month,fiber,139.16,0,1,4,3,0,6.5,1
CUST-00132,West,26,4,40,month-to-month,dsl,69.76,1,1,0,2,0,6.5,1
CUST-00133,West,35,5,7,two-year,none,78.01,1,0,1,0,1,7.6,0
CUST-00134,Midwest,74,2,41,one-year,dsl,89.98,1,1,2,0,1,6.7,0
CUST-00135,South,19,2,58,month-to-month,fiber,119.52,0,1,4,0,2,9.3,1
CUST-00136,West,51,4,22,month-to-month,fiber,109.59,1,1,1,2,0,6.6,0
CUST-00137,Northeast,45,2,44,month-to-month,fiber,122.81,0,0,4,1,0,6.3,0
CUST-00138,Northeast,38,1,3,month-to-month,none,101.67,1,0,4,0,0,8.6,0
CUST-00139,West,71,2,26,one-year,dsl,62.22,1,1,0,6,2,4.8,1
CUST-00140,Northeast,71,5,32,month-to-month,fiber,92.7,1,1,1,1,0,8.0,0
CUST-00141,Northeast,19,4,71,one-year,fiber,91.48,1,1,1,1,0,8.5,0
CUST-00142,Northeast,35,2,16,one-year,none,78.82,1,1,2,0,1,9.2,0
CUST-00143,South,32,5,20,one-year,fiber,107.31,0,1,4,0,0,7.2,0
CUST-00144,Midwest,21,2,30,two-year,dsl,104.0,0,1,1,1,0,7.8,0
CUST-00145,South,48,4,72,month-to-month,dsl,88.4,0,0,3,3,1,4.5,0
CUST-00146,South,41,1,62,two-year,fiber,108.68,1,0,0,2,0,7.1,0
CUST-00147,Northeast,41,5,3,one-year,fiber,91.87,0,1,2,1,0,8.3,0
CUST-00148,South,60,2,17,one-year,fiber,97.28,0,0,1,4,2,4.7,1
CUST-00149,West,76,3,60,one-year,fiber,107.81,0,1,4,2,1,8.9,0
CUST-00150,South,57,3,5,two-year,dsl,102.85,1,1,3,3,1,6.6,1
CUST-00151,South,55,3,62,two-year,dsl,68.36,0,0,1,0,0,6.6,0
CUST-00152,West,46,3,21,month-to-month,fiber,78.32,1,1,3,0,1,8.5,0
CUST-00153,Northeast,42,4,67,one-year,dsl,65.57,0,0,1,0,1,9.9,0
CUST-00154,Northeast,48,5,22,one-year,fiber,115.33,1,1,2,1,0,5.9,0
CUST-00155,West,33,2,32,month-to-month,fiber,95.97,0,0,2,0,1,8.2,0
CUST-00156,South,49,4,48,two-year,dsl,106.66,1,1,4,3,0,5.9,0
CUST-00157,Northeast,40,3,10,month-to-month,dsl,75.89,0,1,1,0,0,7.8,0
CUST-00158,South,40,3,41,one-year,dsl,45.9,1,1,0,1,2,6.2,0
CUST-00159,Northeast,70,3,37,month-to-month,fiber,109.11,1,0,0,2,0,7.8,0
CUST-00160,South,22,5,57,month-to-month,dsl,111.38,0,0,4,2,1,6.2,0
CUST-00161,Northeast,67,4,72,two-year,fiber,92.51,1,1,1,2,0,8.4,0
CUST-00162,Midwest,27,1,48,month-to-month,none,69.77,0,0,0,1,0,6.4,1
CUST-00163,West,40,1,30,month-to-month,dsl,89.02,1,0,2,3,0,6.3,0
CUST-00164,Midwest,61,4,30,month-to-month,none,72.26,1,1,4,2,0,4.9,1
CUST-00165,Northeast,72,3,31,month-to-month,fiber,135.44,0,0,4,0,1,9.9,0
CUST-00166,West,66,3,59,one-year,fiber,119.5,1,0,4,0,0,10.0,0
CUST-00167,Midwest,61,5,24,two-year,dsl,95.42,0,0,3,0,0,10.0,0
CUST-00168,West,41,2,13,month-to-month,fiber,112.12,1,1,4,1,0,8.9,0
CUST-00169,West,39,2,25,one-year,dsl,100.8,0,1,3,2,0,6.6,0
CUST-00170,South,37,4,2,month-to-month,fiber,108.25,1,1,0,2,0,7.0,0
CUST-00171,West,68,4,8,one-year,none,68.39,0,1,2,0,0,8.5,0
CUST-00172,West,54,5,7,month-to-month,fiber,104.87,1,1,2,2,0,7.3,0
CUST-00173,Midwest,21,5,56,month-to-month,none,90.44,0,1,2,4,0,4.7,0
CUST-00174,Midwest,19,2,53,month-to-month,fiber,133.87,1,0,4,0,0,7.1,0
CUST-00175,South,25,1,51,one-year,fiber,133.01,0,1,4,1,0,6.4,0
CUST-00176,West,52,4,34,month-to-month,dsl,96.43,0,0,2,1,0,6.9,0
CUST-00177,Northeast,76,1,52,month-to-month,fiber,87.4,0,1,0,1,0,7.0,0
CUST-00178,South,46,3,12,one-year,none,70.35,1,1,1,1,0,7.5,0
CUST-00179,Northeast,32,2,65,one-year,none,76.37,0,1,0,2,1,7.1,0
CUST-00180,Northeast,44,2,37,month-to-month,none,69.21,1,1,2,1,0,6.3,0
CUST-00181,West,60,5,68,one-year,none,80.77,1,1,1,4,0,5.5,0
CUST-00182,Midwest,18,2,11,two-year,dsl,107.18,0,1,0,5,1,4.5,0
CUST-00183,South,57,5,36,month-to-month,fiber,94.15,0,1,0,1,0,8.0,0
CUST-00184,West,74,2,51,one-year,dsl,73.31,0,1,2,1,0,7.8,0
CUST-00185,Northeast,74,2,36,month-to-month,fiber,82.96,0,1,0,2,0,7.1,1
CUST-00186,West,28,2,33,one-year,dsl,78.77,1,1,0,0,1,7.4,0
CUST-00187,South,76,4,12,month-to-month,fiber,89.27,1,0,1,0,0,8.1,0
CUST-00188,Northeast,24,4,28,one-year,dsl,75.51,0,0,3,1,0,7.0,0
CUST-00189,South,46,1,18,month-to-month,fiber,97.4,0,1,3,0,3,6.4,1
CUST-00190,South,41,2,22,month-to-month,fiber,84.67,1,0,1,1,0,7.9,0
CUST-00191,West,58,5,50,two-year,fiber,133.68,0,0,3,0,1,7.4,0
CUST-00192,West,64,3,46,month-to-month,fiber,90.17,1,0,0,1,0,7.5,0
CUST-00193,Northeast,54,1,44,two-year,fiber,134.02,1,1,3,2,1,6.9,0
CUST-00194,South,63,2,27,two-year,fiber,85.36,0,1,0,1,2,6.1,1
CUST-00195,South,76,3,70,two-year,fiber,89.71,1,1,0,1,1,7.1,0
CUST-00196,Midwest,48,2,7,month-to-month,dsl,113.63,1,1,4,0,1,7.3,0
CUST-00197,Midwest,52,3,25,one-year,fiber,78.54,1,1,2,1,2,7.1,0
CUST-00198,West,50,3,9,month-to-month,dsl,115.38,1,1,2,3,2,4.3,1
CUST-00199,South,34,3,25,month-to-month,fiber,100.75,1,1,1,1,2,6.4,1
CUST-00200,South,45,3,70,two-year,dsl,102.96,1,1,3,0,0,9.3,0
CUST-00201,South,51,1,27,one-year,fiber,109.65,1,1,3,0,0,8.8,1
CUST-00202,Northeast,19,3,66,month-to-month,dsl,105.26,1,1,3,1,1,6.9,0
CUST-00203,South,41,1,36,month-to-month,dsl,89.06,1,0,1,0,0,7.0,0
CUST-00204,Northeast,34,4,51,one-year,dsl,92.93,1,0,3,2,0,7.4,0
CUST-00205,West,57,3,33,one-year,fiber,91.97,0,1,3,2,0,8.0,0
CUST-00206,South,41,4,20,month-to-month,fiber,87.55,1,1,2,1,1,8.7,0
CUST-00207,South,26,2,56,two-year,fiber,88.48,0,1,1,1,0,7.2,0
CUST-00208,Midwest,51,2,70,month-to-month,fiber,118.11,0,0,3,2,1,5.5,1
CUST-00209,Midwest,45,4,19,month-to-month,fiber,99.06,0,1,2,0,0,8.3,0
CUST-00210,West,57,1,57,one-year,dsl,67.35,0,1,1,3,0,6.9,0
CUST-00211,Midwest,62,3,19,two-year,fiber,136.75,1,1,4,0,2,8.0,0
CUST-00212,West,77,2,52,month-to-month,dsl,83.56,0,1,2,1,0,6.7,0
CUST-00213,West,55,2,57,month-to-month,fiber,99.52,1,1,2,1,0,6.4,0
CUST-00214,Northeast,48,3,33,month-to-month,fiber,114.13,1,1,1,0,0,8.7,0
CUST-00215,West,34,3,54,two-year,fiber,123.96,0,1,3,1,0,8.5,0
CUST-00216,West,58,2,20,month-to-month,fiber,101.81,0,1,4,0,0,7.5,1
CUST-00217,Midwest,42,1,6,month-to-month,dsl,77.36,1,1,3,0,0,9.6,0
CUST-00218,Northeast,75,3,7,two-year,dsl,72.02,1,1,2,0,1,8.4,0
CUST-00219,Northeast,59,2,33,month-to-month,dsl,92.35,0,0,3,0,0,7.7,0
CUST-00220,Northeast,34,1,65,one-year,fiber,119.11,0,1,1,0,1,6.9,0
CUST-00221,Midwest,74,5,10,month-to-month,fiber,110.39,0,1,0,1,1,5.5,1
CUST-00222,Midwest,45,3,33,one-year,dsl,106.85,0,0,3,1,1,6.9,0
CUST-00223,South,55,1,51,month-to-month,fiber,120.54,0,1,0,3,2,6.0,0
CUST-00224,Midwest,61,2,15,month-to-month,fiber,95.3,1,0,0,0,0,10.0,0
CUST-00225,South,57,1,52,month-to-month,dsl,106.56,0,0,3,0,1,7.7,0
CUST-00226,South,51,5,23,one-year,fiber,96.44,0,1,2,0,0,8.7,0
CUST-00227,West,61,3,59,one-year,fiber,89.55,1,0,4,5,1,4.7,0
CUST-00228,South,71,5,42,month-to-month,fiber,114.26,1,1,4,2,0,7.2,0
CUST-00229,Midwest,27,2,40,month-to-month,dsl,76.02,1,1,0,3,0,6.5,0
CUST-00230,West,51,5,13,two-year,fiber,158.77,1,1,3,2,0,6.5,0
CUST-00231,West,54,5,34,month-to-month,dsl,83.88,1,1,1,1,0,8.8,0
CUST-00232,Midwest,73,4,62,month-to-month,fiber,100.05,0,0,3,2,0,6.6,0
CUST-00233,West,52,3,2,one-year,fiber,99.03,0,1,0,0,1,8.9,1
CUST-00234,South,26,5,55,month-to-month,fiber,95.3,1,0,2,0,1,7.9,0
CUST-00235,South,63,3,36,month-to-month,dsl,91.58,1,1,3,0,1,7.6,0
CUST-00236,West,66,1,52,month-to-month,fiber,123.17,1,1,2,2,0,6.3,0
CUST-00237,West,68,1,48,month-to-month,dsl,68.69,0,0,2,0,0,7.5,0
CUST-00238,Northeast,30,3,32,month-to-month,fiber,107.88,1,1,0,0,1,9.2,0
CUST-00239,Northeast,27,2,23,one-year,fiber,110.68,0,1,0,2,0,6.3,0
CUST-00240,Northeast,20,4,46,one-year,fiber,124.7,1,1,3,0,1,8.8,0
CUST-00241,West,43,3,11,month-to-month,fiber,135.56,1,0,2,0,0,7.8,0
CUST-00242,Northeast,24,3,43,two-year,fiber,96.5,0,1,2,0,0,8.7,0
CUST-00243,West,63,2,7,month-to-month,dsl,87.97,0,0,1,0,0,8.0,0
CUST-00244,Northeast,52,2,47,one-year,none,64.04,1,1,0,1,1,6.5,0
CUST-00245,Northeast,36,2,46,month-to-month,dsl,86.06,1,1,3,1,0,7.7,0
CUST-00246,Northeast,35,4,7,one-year,dsl,64.5,0,1,0,1,0,9.6,0
CUST-00247,West,44,4,55,month-to-month,dsl,120.32,1,1,3,1,2,7.3,0
CUST-00248,South,26,5,30,month-to-month,dsl,96.32,0,1,0,1,0,8.1,0
CUST-00249,West,42,4,57,month-to-month,fiber,137.88,0,1,4,0,1,7.9,1
CUST-00250,Midwest,55,3,3,month-to-month,dsl,81.05,0,1,1,0,0,8.6,0
CUST-00251,Northeast,45,4,13,month-to-month,dsl,104.32,1,1,4,2,0,6.4,1
CUST-00252,Northeast,47,2,36,one-year,fiber,80.44,0,0,0,0,0,8.1,0
CUST-00253,Northeast,67,5,14,two-year,none,102.72,1,1,2,1,0,8.7,0
CUST-00254,Northeast,40,1,24,month-to-month,dsl,106.22,0,0,2,0,0,7.5,1
CUST-00255,West,25,5,48,two-year,fiber,101.54,1,1,0,1,0,8.9,0
CUST-00256,Midwest,50,1,11,one-year,none,83.99,1,1,2,1,0,7.0,0
CUST-00257,Northeast,28,5,49,two-year,fiber,90.69,0,1,1,2,1,6.9,0
CUST-00258,South,69,4,8,one-year,fiber,121.44,0,1,2,0,0,8.0,0
CUST-00259,Northeast,27,3,13,one-year,fiber,112.99,0,0,1,1,3,9.3,0
CUST-00260,Midwest,61,3,43,month-to-month,dsl,73.21,0,0,0,1,1,6.7,0
CUST-00261,Northeast,45,2,58,one-year,fiber,92.45,1,1,3,1,1,8.0,0
CUST-00262,Northeast,47,2,13,two-year,none,95.79,1,1,2,0,0,6.7,0
CUST-00263,Midwest,71,2,22,month-to-month,fiber,106.44,1,1,4,1,0,6.5,0
CUST-00264,West,67,5,67,month-to-month,fiber,119.62,1,1,4,0,1,8.1,0
CUST-00265,West,28,2,72,month-to-month,dsl,70.36,1,0,1,1,0,7.3,0
CUST-00266,West,69,3,42,two-year,fiber,58.31,0,0,1,0,0,8.0,0
CUST-00267,Midwest,37,4,33,month-to-month,dsl,105.05,0,1,4,2,2,6.0,0
CUST-00268,South,40,4,25,one-year,fiber,137.47,0,1,1,5,0,5.3,1
CUST-00269,West,67,2,45,two-year,none,75.69,1,0,0,1,1,6.1,0
CUST-00270,Midwest,26,5,43,two-year,dsl,131.69,0,1,2,2,0,7.0,0
CUST-00271,West,42,1,22,month-to-month,fiber,119.98,1,1,4,2,0,6.8,0
CUST-00272,West,24,4,2,one-year,fiber,101.13,0,1,1,2,1,7.8,0
CUST-00273,West,51,1,11,two-year,fiber,113.29,1,1,3,1,0,8.7,0
CUST-00274,Midwest,56,5,70,month-to-month,none,71.83,0,0,1,0,0,5.3,0
CUST-00275,West,52,1,31,one-year,dsl,90.23,1,1,1,5,0,5.0,1
CUST-00276,South,74,5,35,month-to-month,fiber,130.92,0,0,2,2,1,8.1,1
CUST-00277,Northeast,60,4,34,one-year,fiber,79.54,0,1,0,4,0,6.8,0
CUST-00278,Northeast,20,1,57,month-to-month,dsl,81.81,0,0,1,3,1,6.4,1
CUST-00279,Midwest,30,4,5,month-to-month,fiber,111.45,1,0,1,4,0,5.4,1
CUST-00280,Midwest,47,2,6,month-to-month,dsl,120.53,1,0,4,0,0,8.8,0
CUST-00281,South,45,5,20,month-to-month,dsl,45.75,0,0,1,0,1,6.2,0
CUST-00282,South,29,5,36,month-to-month,fiber,89.25,1,1,4,1,0,7.0,0
CUST-00283,Northeast,49,5,49,one-year,fiber,92.74,1,0,0,0,1,8.5,0
CUST-00284,West,49,4,36,month-to-month,fiber,124.25,1,1,2,1,1,7.8,1
CUST-00285,Northeast,45,5,32,month-to-month,fiber,81.17,1,1,1,2,0,7.2,1
CUST-00286,Northeast,69,3,68,one-year,none,82.97,0,0,2,1,0,8.0,0
CUST-00287,Northeast,40,1,12,one-year,dsl,128.42,1,1,3,3,0,6.9,0
CUST-00288,Northeast,65,5,42,month-to-month,dsl,101.44,1,0,4,2,0,6.7,0
CUST-00289,West,59,1,40,two-year,dsl,91.85,1,1,3,0,2,9.2,0
CUST-00290,South,76,4,35,month-to-month,fiber,115.64,0,0,2,2,3,7.7,1
CUST-00291,West,56,3,59,two-year,dsl,90.16,1,1,2,0,0,8.4,0
CUST-00292,South,47,2,20,month-to-month,fiber,123.75,0,0,4,1,1,6.0,1
CUST-00293,West,18,4,69,one-year,fiber,109.88,1,0,4,2,0,7.1,0
CUST-00294,Midwest,57,2,24,two-year,fiber,108.9,0,0,3,1,0,7.7,0
CUST-00295,Northeast,49,5,40,two-year,dsl,52.24,0,1,0,2,0,5.1,0
CUST-00296,Northeast,71,5,38,one-year,dsl,83.72,1,1,1,0,0,9.7,0
CUST-00297,Northeast,53,5,62,one-year,fiber,78.89,1,1,1,2,0,6.8,0
CUST-00298,Midwest,59,5,32,month-to-month,dsl,71.49,0,1,1,1,0,6.6,0
CUST-00299,Northeast,72,5,21,one-year,fiber,100.29,1,0,4,1,0,7.6,0
CUST-00300,West,75,5,2,one-year,fiber,81.16,1,1,0,4,0,5.8,0
CUST-00301,South,31,5,27,two-year,fiber,122.78,1,1,4,3,0,6.9,0
CUST-00302,West,32,4,60,month-to-month,dsl,87.1,1,1,4,0,0,8.8,0
CUST-00303,Northeast,65,4,1,month-to-month,fiber,105.23,0,1,2,1,0,8.4,0
CUST-00304,West,26,1,65,one-year,fiber,94.97,0,1,1,1,0,8.4,0
CUST-00305,West,67,1,40,month-to-month,fiber,80.63,1,0,1,3,1,5.4,1
CUST-00306,Midwest,26,2,11,month-to-month,dsl,91.52,0,1,3,1,0,7.2,0
CUST-00307,South,39,2,22,month-to-month,dsl,126.63,1,0,3,0,0,8.2,0
CUST-00308,West,69,2,40,one-year,fiber,95.81,1,1,2,1,0,8.2,0
CUST-00309,West,26,2,23,month-to-month,none,89.11,1,0,2,0,0,8.5,0
CUST-00310,Midwest,21,2,8,month-to-month,fiber,112.04,0,1,4,3,1,6.0,1
CUST-00311,South,63,3,48,month-to-month,fiber,107.14,1,1,3,2,0,6.9,0
CUST-00312,Northeast,66,4,49,two-year,dsl,80.05,1,1,3,2,0,8.2,0
CUST-00313,West,63,5,9,one-year,dsl,51.95,0,1,1,0,0,8.1,0
CUST-00314,West,45,1,21,month-to-month,fiber,78.23,0,1,0,4,1,6.3,1
CUST-00315,West,63,3,18,month-to-month,dsl,101.8,0,1,2,0,0,8.6,0
CUST-00316,Northeast,59,3,48,one-year,fiber,109.68,0,1,1,1,0,9.0,0
CUST-00317,South,40,4,53,month-to-month,dsl,92.06,1,1,1,0,1,8.0,0
CUST-00318,South,62,5,53,one-year,dsl,80.29,1,0,2,1,0,9.2,0
CUST-00319,South,29,2,68,month-to-month,none,96.82,0,1,4,0,0,7.6,1
CUST-00320,Northeast,43,4,56,two-year,fiber,113.71,1,1,4,1,0,8.2,0
CUST-00321,Midwest,67,3,24,month-to-month,dsl,82.84,0,1,3,1,1,7.7,0
CUST-00322,Midwest,26,2,8,one-year,dsl,87.12,0,0,3,2,2,5.7,0
CUST-00323,Northeast,43,3,45,month-to-month,fiber,105.19,0,1,2,0,0,7.5,0
CUST-00324,Midwest,55,1,66,two-year,fiber,106.32,1,1,2,1,0,7.3,0
CUST-00325,Midwest,53,1,71,two-year,none,85.77,1,1,2,0,0,8.4,0
CUST-00326,Midwest,75,3,17,one-year,fiber,99.87,1,1,4,1,0,7.4,0
CUST-00327,Northeast,57,5,18,month-to-month,dsl,95.04,1,0,4,4,0,6.0,0
CUST-00328,Northeast,19,3,3,month-to-month,fiber,101.42,0,1,2,0,1,7.5,0
CUST-00329,South,77,4,11,one-year,dsl,102.78,1,1,3,3,0,6.5,0
CUST-00330,Northeast,31,5,40,one-year,fiber,92.61,0,1,0,1,0,7.8,0
CUST-00331,Midwest,53,3,40,month-to-month,none,62.77,0,1,2,0,1,7.0,0
CUST-00332,South,70,3,27,month-to-month,dsl,115.13,1,0,4,0,3,6.6,0
CUST-00333,South,54,2,23,month-to-month,fiber,115.77,0,1,3,2,1,5.4,1
CUST-00334,Northeast,22,2,60,one-year,dsl,94.47,0,0,2,1,1,5.8,0
CUST-00335,Midwest,39,5,34,one-year,dsl,76.71,0,1,1,0,0,7.6,0
CUST-00336,Northeast,18,4,59,one-year,fiber,130.3,0,1,4,0,1,8.4,0
CUST-00337,South,43,1,70,one-year,fiber,129.25,1,0,4,0,0,8.3,0
CUST-00338,South,70,3,23,month-to-month,dsl,77.91,0,1,1,1,0,7.3,0
CUST-00339,Midwest,33,4,15,month-to-month,dsl,140.62,1,1,4,3,0,6.1,1
CUST-00340,West,64,5,69,month-to-month,fiber,119.02,1,1,2,1,2,8.8,0
CUST-00341,Midwest,20,4,46,one-year,dsl,115.29,1,0,1,0,0,8.6,0
CUST-00342,West,33,1,21,month-to-month,fiber,128.29,0,1,1,1,0,6.8,0
CUST-00343,Northeast,52,2,45,month-to-month,fiber,77.86,1,1,2,2,1,5.8,1
CUST-00344,South,75,3,38,month-to-month,dsl,105.56,0,1,2,1,1,8.6,0
CUST-00345,West,55,1,66,month-to-month,fiber,126.26,0,1,3,2,0,5.5,1
CUST-00346,South,60,3,19,one-year,fiber,97.69,1,1,0,1,0,7.2,0
CUST-00347,West,64,2,72,month-to-month,fiber,92.97,1,1,2,1,0,6.8,0
CUST-00348,West,25,3,68,month-to-month,fiber,98.44,1,0,3,1,1,7.3,0
CUST-00349,Midwest,75,2,14,one-year,fiber,105.77,0,0,4,1,1,7.7,0
CUST-00350,Midwest,45,2,12,month-to-month,dsl,118.09,1,1,1,2,1,6.8,0
CUST-00351,South,36,5,39,month-to-month,dsl,110.71,1,1,3,0,0,7.8,0
CUST-00352,West,69,3,4,month-to-month,dsl,67.89,1,1,1,3,0,5.2,0
CUST-00353,West,47,1,22,one-year,dsl,85.45,0,0,3,3,0,8.2,0
CUST-00354,West,58,4,32,month-to-month,fiber,62.8,0,0,1,0,0,8.1,0
CUST-00355,South,40,2,70,one-year,fiber,125.35,1,1,3,4,0,6.8,0
CUST-00356,Northeast,53,1,72,two-year,dsl,83.73,1,0,2,4,0,5.6,0
CUST-00357,West,27,4,11,one-year,fiber,106.75,0,1,1,0,1,7.7,0
CUST-00358,Northeast,43,2,65,month-to-month,fiber,101.69,0,1,2,2,1,7.6,0
CUST-00359,West,45,1,7,one-year,dsl,112.2,1,0,3,2,1,5.1,1
CUST-00360,South,32,1,54,month-to-month,dsl,92.75,1,1,3,5,1,5.8,1
CUST-00361,West,72,4,61,month-to-month,dsl,100.66,1,1,3,2,0,6.8,0
CUST-00362,Midwest,54,2,65,month-to-month,fiber,119.65,1,1,3,1,0,7.9,0
CUST-00363,Northeast,70,2,17,month-to-month,fiber,97.52,0,0,4,0,0,9.3,0
CUST-00364,West,27,3,65,month-to-month,fiber,85.91,0,1,2,2,0,6.3,1
CUST-00365,West,43,2,9,month-to-month,dsl,80.08,1,1,2,0,0,5.7,0
CUST-00366,South,66,1,38,month-to-month,fiber,113.15,1,1,2,2,2,5.5,1
CUST-00367,Northeast,27,1,34,month-to-month,fiber,134.18,0,0,2,2,0,6.8,1
CUST-00368,West,30,1,23,one-year,fiber,99.29,1,0,0,2,0,8.8,0
CUST-00369,South,73,5,2,two-year,dsl,99.85,0,1,4,0,0,7.9,0
CUST-00370,Midwest,25,5,56,month-to-month,dsl,97.62,0,1,2,0,0,9.2,1
CUST-00371,West,45,4,25,one-year,fiber,94.88,1,1,2,5,0,3.6,1
CUST-00372,Midwest,22,3,48,month-to-month,fiber,125.58,0,1,4,0,1,7.1,1
CUST-00373,South,38,5,30,month-to-month,fiber,129.56,0,0,2,2,0,7.7,0
CUST-00374,Midwest,66,5,27,month-to-month,fiber,104.8,1,1,2,1,0,8.4,0
CUST-00375,Northeast,39,3,64,month-to-month,dsl,82.57,0,0,2,1,0,5.5,0
CUST-00376,Midwest,46,4,7,month-to-month,fiber,110.85,0,0,4,2,0,6.0,0
CUST-00377,Midwest,72,1,54,month-to-month,dsl,109.35,1,0,1,1,0,7.4,0
CUST-00378,Midwest,41,1,54,month-to-month,dsl,62.03,0,1,0,1,1,6.5,0
CUST-00379,Northeast,54,5,28,month-to-month,none,60.7,1,0,0,2,0,8.1,0
CUST-00380,West,49,3,19,month-to-month,none,96.7,0,1,3,1,0,7.3,0
CUST-00381,South,61,5,1,month-to-month,fiber,73.65,0,1,0,2,1,5.2,1
CUST-00382,Midwest,53,3,68,month-to-month,fiber,124.71,1,0,3,1,3,7.2,0
CUST-00383,Midwest,67,1,69,month-to-month,fiber,81.43,0,1,4,1,0,7.8,0
CUST-00384,Northeast,70,1,18,month-to-month,dsl,81.12,1,0,3,0,0,7.1,0
CUST-00385,West,77,3,3,month-to-month,fiber,94.39,1,1,0,2,1,5.9,1
CUST-00386,Midwest,38,1,9,month-to-month,fiber,145.25,1,1,3,2,2,5.9,0
CUST-00387,Northeast,28,5,5,month-to-month,fiber,108.35,0,1,2,2,1,7.7,0
CUST-00388,Midwest,29,2,60,two-year,fiber,92.43,0,1,0,1,0,7.6,0
CUST-00389,South,65,4,65,month-to-month,dsl,93.44,1,1,0,0,0,6.1,0
CUST-00390,West,70,2,12,month-to-month,dsl,83.51,1,1,3,2,0,5.9,0
CUST-00391,Northeast,32,4,54,month-to-month,dsl,44.82,1,0,2,1,2,7.7,0
CUST-00392,Northeast,46,2,13,two-year,none,106.56,1,1,2,3,1,6.2,0
CUST-00393,Midwest,19,3,27,one-year,fiber,122.93,0,1,3,0,0,7.1,1
CUST-00394,Northeast,52,2,44,one-year,fiber,101.89,0,0,2,2,2,6.3,1
CUST-00395,Northeast,60,5,52,two-year,fiber,120.69,1,0,4,1,0,8.8,0
CUST-00396,South,27,3,63,month-to-month,dsl,91.69,1,1,0,0,0,10.0,0
CUST-00397,West,73,3,4,two-year,dsl,82.77,0,1,1,2,1,6.8,0
CUST-00398,West,69,2,15,month-to-month,fiber,92.06,1,0,0,4,0,6.3,1
CUST-00399,Midwest,75,1,21,one-year,none,109.03,1,1,2,1,1,7.6,0
CUST-00400,South,74,4,23,month-to-month,fiber,95.14,0,1,4,1,1,7.2,1
CUST-00401,Midwest,22,1,72,month-to-month,fiber,102.94,0,1,2,0,0,7.0,0
CUST-00402,South,44,1,56,two-year,dsl,63.38,1,1,1,2,0,8.7,0
CUST-00403,West,43,4,24,month-to-month,none,81.7,1,1,0,1,0,7.1,0
CUST-00404,Midwest,19,4,70,two-year,dsl,95.29,1,0,1,0,0,7.5,0
CUST-00405,Midwest,74,2,36,month-to-month,none,54.94,0,1,1,0,0,7.2,0
CUST-00406,Midwest,19,4,37,one-year,fiber,71.55,1,0,0,3,0,7.4,0
CUST-00407,Midwest,59,1,32,two-year,dsl,65.42,1,1,0,1,0,7.3,0
CUST-00408,Midwest,36,3,11,month-to-month,dsl,97.89,1,1,3,0,1,9.2,1
CUST-00409,Midwest,53,5,68,two-year,fiber,123.01,0,1,3,1,1,8.0,0
CUST-00410,South,47,2,2,one-year,fiber,88.77,0,1,3,1,1,8.2,1
CUST-00411,South,31,4,13,one-year,none,51.28,1,1,0,1,0,7.5,1
CUST-00412,Midwest,43,2,17,month-to-month,fiber,108.78,0,1,4,3,0,5.6,1
CUST-00413,South,60,2,21,month-to-month,fiber,96.3,0,0,2,1,1,7.1,1
CUST-00414,Northeast,52,2,10,one-year,dsl,86.74,1,1,2,0,1,7.1,0
CUST-00415,Northeast,31,2,2,month-to-month,none,68.07,0,1,4,1,0,7.7,1
CUST-00416,Northeast,33,1,49,month-to-month,none,80.72,1,1,1,0,0,8.9,0
CUST-00417,Midwest,59,5,70,month-to-month,none,63.95,1,1,2,1,1,6.7,0
CUST-00418,Midwest,30,3,9,two-year,fiber,88.5,1,1,0,1,0,8.5,0
CUST-00419,South,53,5,22,month-to-month,none,73.56,0,1,2,2,0,7.0,1
CUST-00420,Northeast,76,4,37,one-year,fiber,69.45,1,0,1,1,0,8.9,0
CUST-00421,Midwest,52,5,67,two-year,dsl,73.18,1,0,0,1,2,8.9,0
CUST-00422,South,34,2,50,month-to-month,fiber,112.12,1,1,3,0,0,8.8,1
CUST-00423,West,58,1,56,month-to-month,dsl,77.46,0,1,0,1,1,7.0,1
CUST-00424,South,74,5,42,one-year,dsl,98.14,0,1,4,1,1,8.5,0
CUST-00425,Midwest,56,5,31,month-to-month,dsl,68.0,1,1,1,0,2,7.6,0
CUST-00426,Midwest,52,5,15,one-year,fiber,81.02,0,1,0,0,1,7.7,1
CUST-00427,South,54,5,63,one-year,fiber,105.49,1,1,2,3,0,6.3,0
CUST-00428,West,22,2,58,one-year,fiber,83.24,0,1,1,2,1,6.9,0
CUST-00429,West,19,3,2,month-to-month,fiber,135.87,0,1,3,1,0,8.2,1
CUST-00430,West,53,4,52,one-year,dsl,93.9,1,1,3,0,1,7.3,0
CUST-00431,South,46,5,7,one-year,fiber,104.81,1,1,2,1,0,6.8,1
CUST-00432,South,77,1,54,month-to-month,dsl,107.06,1,1,2,1,0,6.5,0
CUST-00433,South,46,5,60,one-year,fiber,105.77,1,0,3,3,0,7.7,0
CUST-00434,Northeast,68,4,10,two-year,fiber,110.65,1,1,3,0,0,8.8,0
CUST-00435,West,57,3,32,one-year,dsl,40.31,1,0,0,1,1,9.0,0
CUST-00436,West,36,4,9,month-to-month,fiber,78.47,0,1,2,0,1,7.1,1
CUST-00437,West,69,2,41,month-to-month,fiber,115.0,0,0,3,0,1,6.5,1
CUST-00438,Northeast,23,2,67,month-to-month,fiber,101.63,0,1,1,1,1,8.5,0
CUST-00439,West,59,1,6,month-to-month,fiber,142.5,1,1,4,2,1,6.1,1
CUST-00440,West,45,2,29,month-to-month,dsl,102.3,0,1,2,5,1,5.5,1
CUST-00441,Northeast,61,2,71,two-year,fiber,74.75,1,1,1,0,1,7.0,0
CUST-00442,Northeast,23,3,22,month-to-month,fiber,123.53,1,0,1,3,0,6.6,1
CUST-00443,South,30,3,10,one-year,dsl,73.57,1,0,3,1,0,7.8,1
CUST-00444,South,35,2,36,month-to-month,fiber,131.08,1,0,3,2,0,5.7,0
CUST-00445,South,51,2,37,month-to-month,dsl,69.35,1,1,1,1,1,9.0,0
CUST-00446,Midwest,73,3,48,month-to-month,fiber,129.41,1,1,0,1,0,6.8,1
CUST-00447,Midwest,72,4,23,month-to-month,none,43.96,0,0,0,1,1,6.2,0
CUST-00448,South,57,5,69,one-year,fiber,104.15,1,1,2,0,0,7.9,0
CUST-00449,South,24,2,38,two-year,fiber,127.0,0,0,4,1,0,5.7,0
CUST-00450,Midwest,65,3,21,two-year,none,81.67,1,1,4,2,0,7.1,0
CUST-00451,Northeast,68,4,70,month-to-month,dsl,71.63,0,1,2,1,1,6.5,1
CUST-00452,Northeast,50,2,67,one-year,dsl,119.95,0,1,2,3,0,7.4,0
CUST-00453,West,21,4,36,month-to-month,none,65.76,0,0,2,3,1,6.2,1
CUST-00454,Northeast,28,3,2,two-year,fiber,82.06,1,1,1,1,2,6.3,0
CUST-00455,West,66,1,43,month-to-month,dsl,86.55,1,1,2,1,0,7.0,0
CUST-00456,Midwest,27,4,40,month-to-month,dsl,112.75,0,0,4,1,0,9.2,0
CUST-00457,Midwest,38,1,11,month-to-month,fiber,98.22,0,1,3,0,0,7.0,0
CUST-00458,West,63,3,46,month-to-month,fiber,112.45,0,1,1,1,0,8.0,0
CUST-00459,Northeast,27,2,61,month-to-month,fiber,93.4,1,1,0,2,0,6.4,0
CUST-00460,Midwest,43,1,8,two-year,none,81.32,1,1,3,0,0,7.5,0
CUST-00461,South,59,4,53,one-year,fiber,127.76,0,1,4,0,0,7.7,0
CUST-00462,South,47,4,11,two-year,fiber,75.37,1,1,0,1,0,9.2,0
CUST-00463,West,70,2,54,month-to-month,dsl,74.31,1,1,1,2,0,5.7,0
CUST-00464,West,28,1,31,one-year,dsl,101.32,1,1,4,0,0,9.0,0
CUST-00465,South,52,5,1,month-to-month,fiber,103.92,1,1,1,1,1,8.4,0
CUST-00466,South,39,3,70,month-to-month,dsl,61.35,1,1,0,2,1,6.3,0
CUST-00467,South,51,5,12,month-to-month,fiber,81.55,1,1,1,0,2,8.5,0
CUST-00468,South,25,3,43,month-to-month,dsl,47.32,0,1,1,3,0,7.0,0
CUST-00469,South,59,4,14,one-year,fiber,97.75,0,0,2,0,0,7.5,0
CUST-00470,Northeast,30,5,68,month-to-month,fiber,89.59,0,0,4,2,1,5.6,0
CUST-00471,Northeast,66,4,54,month-to-month,dsl,79.74,0,1,4,1,0,7.2,0
CUST-00472,West,71,5,58,one-year,fiber,106.22,0,1,2,1,3,7.0,0
CUST-00473,Midwest,38,1,32,month-to-month,dsl,119.61,1,0,0,1,0,7.2,1
CUST-00474,Northeast,61,4,34,two-year,fiber,110.93,1,1,1,1,0,8.4,1
CUST-00475,West,50,4,46,month-to-month,dsl,75.0,0,1,0,2,0,6.1,0
CUST-00476,Northeast,69,5,57,one-year,none,43.83,0,1,0,1,0,6.8,1
CUST-00477,Northeast,73,4,61,one-year,dsl,60.8,1,1,1,1,0,7.9,0
CUST-00478,Northeast,70,2,2,one-year,none,93.22,1,1,0,0,1,8.4,0
CUST-00479,Northeast,33,4,48,one-year,none,61.05,0,1,2,2,0,8.3,0
CUST-00480,Northeast,53,4,8,two-year,fiber,68.43,1,0,1,3,0,7.2,0
CUST-00481,West,23,5,21,one-year,fiber,111.03,0,1,3,2,2,7.2,1
CUST-00482,South,36,4,60,month-to-month,none,66.61,0,1,2,1,0,7.0,1
CUST-00483,Northeast,39,5,19,month-to-month,none,95.4,1,1,4,1,0,7.2,0
CUST-00484,Northeast,47,4,58,one-year,none,99.06,1,1,2,0,0,7.9,0
CUST-00485,Northeast,67,1,34,month-to-month,dsl,83.1,0,1,0,2,2,6.4,1
CUST-00486,South,19,4,17,month-to-month,fiber,125.5,1,0,4,2,0,7.1,0
CUST-00487,South,47,4,25,month-to-month,none,85.93,1,0,1,0,0,8.2,0
CUST-00488,South,67,1,39,month-to-month,none,117.01,0,0,3,1,0,7.1,0
CUST-00489,Northeast,31,1,56,month-to-month,dsl,123.98,1,1,3,0,1,7.8,0
CUST-00490,Northeast,66,2,44,one-year,dsl,92.67,0,1,4,2,1,8.3,0
CUST-00491,South,22,3,68,one-year,dsl,109.23,1,0,3,3,0,7.0,0
CUST-00492,Northeast,48,4,63,one-year,none,97.41,1,0,2,1,0,8.4,0
CUST-00493,West,77,5,55,month-to-month,fiber,103.96,0,1,1,0,2,7.8,0
CUST-00494,South,40,1,44,month-to-month,dsl,90.43,0,0,2,1,0,7.1,0
CUST-00495,Midwest,56,5,21,one-year,fiber,108.88,1,0,3,1,0,8.4,1
CUST-00496,Midwest,28,1,30,month-to-month,fiber,108.94,0,0,2,2,2,6.3,1
CUST-00497,Northeast,43,3,9,one-year,fiber,74.51,1,1,0,1,0,6.8,0
CUST-00498,Midwest,22,5,27,month-to-month,fiber,107.12,0,1,1,0,0,7.3,1
CUST-00499,Midwest,24,3,67,two-year,fiber,138.97,1,1,4,3,1,8.3,0
CUST-00500,Northeast,37,5,31,month-to-month,none,68.75,1,0,1,1,0,8.6,0
CUST-00501,Midwest,76,4,9,one-year,dsl,84.55,0,0,2,1,0,7.4,0
CUST-00502,Northeast,74,2,47,one-year,none,78.58,1,1,4,2,1,7.7,0
CUST-00503,South,21,5,70,month-to-month,fiber,108.76,1,1,1,3,0,6.6,0
CUST-00504,Northeast,22,1,63,one-year,fiber,109.2,1,1,3,1,0,9.5,0
CUST-00505,South,59,4,20,month-to-month,dsl,76.52,1,1,3,0,0,8.0,0
CUST-00506,West,74,2,33,one-year,dsl,122.82,1,1,1,1,0,8.1,0
CUST-00507,West,48,4,39,one-year,dsl,78.3,1,1,4,3,0,6.1,0
CUST-00508,West,49,1,18,month-to-month,dsl,72.54,1,1,2,0,0,8.0,1
CUST-00509,West,54,5,20,month-to-month,dsl,102.86,1,0,1,1,0,5.1,0
CUST-00510,Midwest,44,1,18,one-year,dsl,93.83,0,0,1,2,0,7.3,0
CUST-00511,West,62,4,72,month-to-month,none,60.26,1,1,1,0,0,9.0,0
CUST-00512,West,25,2,54,two-year,dsl,83.26,1,1,2,0,1,9.7,0
CUST-00513,South,21,5,61,one-year,dsl,83.55,1,1,1,1,0,8.3,0
CUST-00514,Northeast,22,5,59,one-year,fiber,109.9,0,0,1,1,1,7.1,1
CUST-00515,South,31,5,70,month-to-month,fiber,101.09,0,0,3,0,1,6.9,0
CUST-00516,Midwest,50,2,8,one-year,fiber,133.6,0,1,4,2,0,6.7,0
CUST-00517,Northeast,33,1,64,two-year,dsl,101.32,1,1,3,0,0,7.0,0
CUST-00518,Midwest,53,1,5,month-to-month,dsl,102.18,1,1,2,1,0,7.3,1
CUST-00519,South,19,2,35,month-to-month,fiber,117.61,0,1,3,2,0,5.6,0
CUST-00520,South,44,4,43,month-to-month,dsl,102.17,0,1,2,1,0,6.8,1
CUST-00521,South,26,2,26,month-to-month,fiber,91.73,1,1,1,0,1,7.7,0
CUST-00522,Midwest,35,1,11,one-year,fiber,120.87,1,1,3,1,0,8.2,0
CUST-00523,South,56,5,14,month-to-month,none,65.68,1,0,0,0,1,6.4,0
CUST-00524,South,18,5,60,one-year,fiber,122.2,0,1,4,4,0,5.7,1
CUST-00525,Midwest,64,3,23,month-to-month,fiber,110.9,0,1,2,2,0,7.4,1
CUST-00526,West,34,2,23,month-to-month,fiber,82.63,0,1,4,4,0,6.9,1
CUST-00527,South,69,3,67,month-to-month,fiber,81.79,0,1,0,2,1,6.4,0
CUST-00528,Northeast,60,2,11,two-year,dsl,97.18,1,0,2,2,0,9.3,0
CUST-00529,Midwest,72,1,66,one-year,none,79.79,0,1,2,1,2,7.8,0
CUST-00530,Northeast,54,2,67,month-to-month,dsl,97.33,0,1,1,0,0,7.9,1
CUST-00531,Midwest,42,1,44,one-year,dsl,93.03,0,0,2,0,0,9.3,0
CUST-00532,South,27,1,12,month-to-month,fiber,100.33,0,1,3,1,1,6.6,0
CUST-00533,Midwest,22,5,12,month-to-month,dsl,111.38,0,0,4,2,2,5.3,1
CUST-00534,Northeast,65,1,21,month-to-month,fiber,108.96,0,1,4,2,0,7.6,1
CUST-00535,South,56,5,42,two-year,fiber,122.68,0,1,1,1,2,7.6,0
CUST-00536,Northeast,26,5,12,one-year,dsl,122.91,1,0,4,1,2,8.3,0
CUST-00537,Midwest,23,3,33,one-year,fiber,106.53,1,1,2,3,1,7.5,0
CUST-00538,Northeast,65,5,9,month-to-month,fiber,96.95,1,1,2,1,1,9.1,0
CUST-00539,Midwest,21,3,39,month-to-month,fiber,78.32,0,1,0,1,0,6.0,0
CUST-00540,South,48,5,2,one-year,dsl,85.13,1,1,3,2,1,6.8,1
CUST-00541,Northeast,37,5,52,month-to-month,fiber,101.57,1,0,4,2,1,6.5,1
CUST-00542,Midwest,61,4,4,two-year,fiber,86.43,1,1,1,2,1,8.2,0
CUST-00543,West,21,3,15,one-year,dsl,89.0,0,1,4,0,0,8.5,0
CUST-00544,Midwest,22,1,13,month-to-month,fiber,68.93,1,0,0,4,0,7.0,0
CUST-00545,Midwest,26,2,60,one-year,none,80.81,1,1,4,0,1,8.5,0
CUST-00546,South,62,5,4,two-year,fiber,98.86,1,0,1,1,0,7.9,0
CUST-00547,South,60,5,31,month-to-month,dsl,81.72,1,0,2,1,0,8.2,1
CUST-00548,Northeast,61,4,43,one-year,none,49.48,1,1,0,1,0,8.1,0
CUST-00549,South,52,3,38,two-year,dsl,71.6,1,1,4,0,1,8.6,0
CUST-00550,Midwest,28,3,50,month-to-month,dsl,112.81,0,1,2,1,1,7.6,0
CUST-00551,Northeast,31,3,58,two-year,fiber,112.56,0,1,4,0,0,8.6,0
CUST-00552,South,26,4,29,month-to-month,dsl,90.47,1,0,1,2,1,7.6,0
CUST-00553,Midwest,25,2,60,one-year,none,65.7,0,1,0,1,0,7.7,0
CUST-00554,Northeast,62,3,23,one-year,dsl,96.34,0,0,3,1,2,7.3,1
CUST-00555,Midwest,45,4,71,one-year,none,68.08,0,0,0,2,0,6.2,0
CUST-00556,South,42,4,37,month-to-month,dsl,105.72,0,0,3,2,0,7.6,0
CUST-00557,West,26,1,53,one-year,dsl,81.76,0,0,0,1,1,8.9,0
CUST-00558,Northeast,56,5,64,month-to-month,fiber,103.52,1,1,0,1,0,5.9,0
CUST-00559,Northeast,67,3,58,month-to-month,dsl,107.72,0,1,3,0,0,8.4,0
CUST-00560,South,18,5,62,month-to-month,none,69.94,1,1,3,1,0,7.4,0
CUST-00561,West,73,3,39,one-year,dsl,78.54,0,1,0,0,0,8.0,0
CUST-00562,West,29,4,4,month-to-month,fiber,75.79,1,0,0,2,1,7.3,1
CUST-00563,Midwest,72,1,36,month-to-month,dsl,90.11,1,1,4,1,0,7.5,0
CUST-00564,Midwest,62,5,14,two-year,dsl,75.86,1,1,0,2,0,7.7,0
CUST-00565,Midwest,71,1,65,month-to-month,none,81.62,0,1,1,2,0,6.4,0
CUST-00566,West,29,3,18,month-to-month,fiber,127.4,0,1,4,3,0,7.6,1
CUST-00567,West,51,4,17,month-to-month,fiber,114.97,1,0,2,1,0,7.3,0
CUST-00568,Midwest,22,2,18,month-to-month,fiber,84.57,1,1,0,1,0,6.9,1
CUST-00569,South,44,5,47,one-year,fiber,113.57,0,1,4,2,0,7.4,0
CUST-00570,Northeast,28,4,42,month-to-month,none,59.41,1,0,1,2,0,6.2,0
CUST-00571,Northeast,22,5,69,month-to-month,fiber,126.04,1,1,3,1,0,7.8,0
CUST-00572,Midwest,67,3,30,two-year,dsl,92.13,0,1,3,1,2,8.6,0
CUST-00573,Northeast,63,4,21,one-year,fiber,53.23,1,1,1,2,0,7.3,0
CUST-00574,West,38,1,4,one-year,fiber,109.15,0,1,1,0,1,6.7,1
CUST-00575,South,42,1,1,two-year,none,64.56,0,1,2,1,1,7.0,0
CUST-00576,West,49,3,27,two-year,fiber,96.2,1,1,1,1,0,8.6,0
CUST-00577,West,54,2,67,month-to-month,fiber,74.51,1,1,0,1,0,7.6,1
CUST-00578,Midwest,52,3,38,one-year,fiber,102.04,1,1,3,0,1,8.8,0
CUST-00579,South,36,4,65,one-year,none,41.22,1,0,3,0,1,7.6,0
CUST-00580,Northeast,40,2,8,month-to-month,none,85.92,1,1,3,3,0,6.1,0
CUST-00581,West,77,5,7,month-to-month,fiber,102.67,1,1,3,0,0,8.7,1
CUST-00582,Midwest,23,4,61,month-to-month,dsl,72.49,1,1,2,0,0,9.5,0
CUST-00583,South,42,4,8,one-year,fiber,125.03,0,1,4,1,0,7.3,1
CUST-00584,Northeast,33,5,4,one-year,dsl,92.89,1,1,4,0,0,8.5,0
CUST-00585,West,32,1,30,one-year,fiber,119.04,1,1,4,1,0,8.9,0
CUST-00586,Northeast,27,1,67,month-to-month,dsl,65.16,1,0,0,2,2,6.6,0
CUST-00587,Midwest,23,5,50,month-to-month,none,77.88,0,0,0,1,1,7.6,0
CUST-00588,Northeast,72,4,8,month-to-month,fiber,105.89,0,1,2,1,1,6.4,0
CUST-00589,Midwest,70,3,61,month-to-month,fiber,125.28,1,1,3,1,0,7.6,0
CUST-00590,Northeast,62,1,61,two-year,fiber,124.46,1,1,1,2,0,6.8,0
CUST-00591,West,73,2,58,two-year,fiber,108.57,0,1,0,0,0,6.7,0
CUST-00592,South,67,3,65,two-year,fiber,108.64,1,1,0,0,0,7.7,0
CUST-00593,South,25,1,18,two-year,fiber,94.84,1,0,2,0,0,8.9,0
CUST-00594,West,66,5,71,two-year,none,89.06,1,1,4,2,2,7.3,0
CUST-00595,Northeast,66,2,24,month-to-month,fiber,93.41,0,1,2,0,0,8.5,0
CUST-00596,Midwest,18,5,58,month-to-month,dsl,104.21,1,0,3,2,0,7.5,0
CUST-00597,Midwest,70,3,42,month-to-month,fiber,92.18,0,0,0,2,1,6.3,1
CUST-00598,Midwest,62,2,57,month-to-month,dsl,79.13,0,1,1,5,2,3.0,1
CUST-00599,Midwest,77,1,46,month-to-month,fiber,140.63,1,1,3,2,1,5.7,1
CUST-00600,West,46,5,47,month-to-month,none,67.63,0,1,2,3,0,7.2,0
CUST-00601,South,62,4,45,two-year,fiber,84.37,0,1,0,3,1,5.5,0
CUST-00602,Northeast,64,5,57,month-to-month,fiber,91.3,0,1,1,0,0,7.8,1
CUST-00603,Midwest,57,2,54,two-year,dsl,114.23,0,0,3,0,0,8.3,0
CUST-00604,Midwest,75,1,10,one-year,dsl,100.38,1,1,3,0,1,7.0,0
CUST-00605,West,26,2,60,one-year,dsl,106.52,0,0,4,0,0,8.5,0
CUST-00606,Midwest,39,2,39,one-year,fiber,101.8,1,1,1,1,1,9.0,0
CUST-00607,Northeast,23,2,24,month-to-month,fiber,87.41,1,0,4,2,0,7.0,0
CUST-00608,South,54,4,38,one-year,dsl,89.9,0,1,4,1,0,7.4,0
CUST-00609,Midwest,19,5,70,month-to-month,dsl,84.34,1,1,1,2,0,6.0,1
CUST-00610,South,36,1,62,two-year,dsl,82.55,0,1,1,1,1,7.2,0
CUST-00611,West,62,3,61,month-to-month,fiber,97.4,0,1,4,1,0,7.8,0
CUST-00612,Midwest,71,4,34,month-to-month,fiber,88.21,0,1,1,1,1,7.0,0
CUST-00613,South,31,2,57,one-year,none,64.88,0,1,2,1,0,7.3,0
CUST-00614,West,33,3,28,one-year,dsl,127.06,0,0,4,0,0,9.1,0
CUST-00615,Midwest,19,4,50,month-to-month,fiber,60.16,0,0,1,1,0,7.1,0
CUST-00616,South,39,3,47,one-year,none,47.08,1,0,4,3,0,6.4,0
CUST-00617,South,60,1,18,month-to-month,dsl,99.63,1,0,0,2,1,6.9,0
CUST-00618,Midwest,71,3,20,one-year,fiber,66.79,1,0,1,2,1,8.3,0
CUST-00619,Northeast,43,2,5,month-to-month,fiber,86.07,1,1,1,2,0,6.9,0
CUST-00620,Midwest,24,1,11,month-to-month,dsl,57.12,1,1,2,5,1,4.3,1
CUST-00621,South,37,1,32,month-to-month,fiber,95.81,0,1,1,4,2,5.6,1
CUST-00622,West,47,2,35,month-to-month,dsl,99.9,1,0,4,3,0,6.2,0
CUST-00623,Midwest,54,5,12,month-to-month,dsl,119.23,0,1,3,3,1,6.4,1
CUST-00624,West,52,5,31,month-to-month,fiber,121.5,1,0,3,3,0,4.6,1
CUST-00625,Midwest,66,1,44,month-to-month,none,63.66,1,1,3,2,1,6.8,0
CUST-00626,Northeast,52,4,17,month-to-month,fiber,79.97,0,1,3,1,1,6.8,1
CUST-00627,Midwest,42,4,25,month-to-month,fiber,123.28,1,0,3,3,0,5.6,1
CUST-00628,Midwest,25,3,27,month-to-month,dsl,78.39,1,0,3,0,0,7.0,0
CUST-00629,Northeast,74,1,37,one-year,dsl,76.94,1,1,3,1,2,7.1,0
CUST-00630,West,20,4,27,two-year,fiber,142.56,0,1,4,0,1,7.0,1
CUST-00631,Northeast,37,1,54,month-to-month,dsl,48.99,1,1,0,2,0,4.3,0
CUST-00632,South,42,1,24,two-year,none,60.38,1,0,2,2,0,6.3,0
CUST-00633,Northeast,71,2,32,month-to-month,dsl,85.06,0,0,0,1,0,6.2,1
CUST-00634,West,45,1,28,month-to-month,dsl,48.35,1,1,0,3,0,6.5,0
CUST-00635,South,42,5,14,one-year,fiber,143.97,0,1,4,3,0,5.5,0
CUST-00636,Midwest,74,3,50,one-year,fiber,93.43,1,0,2,2,0,7.3,0
CUST-00637,West,39,5,17,two-year,dsl,104.43,0,0,3,0,0,7.3,0
CUST-00638,South,63,1,22,month-to-month,fiber,99.11,0,1,3,2,0,7.5,1
CUST-00639,South,19,1,58,one-year,dsl,26.81,0,1,0,1,0,8.0,0
CUST-00640,Midwest,53,1,69,month-to-month,fiber,94.99,1,0,2,3,0,6.2,0
CUST-00641,West,61,1,49,month-to-month,fiber,99.3,1,1,0,2,0,7.1,0
CUST-00642,South,30,4,66,month-to-month,fiber,83.41,0,1,1,0,0,8.4,0
CUST-00643,Northeast,63,1,62,two-year,fiber,71.42,0,1,0,1,1,7.5,0
CUST-00644,South,72,5,35,month-to-month,fiber,103.23,1,0,3,2,0,7.1,1
CUST-00645,Midwest,21,4,56,one-year,dsl,76.97,0,1,0,2,0,5.2,0
CUST-00646,West,29,2,24,one-year,dsl,80.04,0,0,2,0,2,7.2,0
CUST-00647,West,26,2,34,one-year,fiber,104.26,1,1,1,4,1,5.3,0
CUST-00648,Midwest,74,2,39,one-year,fiber,123.56,0,1,4,0,0,9.1,0
CUST-00649,South,35,3,70,two-year,dsl,90.8,1,1,3,1,1,7.3,0
CUST-00650,West,74,4,62,month-to-month,fiber,125.53,0,1,1,1,1,6.4,0
CUST-00651,Midwest,40,3,36,month-to-month,fiber,80.3,1,1,1,1,0,8.1,0
CUST-00652,Northeast,76,5,47,one-year,dsl,105.3,1,0,3,2,0,6.0,0
CUST-00653,Midwest,51,4,15,month-to-month,dsl,106.27,0,0,3,3,1,5.9,1
CUST-00654,West,34,2,58,month-to-month,none,67.76,1,0,2,1,0,5.8,0
CUST-00655,West,48,2,40,month-to-month,dsl,75.55,1,1,0,0,1,7.2,0
CUST-00656,Northeast,26,5,39,month-to-month,none,64.36,1,0,0,0,0,7.7,0
CUST-00657,Midwest,29,4,56,month-to-month,dsl,92.88,0,1,3,2,0,8.1,0
CUST-00658,West,55,5,46,month-to-month,fiber,75.31,1,1,2,0,0,8.0,0
CUST-00659,West,63,1,6,two-year,fiber,112.77,1,1,4,0,0,7.6,0
CUST-00660,West,43,1,21,month-to-month,fiber,111.65,0,1,0,1,0,7.2,1
CUST-00661,West,69,3,13,two-year,fiber,100.79,0,1,0,6,0,6.2,0
CUST-00662,West,41,2,53,two-year,dsl,99.55,0,1,3,2,0,5.3,0
CUST-00663,South,40,4,3,month-to-month,fiber,124.94,1,1,4,0,1,8.5,1
CUST-00664,Midwest,51,4,15,one-year,fiber,106.21,0,1,3,3,0,6.9,0
CUST-00665,Northeast,41,3,44,one-year,fiber,89.5,0,0,0,3,0,6.4,0
CUST-00666,Northeast,59,1,51,one-year,dsl,69.14,1,0,0,1,2,7.1,0
CUST-00667,South,72,2,37,month-to-month,dsl,110.7,0,1,4,1,1,8.3,0
CUST-00668,West,37,2,62,month-to-month,none,67.45,0,1,2,1,0,7.9,0
CUST-00669,Northeast,47,2,67,month-to-month,fiber,102.81,1,1,2,3,0,5.5,1
CUST-00670,South,38,5,10,one-year,fiber,130.51,0,1,4,2,0,7.1,0
CUST-00671,West,53,4,69,two-year,none,59.1,1,1,1,1,0,9.0,0
CUST-00672,Northeast,54,4,45,one-year,dsl,96.16,0,1,1,2,0,7.6,0
CUST-00673,Northeast,45,1,46,one-year,dsl,109.62,1,1,3,1,2,7.6,0
CUST-00674,Northeast,22,4,7,two-year,dsl,93.96,1,1,4,1,0,6.7,0
CUST-00675,Midwest,73,3,45,one-year,fiber,92.65,0,1,1,1,0,9.7,0
CUST-00676,Midwest,59,4,53,month-to-month,none,48.71,0,0,0,3,0,6.8,0
CUST-00677,West,61,3,42,two-year,dsl,56.03,1,0,0,3,0,8.4,0
CUST-00678,West,65,3,7,month-to-month,dsl,86.99,0,1,0,1,1,7.3,0
CUST-00679,Midwest,19,2,38,month-to-month,dsl,95.41,0,1,1,1,1,7.0,0
CUST-00680,West,70,4,68,month-to-month,fiber,90.49,1,1,2,2,0,6.4,0
CUST-00681,West,23,3,53,two-year,fiber,120.66,1,1,2,2,0,8.2,0
CUST-00682,Midwest,63,5,10,month-to-month,dsl,87.49,1,0,1,0,1,9.2,0
CUST-00683,Northeast,75,5,70,month-to-month,fiber,125.54,0,1,3,2,0,7.7,0
CUST-00684,Midwest,48,4,70,month-to-month,fiber,149.65,0,1,4,3,0,8.2,0
CUST-00685,South,60,3,13,month-to-month,fiber,105.39,1,1,1,0,1,8.0,0
CUST-00686,West,70,3,58,month-to-month,none,69.82,0,0,3,1,1,6.5,0
CUST-00687,Midwest,51,3,30,one-year,fiber,109.58,0,1,2,0,0,8.4,0
CUST-00688,Midwest,47,4,43,two-year,fiber,90.88,0,1,3,0,0,8.9,0
CUST-00689,Midwest,66,5,33,month-to-month,dsl,106.61,0,1,0,2,0,6.5,0
CUST-00690,South,65,4,57,month-to-month,dsl,80.62,1,1,3,1,1,7.3,0
CUST-00691,West,22,4,72,month-to-month,dsl,103.21,0,1,3,0,1,7.8,0
CUST-00692,West,21,3,58,month-to-month,dsl,95.87,1,0,3,1,1,7.7,0
CUST-00693,West,60,2,68,one-year,fiber,122.4,0,0,4,2,1,7.0,0
CUST-00694,West,60,2,69,one-year,none,84.27,0,1,3,3,1,6.5,0
CUST-00695,Northeast,66,5,7,one-year,none,105.86,0,0,4,0,0,8.8,0
CUST-00696,Midwest,23,3,19,month-to-month,fiber,123.02,1,1,3,0,1,8.5,0
CUST-00697,South,27,3,52,one-year,dsl,79.78,1,0,2,0,1,7.8,0
CUST-00698,Midwest,19,3,43,month-to-month,fiber,145.32,1,0,4,2,0,5.3,0
CUST-00699,South,34,2,4,month-to-month,fiber,102.35,0,1,3,0,1,6.7,1
CUST-00700,West,48,1,7,two-year,fiber,111.99,0,0,2,2,0,7.5,0
CUST-00701,West,39,2,38,one-year,fiber,87.01,1,1,2,3,1,5.9,1
CUST-00702,West,25,2,45,two-year,none,47.42,0,0,1,1,0,7.9,0
CUST-00703,Midwest,51,1,13,two-year,fiber,116.25,1,0,3,5,0,5.6,0
CUST-00704,Northeast,37,1,13,one-year,dsl,89.18,0,0,2,0,0,8.3,0
CUST-00705,Northeast,35,5,10,two-year,fiber,117.48,0,0,0,1,2,7.6,1
CUST-00706,West,64,1,41,month-to-month,fiber,95.48,1,1,2,2,0,8.1,1
CUST-00707,Northeast,37,1,1,month-to-month,fiber,134.15,0,1,4,0,0,7.8,0
CUST-00708,Midwest,51,3,42,month-to-month,fiber,92.33,1,1,1,1,0,6.6,0
CUST-00709,Midwest,22,5,35,month-to-month,dsl,112.87,1,0,3,0,0,8.4,0
CUST-00710,Midwest,62,4,34,month-to-month,none,84.67,1,0,2,1,1,7.9,1
CUST-00711,West,50,1,49,month-to-month,fiber,96.08,1,0,1,4,1,3.6,0
CUST-00712,South,65,4,38,one-year,none,66.81,0,1,1,3,3,5.1,0
CUST-00713,Midwest,36,3,53,one-year,dsl,96.02,1,0,4,0,0,8.5,0
CUST-00714,Northeast,46,4,56,one-year,dsl,62.66,0,0,0,0,0,7.8,0
CUST-00715,South,43,2,67,month-to-month,fiber,112.87,1,1,3,0,0,8.2,1
CUST-00716,South,77,3,58,one-year,fiber,75.77,0,1,4,0,0,7.6,0
CUST-00717,West,24,5,38,month-to-month,dsl,60.99,1,1,0,1,1,8.1,0
CUST-00718,South,30,4,36,month-to-month,dsl,108.89,1,0,3,0,0,8.1,0
CUST-00719,South,76,2,17,month-to-month,fiber,125.4,1,1,3,2,0,5.4,0
CUST-00720,South,23,4,44,month-to-month,dsl,60.6,1,0,1,1,1,8.0,0
CUST-00721,Midwest,34,5,11,month-to-month,fiber,95.85,1,1,0,3,0,7.2,1
CUST-00722,Midwest,37,4,68,one-year,dsl,84.05,1,1,4,1,0,7.9,0
CUST-00723,West,65,4,61,one-year,fiber,90.27,1,0,0,2,1,5.4,0
CUST-00724,South,63,4,9,one-year,none,95.44,0,1,4,0,1,8.8,0
CUST-00725,Midwest,70,3,57,month-to-month,fiber,84.0,1,1,3,2,1,5.8,0
CUST-00726,South,23,2,9,one-year,fiber,136.14,0,1,4,1,1,7.1,1
CUST-00727,Midwest,30,3,52,one-year,dsl,87.9,1,0,1,1,0,7.4,0
CUST-00728,Northeast,46,3,7,month-to-month,fiber,97.36,1,1,0,6,0,3.5,1
CUST-00729,Northeast,61,4,36,one-year,none,94.38,0,0,3,0,0,8.2,0
CUST-00730,West,52,4,48,month-to-month,dsl,94.71,1,1,1,1,0,7.7,0
CUST-00731,Midwest,49,1,53,month-to-month,fiber,114.22,1,0,2,1,1,7.4,0
CUST-00732,West,66,1,31,month-to-month,fiber,86.31,1,0,2,0,2,7.4,0
CUST-00733,Midwest,29,1,67,month-to-month,none,50.63,1,1,1,1,1,6.6,0
CUST-00734,South,68,2,56,month-to-month,dsl,94.49,1,1,3,1,0,8.9,0
CUST-00735,West,57,2,15,month-to-month,none,81.73,1,1,2,3,0,6.6,0
CUST-00736,Northeast,32,3,49,month-to-month,fiber,84.15,0,1,3,1,1,6.2,0
CUST-00737,Northeast,44,4,53,two-year,none,100.37,0,1,3,1,0,8.0,0
CUST-00738,Northeast,34,3,25,month-to-month,dsl,95.65,1,1,3,2,1,7.1,1
CUST-00739,Midwest,36,3,54,month-to-month,dsl,80.14,0,0,1,2,2,6.8,0
CUST-00740,Midwest,59,5,65,month-to-month,fiber,116.1,0,0,3,3,0,6.2,1
CUST-00741,Midwest,36,4,59,two-year,fiber,100.09,0,1,1,1,0,7.1,0
CUST-00742,West,69,4,55,one-year,none,95.46,0,0,4,0,0,7.0,0
CUST-00743,Northeast,23,4,46,two-year,none,92.11,1,1,4,4,1,5.5,0
CUST-00744,West,28,1,20,month-to-month,fiber,152.93,0,1,2,1,2,5.3,1
CUST-00745,South,72,4,58,month-to-month,none,58.7,0,0,0,1,0,7.6,0
CUST-00746,West,61,3,27,one-year,fiber,113.2,1,1,4,0,0,7.0,0
CUST-00747,Northeast,44,4,39,month-to-month,fiber,80.96,1,1,2,2,0,6.7,0
CUST-00748,West,32,4,23,one-year,fiber,90.77,0,1,4,2,0,7.8,0
CUST-00749,Midwest,33,1,23,two-year,fiber,72.46,1,1,0,2,0,7.1,0
CUST-00750,South,28,4,12,month-to-month,fiber,105.38,0,0,1,3,0,6.1,1
CUST-00751,West,71,5,70,two-year,fiber,95.68,1,0,1,0,1,8.6,0
CUST-00752,South,38,3,11,one-year,fiber,121.11,0,0,4,1,0,8.1,0
CUST-00753,South,74,4,7,month-to-month,dsl,77.49,0,1,2,3,1,6.9,1
CUST-00754,South,65,1,68,month-to-month,dsl,78.32,0,0,0,1,0,7.8,0
CUST-00755,South,39,4,40,month-to-month,dsl,112.01,1,1,3,1,0,7.9,0
CUST-00756,South,62,5,32,one-year,fiber,80.79,0,0,0,1,0,5.9,0
CUST-00757,Midwest,46,2,54,month-to-month,dsl,90.92,1,1,2,1,0,7.8,0
CUST-00758,Northeast,46,3,28,month-to-month,fiber,106.23,1,1,4,2,0,8.5,0
CUST-00759,Northeast,64,3,10,one-year,dsl,64.21,0,0,2,3,0,7.1,0
CUST-00760,Northeast,60,1,53,month-to-month,dsl,101.63,1,1,2,2,0,7.9,1
CUST-00761,South,31,1,13,month-to-month,fiber,94.4,0,1,0,2,0,6.1,1
CUST-00762,Northeast,42,1,40,one-year,fiber,108.15,0,1,2,2,1,6.8,1
CUST-00763,Midwest,74,1,69,month-to-month,dsl,107.98,0,1,4,2,0,7.3,0
CUST-00764,Northeast,30,4,68,month-to-month,none,84.92,0,1,4,0,2,7.7,0
CUST-00765,West,60,4,26,month-to-month,dsl,95.27,0,1,4,3,0,6.9,0
CUST-00766,West,68,4,57,month-to-month,none,59.67,1,1,1,0,0,7.1,0
CUST-00767,West,54,1,45,month-to-month,none,63.31,1,1,0,1,0,6.8,0
CUST-00768,Midwest,21,2,35,one-year,fiber,95.53,1,1,1,2,0,6.2,0
CUST-00769,Midwest,69,5,11,two-year,dsl,77.08,1,0,1,4,2,6.0,1
CUST-00770,South,72,3,28,month-to-month,fiber,77.66,1,1,0,2,2,6.3,0
CUST-00771,Northeast,56,1,47,two-year,fiber,100.01,0,0,3,0,1,7.8,0
CUST-00772,Northeast,65,5,72,one-year,fiber,87.6,1,1,2,2,0,6.7,0
CUST-00773,Northeast,20,3,1,one-year,none,83.93,1,0,3,0,1,7.4,0
CUST-00774,Midwest,61,3,52,one-year,dsl,78.63,0,1,0,1,1,7.4,1
CUST-00775,Northeast,66,3,61,one-year,fiber,103.16,1,0,3,0,1,9.2,0
CUST-00776,West,52,2,69,one-year,fiber,99.08,1,0,0,1,1,9.1,0
CUST-00777,Northeast,49,4,31,month-to-month,fiber,135.47,1,0,3,0,1,9.3,0
CUST-00778,South,66,2,9,month-to-month,dsl,94.15,1,1,4,0,0,7.7,0
CUST-00779,South,57,2,20,month-to-month,none,53.09,0,0,1,1,1,6.0,1
CUST-00780,West,19,1,62,month-to-month,fiber,103.32,1,0,1,2,0,7.8,1
CUST-00781,Midwest,29,1,64,one-year,fiber,100.03,0,0,2,1,0,8.8,0
CUST-00782,West,53,5,46,month-to-month,dsl,94.56,0,0,2,1,0,7.7,0
CUST-00783,West,54,2,9,month-to-month,fiber,114.06,1,1,2,2,1,6.7,0
CUST-00784,West,33,1,9,month-to-month,fiber,86.41,0,1,0,1,0,6.7,0
CUST-00785,Northeast,26,3,35,month-to-month,fiber,111.67,1,1,1,0,0,8.6,0
CUST-00786,Midwest,56,1,43,one-year,fiber,109.84,1,1,2,1,0,8.4,0
CUST-00787,Midwest,36,3,3,one-year,fiber,161.12,1,1,3,0,0,8.7,0
CUST-00788,South,58,1,50,month-to-month,none,76.98,1,1,3,0,1,6.9,0
CUST-00789,Northeast,57,2,40,month-to-month,fiber,121.94,1,0,3,3,0,5.6,0
CUST-00790,Northeast,30,1,1,month-to-month,fiber,98.69,1,1,2,1,0,7.5,0
CUST-00791,South,64,5,7,month-to-month,dsl,96.44,1,1,2,0,0,9.0,0
CUST-00792,Midwest,27,3,33,one-year,none,72.42,1,1,1,1,1,8.5,0
CUST-00793,Northeast,41,1,53,one-year,fiber,109.52,1,1,1,1,0,7.5,0
CUST-00794,West,53,5,60,month-to-month,fiber,92.71,0,0,1,2,0,5.1,0
CUST-00795,South,71,5,32,month-to-month,dsl,95.07,0,1,2,0,0,9.1,0
CUST-00796,Midwest,74,1,22,two-year,fiber,81.26,0,1,0,1,1,8.5,0
CUST-00797,Northeast,59,1,70,one-year,dsl,70.73,1,0,1,1,0,8.0,0
CUST-00798,Northeast,57,1,34,month-to-month,fiber,60.53,0,0,0,0,0,7.5,0
CUST-00799,Midwest,48,2,23,month-to-month,fiber,103.89,1,1,2,1,0,7.3,0
CUST-00800,Northeast,47,3,32,month-to-month,fiber,99.65,1,0,2,1,1,8.1,1
CUST-00801,Midwest,51,4,1,two-year,dsl,105.62,1,1,0,2,1,7.6,0
CUST-00802,South,74,5,22,month-to-month,fiber,84.14,1,0,0,2,0,6.6,0
CUST-00803,Northeast,57,5,38,month-to-month,fiber,119.31,1,0,2,3,0,8.4,0
CUST-00804,West,67,5,67,two-year,fiber,110.65,1,1,1,0,0,7.1,0
CUST-00805,South,51,1,54,one-year,dsl,100.8,1,1,4,1,0,7.4,0
CUST-00806,Northeast,61,5,57,month-to-month,fiber,72.62,0,1,0,2,1,6.0,0
CUST-00807,Northeast,69,4,40,month-to-month,dsl,80.16,1,1,2,1,0,7.6,0
CUST-00808,South,44,1,8,month-to-month,dsl,126.57,0,0,4,3,0,7.2,0
CUST-00809,South,56,5,29,one-year,fiber,128.41,0,1,0,1,0,8.4,0
CUST-00810,Midwest,47,4,72,month-to-month,none,59.56,0,0,2,2,0,6.9,0
CUST-00811,South,48,4,4,two-year,none,70.85,1,0,2,1,0,6.7,1
CUST-00812,Northeast,33,4,64,two-year,fiber,96.04,1,0,2,2,0,8.2,0
CUST-00813,South,68,4,50,month-to-month,fiber,112.21,0,1,4,0,1,6.6,0
CUST-00814,Northeast,67,1,21,one-year,fiber,127.39,1,0,2,0,1,7.8,0
CUST-00815,Midwest,73,3,57,month-to-month,fiber,85.01,0,0,1,0,2,7.3,0
CUST-00816,Northeast,35,4,61,month-to-month,dsl,49.73,0,1,1,5,0,4.4,0
CUST-00817,West,77,5,4,one-year,none,75.68,0,0,3,2,1,6.1,0
CUST-00818,Midwest,60,4,8,month-to-month,dsl,88.18,0,1,1,1,0,8.1,0
CUST-00819,South,38,2,48,month-to-month,fiber,105.49,1,1,3,1,1,8.6,0
CUST-00820,South,70,4,72,month-to-month,fiber,88.04,0,0,1,2,0,6.7,0
CUST-00821,Northeast,51,2,2,month-to-month,fiber,96.25,0,1,0,3,2,4.1,1
CUST-00822,Northeast,51,2,48,month-to-month,dsl,70.31,0,1,2,1,0,7.6,0
CUST-00823,Midwest,63,4,10,one-year,fiber,110.75,1,1,1,0,0,7.8,0
CUST-00824,Midwest,27,2,47,one-year,none,69.68,1,1,1,0,3,8.0,0
CUST-00825,Northeast,45,2,45,one-year,dsl,102.1,1,1,1,2,0,7.6,0
CUST-00826,Midwest,19,3,7,two-year,fiber,95.57,1,1,0,2,0,5.7,0
CUST-00827,West,43,1,50,month-to-month,dsl,79.82,1,1,1,2,0,6.6,0
CUST-00828,Midwest,58,1,65,two-year,dsl,90.89,0,1,4,0,0,8.8,0
CUST-00829,West,77,3,63,month-to-month,dsl,56.59,0,0,1,0,0,7.8,0
CUST-00830,Midwest,31,1,3,month-to-month,fiber,112.07,1,0,3,4,1,4.7,0
CUST-00831,West,70,4,18,two-year,fiber,92.66,0,0,2,2,1,7.4,0
CUST-00832,Midwest,20,4,18,month-to-month,dsl,82.52,1,1,0,1,1,5.8,1
CUST-00833,West,18,5,33,month-to-month,fiber,113.0,1,0,4,0,0,8.3,0
CUST-00834,West,38,1,11,month-to-month,dsl,122.8,0,1,4,0,0,7.4,0
CUST-00835,South,35,4,62,month-to-month,fiber,92.25,1,0,1,2,1,7.1,0
CUST-00836,Northeast,52,1,56,month-to-month,dsl,60.48,0,1,0,5,1,4.6,0
CUST-00837,South,29,4,59,month-to-month,dsl,89.0,0,0,4,2,0,7.2,0
CUST-00838,Northeast,51,1,15,two-year,fiber,82.01,1,1,0,0,1,9.4,0
CUST-00839,West,77,4,2,month-to-month,fiber,100.67,1,1,4,3,0,7.1,1
CUST-00840,Midwest,28,1,66,month-to-month,dsl,54.63,0,1,0,1,0,7.9,0
CUST-00841,West,43,1,21,month-to-month,fiber,109.08,0,1,4,0,0,8.4,0
CUST-00842,South,54,2,48,one-year,dsl,120.53,0,1,4,2,2,5.1,0
CUST-00843,Midwest,43,2,66,month-to-month,dsl,90.92,0,0,1,4,1,5.5,0
CUST-00844,Northeast,42,4,3,month-to-month,fiber,80.27,0,1,1,0,1,7.8,0
CUST-00845,South,20,1,1,month-to-month,dsl,69.34,0,1,0,0,0,8.3,1
CUST-00846,Northeast,46,4,1,one-year,fiber,114.41,1,0,3,2,0,7.3,1
CUST-00847,South,73,3,12,one-year,dsl,84.75,1,1,1,2,0,8.0,0
CUST-00848,West,70,1,4,one-year,fiber,132.39,1,1,3,0,0,7.6,0
CUST-00849,Midwest,65,5,60,one-year,fiber,84.52,1,0,3,0,3,9.5,0
CUST-00850,West,22,3,44,month-to-month,fiber,78.49,1,0,2,2,1,7.3,0
CUST-00851,West,25,5,71,month-to-month,none,57.45,1,1,1,1,0,6.7,0
CUST-00852,Northeast,49,1,58,month-to-month,none,66.82,1,1,1,1,1,8.5,0
CUST-00853,South,35,3,70,month-to-month,dsl,55.84,1,1,2,1,1,6.3,0
CUST-00854,South,28,1,18,month-to-month,fiber,84.78,1,1,0,1,0,7.6,0
CUST-00855,Northeast,29,3,21,month-to-month,dsl,64.81,1,0,2,1,0,7.7,0
CUST-00856,Northeast,28,4,62,month-to-month,dsl,96.51,1,0,3,4,1,5.3,0
CUST-00857,Northeast,23,5,18,one-year,dsl,113.74,0,0,2,1,0,7.5,0
CUST-00858,Northeast,54,5,5,month-to-month,fiber,108.41,0,0,1,2,0,6.8,0
CUST-00859,Midwest,42,2,49,one-year,none,75.31,0,0,4,1,1,6.4,0
CUST-00860,South,58,2,58,one-year,fiber,101.1,0,0,2,0,1,8.2,0
CUST-00861,Midwest,30,4,70,month-to-month,fiber,101.99,0,1,3,4,1,5.4,0
CUST-00862,South,54,4,67,month-to-month,none,78.14,0,1,0,0,2,9.1,0
CUST-00863,Northeast,29,2,9,one-year,fiber,87.89,0,0,4,3,1,7.6,0
CUST-00864,Midwest,73,2,56,one-year,fiber,101.39,1,1,3,1,1,7.0,0
CUST-00865,Northeast,28,1,61,month-to-month,dsl,96.61,0,0,4,0,0,7.7,0
CUST-00866,West,65,4,51,month-to-month,none,70.3,0,1,3,0,0,7.2,0
CUST-00867,South,59,1,60,one-year,fiber,122.01,0,1,2,2,1,6.6,0
CUST-00868,Northeast,29,3,61,one-year,dsl,65.89,0,1,2,0,0,9.0,0
CUST-00869,Northeast,23,2,33,month-to-month,fiber,87.61,1,0,3,3,0,6.4,0
CUST-00870,South,56,3,3,month-to-month,fiber,132.07,1,0,2,2,1,6.3,1
CUST-00871,South,20,5,33,two-year,fiber,103.86,0,1,3,0,1,8.5,0
CUST-00872,Midwest,55,5,15,month-to-month,dsl,79.98,1,0,1,3,1,4.5,1
CUST-00873,South,58,5,9,two-year,fiber,105.31,0,1,3,2,1,6.5,0
CUST-00874,South,56,4,9,month-to-month,fiber,97.3,1,1,1,1,0,8.8,0
CUST-00875,West,76,3,51,month-to-month,dsl,85.87,1,0,2,0,0,9.4,0
CUST-00876,Northeast,43,5,37,month-to-month,dsl,64.45,1,1,0,0,0,9.3,0
CUST-00877,Midwest,48,3,39,month-to-month,dsl,88.81,0,1,4,0,0,6.7,0
CUST-00878,Northeast,74,2,54,two-year,dsl,90.1,1,1,3,2,0,6.2,0
CUST-00879,South,69,5,40,month-to-month,fiber,86.12,1,1,1,1,2,6.6,0
CUST-00880,Midwest,45,5,46,two-year,fiber,73.36,1,1,0,2,1,7.1,0
CUST-00881,Northeast,43,3,7,month-to-month,fiber,126.41,0,0,4,2,1,5.8,1
CUST-00882,Northeast,65,5,62,two-year,dsl,60.48,1,0,0,2,0,5.8,0
CUST-00883,West,51,3,33,two-year,fiber,95.42,0,0,2,6,0,5.7,0
CUST-00884,Northeast,46,3,12,one-year,fiber,107.33,0,1,0,2,0,7.8,0
CUST-00885,Northeast,66,3,59,month-to-month,fiber,114.39,1,1,3,1,0,7.0,0
CUST-00886,Midwest,65,3,53,one-year,fiber,90.17,1,0,1,2,0,8.0,0
CUST-00887,South,42,5,4,month-to-month,none,61.93,0,1,2,1,0,8.1,0
CUST-00888,South,41,5,14,two-year,dsl,91.02,1,0,2,0,1,6.1,0
CUST-00889,West,58,4,2,month-to-month,fiber,113.54,1,1,1,2,0,7.6,0
CUST-00890,West,18,3,20,month-to-month,dsl,80.51,1,1,3,1,0,7.5,0
CUST-00891,Northeast,64,1,8,month-to-month,dsl,83.64,1,0,2,1,0,5.3,1
CUST-00892,South,47,2,52,one-year,fiber,95.73,1,0,2,3,2,7.2,0
CUST-00893,West,70,1,38,two-year,fiber,91.93,1,0,1,2,0,7.4,1
CUST-00894,Northeast,50,1,71,month-to-month,dsl,75.74,0,1,2,2,0,5.3,0
CUST-00895,South,41,4,54,one-year,fiber,98.72,0,1,1,0,0,8.6,1
CUST-00896,Northeast,24,2,45,two-year,dsl,93.09,1,1,2,0,0,8.6,0
CUST-00897,Northeast,18,1,37,month-to-month,dsl,115.5,0,1,3,4,1,5.9,0
CUST-00898,West,57,2,4,month-to-month,dsl,90.44,0,1,2,3,0,4.5,0
CUST-00899,Midwest,29,1,6,one-year,none,52.27,1,1,0,2,2,6.6,0
CUST-00900,Northeast,69,1,45,one-year,dsl,122.69,0,1,4,2,0,6.2,0
CUST-00901,South,47,3,1,month-to-month,fiber,110.6,0,1,3,2,0,6.6,0
CUST-00902,South,70,4,4,two-year,fiber,121.24,1,1,4,3,0,5.3,0
CUST-00903,West,45,4,16,month-to-month,dsl,76.01,0,0,0,1,0,6.3,0
CUST-00904,South,40,2,64,two-year,dsl,103.81,1,0,4,1,0,9.3,0
CUST-00905,Northeast,26,4,34,two-year,none,48.21,0,0,2,1,1,8.4,0
CUST-00906,West,42,1,52,one-year,dsl,98.82,1,1,4,1,0,8.8,0
CUST-00907,Northeast,67,1,30,month-to-month,fiber,110.03,0,1,3,0,0,9.2,1
CUST-00908,West,69,2,13,month-to-month,dsl,101.38,1,1,4,2,1,5.1,1
CUST-00909,South,46,4,27,month-to-month,none,83.01,0,0,0,1,0,7.2,0
CUST-00910,Midwest,77,1,7,month-to-month,dsl,98.36,0,1,2,2,1,6.7,0
CUST-00911,Midwest,20,1,56,one-year,dsl,100.0,1,1,3,2,1,6.8,0
CUST-00912,Northeast,21,3,14,month-to-month,fiber,78.11,0,1,2,0,1,5.9,1
CUST-00913,Midwest,21,3,28,month-to-month,dsl,89.8,1,1,4,0,0,8.9,0
CUST-00914,Northeast,21,3,71,month-to-month,fiber,87.16,0,0,3,2,0,7.3,0
CUST-00915,Midwest,18,3,43,month-to-month,fiber,111.49,0,0,0,1,1,6.5,0
CUST-00916,Northeast,21,5,34,month-to-month,dsl,65.63,0,1,0,0,1,8.4,0
CUST-00917,Northeast,65,1,40,one-year,none,78.8,1,0,3,3,1,6.7,1
CUST-00918,Northeast,45,4,57,one-year,dsl,79.11,0,1,1,1,0,8.2,0
CUST-00919,Midwest,64,4,19,month-to-month,fiber,120.39,0,1,1,1,1,6.2,1
CUST-00920,West,65,4,46,two-year,fiber,110.39,1,0,4,0,2,8.2,0
CUST-00921,Northeast,59,1,63,two-year,fiber,93.05,0,1,0,3,1,6.5,0
CUST-00922,Midwest,23,2,42,month-to-month,dsl,71.71,1,0,2,2,1,6.5,0
CUST-00923,Midwest,25,5,33,one-year,dsl,86.04,1,1,1,0,0,6.0,0
CUST-00924,Northeast,59,4,11,month-to-month,none,54.63,1,1,0,2,0,7.2,0
CUST-00925,Midwest,75,5,18,month-to-month,fiber,117.17,1,1,1,1,1,7.5,0
CUST-00926,West,28,4,69,month-to-month,dsl,106.95,0,0,2,1,0,6.4,0
CUST-00927,West,56,1,39,month-to-month,dsl,89.01,1,1,2,3,1,6.7,0
CUST-00928,Northeast,19,5,22,two-year,fiber,80.2,1,1,0,0,0,8.7,0
CUST-00929,Northeast,29,5,31,two-year,none,84.36,0,1,3,0,2,8.1,0
CUST-00930,Midwest,53,4,42,one-year,dsl,68.01,1,1,1,0,0,8.1,0
CUST-00931,West,57,1,39,one-year,fiber,129.0,1,1,2,2,1,5.6,1
CUST-00932,Northeast,53,5,51,one-year,fiber,126.53,1,1,2,3,0,5.3,0
CUST-00933,South,45,5,19,two-year,none,82.9,0,1,2,4,0,6.6,0
CUST-00934,South,34,5,47,month-to-month,dsl,68.64,1,1,2,2,1,5.8,1
CUST-00935,Midwest,65,2,32,month-to-month,dsl,71.63,1,1,1,3,0,5.7,1
CUST-00936,Northeast,37,5,68,one-year,dsl,82.21,1,1,2,2,0,8.1,0
CUST-00937,South,60,1,12,month-to-month,fiber,92.56,0,0,2,0,1,5.7,0
CUST-00938,Northeast,39,3,11,month-to-month,dsl,64.06,0,1,0,0,1,6.2,0
CUST-00939,Northeast,49,4,34,month-to-month,none,93.05,0,0,3,1,0,8.0,0
CUST-00940,West,73,2,37,one-year,fiber,111.98,0,0,2,0,0,8.3,0
CUST-00941,Midwest,41,5,50,month-to-month,dsl,90.09,1,1,1,2,2,4.7,1
CUST-00942,West,69,3,30,month-to-month,fiber,90.01,0,0,0,2,0,6.4,0
CUST-00943,West,21,1,66,month-to-month,fiber,86.81,0,0,1,1,0,7.5,0
CUST-00944,South,49,5,35,month-to-month,fiber,83.51,1,1,2,0,0,7.1,0
CUST-00945,Northeast,48,1,10,two-year,dsl,105.41,0,1,4,1,1,6.1,0
CUST-00946,West,75,5,9,month-to-month,fiber,106.57,0,0,3,0,1,6.1,0
CUST-00947,West,33,5,71,one-year,fiber,103.18,1,1,2,2,0,8.1,0
CUST-00948,Northeast,52,5,10,one-year,dsl,65.6,0,0,0,3,0,7.5,0
CUST-00949,West,53,2,69,month-to-month,fiber,97.46,1,1,1,3,0,7.1,0
CUST-00950,South,24,3,21,one-year,dsl,108.12,0,0,4,1,1,8.5,0
CUST-00951,West,77,4,7,one-year,none,66.96,0,0,0,2,1,8.0,0
CUST-00952,Northeast,47,5,22,one-year,fiber,140.38,1,1,3,0,0,7.1,0
CUST-00953,Midwest,44,2,45,month-to-month,fiber,87.9,0,1,2,2,0,7.7,0
CUST-00954,Northeast,71,3,31,month-to-month,none,89.04,1,1,1,1,0,7.7,0
CUST-00955,West,22,2,57,two-year,fiber,114.34,0,1,4,2,0,8.8,0
CUST-00956,South,57,4,44,one-year,fiber,93.58,1,1,1,2,0,10.0,0
CUST-00957,South,19,4,29,two-year,none,86.87,0,1,3,0,2,7.5,0
CUST-00958,Midwest,75,3,46,two-year,none,74.12,1,0,0,2,1,6.8,0
CUST-00959,Northeast,66,5,70,month-to-month,dsl,118.44,1,1,4,0,2,7.3,0
CUST-00960,Midwest,49,2,30,one-year,dsl,86.34,1,1,0,1,1,7.7,0
CUST-00961,Northeast,41,4,12,month-to-month,none,61.26,0,0,1,2,0,7.0,1
CUST-00962,South,72,3,30,one-year,dsl,123.01,1,1,4,3,0,9.2,0
CUST-00963,South,32,1,61,month-to-month,dsl,98.3,1,0,3,0,1,8.0,0
CUST-00964,South,63,2,16,month-to-month,dsl,46.66,0,1,3,2,0,6.4,0
CUST-00965,Midwest,42,5,69,one-year,dsl,77.8,1,1,1,1,0,7.9,0
CUST-00966,Midwest,67,3,43,one-year,fiber,105.21,0,1,3,0,0,7.5,0
CUST-00967,Northeast,62,4,44,one-year,fiber,108.81,0,0,4,0,0,6.7,0
CUST-00968,West,77,4,23,month-to-month,fiber,122.4,1,0,3,0,0,8.0,0
CUST-00969,Midwest,54,3,67,month-to-month,dsl,94.84,0,1,1,0,3,9.2,0
CUST-00970,Northeast,36,2,3,two-year,fiber,113.5,0,1,4,0,0,9.0,0
CUST-00971,Northeast,71,4,22,month-to-month,fiber,106.64,1,1,0,0,0,7.7,0
CUST-00972,South,55,4,31,month-to-month,dsl,80.63,1,1,4,2,0,7.3,0
CUST-00973,West,60,2,35,one-year,fiber,62.76,0,1,0,2,0,9.4,0
CUST-00974,West,33,1,35,month-to-month,fiber,74.08,0,1,0,1,0,7.5,0
CUST-00975,Northeast,49,2,11,one-year,fiber,97.33,1,1,0,1,1,6.8,0
CUST-00976,Midwest,69,1,17,month-to-month,fiber,95.78,1,0,0,1,0,7.6,0
CUST-00977,South,40,4,7,one-year,dsl,76.97,1,1,3,1,0,8.5,0
CUST-00978,West,53,2,42,two-year,fiber,84.22,1,1,1,0,0,8.8,0
CUST-00979,Midwest,30,2,26,two-year,fiber,94.12,1,1,0,1,0,9.2,0
CUST-00980,South,28,2,41,one-year,dsl,66.36,1,0,1,3,1,6.6,0
CUST-00981,South,64,5,43,month-to-month,fiber,125.04,0,1,4,1,0,5.2,0
CUST-00982,West,43,5,51,one-year,fiber,120.47,0,1,2,2,0,7.5,1
CUST-00983,South,30,5,40,two-year,dsl,91.37,0,1,3,3,0,6.9,0
CUST-00984,West,28,4,47,one-year,dsl,84.99,0,1,1,1,2,7.5,0
CUST-00985,Northeast,25,1,43,one-year,dsl,82.6,0,1,2,1,1,6.6,0
CUST-00986,South,45,4,47,one-year,dsl,113.37,1,0,3,0,1,10.0,0
CUST-00987,Midwest,36,3,45,one-year,none,109.09,0,1,3,0,2,6.7,0
CUST-00988,Northeast,22,4,23,one-year,fiber,81.1,0,0,0,1,0,6.8,1
CUST-00989,Northeast,46,4,18,month-to-month,dsl,92.75,1,1,3,1,0,7.3,0
CUST-00990,Midwest,75,4,57,month-to-month,dsl,108.65,1,0,3,1,0,8.7,0
CUST-00991,Midwest,76,4,25,one-year,fiber,95.03,0,0,0,1,0,8.9,0
CUST-00992,Northeast,53,5,40,month-to-month,none,61.0,1,1,1,0,0,8.7,0
CUST-00993,West,52,5,15,two-year,fiber,84.26,1,0,3,0,0,9.3,0
CUST-00994,Northeast,77,3,32,one-year,none,56.47,0,1,0,1,0,6.5,0
CUST-00995,Northeast,63,1,39,month-to-month,dsl,92.71,1,0,3,0,1,6.3,0
CUST-00996,South,28,1,46,one-year,dsl,96.25,1,1,4,2,0,7.0,0
CUST-00997,Northeast,49,1,38,one-year,fiber,85.72,0,0,2,0,0,9.0,0
CUST-00998,South,41,5,26,one-year,none,70.32,1,1,2,1,1,8.5,0
CUST-00999,Northeast,26,3,70,month-to-month,dsl,102.14,0,1,0,2,0,6.0,0
CUST-01000,West,73,3,37,two-year,fiber,101.35,1,1,3,1,0,7.0,0
CUST-01001,Midwest,53,2,59,month-to-month,fiber,108.03,1,1,4,0,0,9.2,0
CUST-01002,Northeast,59,5,54,one-year,dsl,90.11,0,1,4,1,1,7.6,0
CUST-01003,West,65,2,41,month-to-month,fiber,134.46,1,1,2,2,0,5.1,1
CUST-01004,South,22,5,64,one-year,dsl,50.67,0,0,0,2,0,6.1,0
CUST-01005,Midwest,36,4,10,one-year,dsl,63.91,0,1,1,2,0,7.5,1
CUST-01006,Midwest,70,2,67,one-year,fiber,99.25,1,1,1,0,0,7.4,0
CUST-01007,South,30,4,62,month-to-month,dsl,73.47,0,1,0,2,0,5.9,0
CUST-01008,Midwest,29,5,37,one-year,fiber,108.5,1,0,0,0,1,7.3,0
CUST-01009,Northeast,54,1,53,one-year,none,82.2,0,1,2,0,0,9.0,0
CUST-01010,South,33,1,38,month-to-month,dsl,61.4,1,1,0,1,0,7.5,0
CUST-01011,Midwest,67,1,20,two-year,fiber,94.91,0,1,0,3,1,7.8,0
CUST-01012,Northeast,61,4,58,one-year,dsl,99.68,0,1,4,3,2,5.7,0
CUST-01013,South,64,3,18,two-year,fiber,107.06,1,1,3,5,0,5.5,0
CUST-01014,South,60,4,23,two-year,none,103.45,1,0,4,0,2,8.3,0
CUST-01015,Northeast,26,3,38,two-year,fiber,102.48,0,1,1,2,0,6.5,0
CUST-01016,West,57,5,61,one-year,dsl,104.0,1,1,1,1,0,6.5,0
CUST-01017,West,28,3,28,one-year,none,93.24,0,1,3,3,0,6.2,0
CUST-01018,South,18,3,36,month-to-month,fiber,116.65,0,1,3,2,2,5.6,0
CUST-01019,West,76,3,3,month-to-month,dsl,26.7,0,1,1,0,1,7.5,0
CUST-01020,South,32,2,9,one-year,fiber,125.06,1,0,4,2,1,6.6,1
CUST-01021,Northeast,59,5,5,month-to-month,dsl,98.1,1,1,3,7,1,4.4,1
CUST-01022,West,38,1,6,two-year,fiber,95.81,1,0,1,0,1,7.9,0
CUST-01023,Northeast,60,1,63,month-to-month,none,83.86,1,1,0,0,0,6.6,0
CUST-01024,Northeast,42,3,61,month-to-month,fiber,96.17,0,0,0,2,1,5.9,1
CUST-01025,South,44,4,60,month-to-month,fiber,101.15,0,1,4,2,0,5.7,0
CUST-01026,West,22,3,5,month-to-month,dsl,112.04,0,1,4,0,0,9.6,0
CUST-01027,South,45,4,6,month-to-month,dsl,97.98,1,0,2,1,2,7.1,1
CUST-01028,Midwest,58,2,21,month-to-month,dsl,90.0,0,0,3,3,1,6.6,1
CUST-01029,West,60,2,41,two-year,dsl,89.29,1,1,4,4,1,5.9,0
CUST-01030,South,71,4,25,month-to-month,fiber,89.58,1,0,0,0,0,9.8,0
CUST-01031,Northeast,53,2,36,month-to-month,dsl,102.32,1,1,4,3,0,5.3,1
CUST-01032,West,77,3,13,month-to-month,fiber,118.67,0,1,2,1,0,6.6,1
CUST-01033,West,55,4,53,month-to-month,fiber,96.88,0,0,2,2,1,7.5,1
CUST-01034,Northeast,65,1,23,month-to-month,none,31.88,1,1,0,4,2,4.9,1
CUST-01035,Midwest,26,2,5,one-year,dsl,86.96,1,0,3,3,3,5.4,0
CUST-01036,West,30,1,54,one-year,fiber,104.06,1,0,3,1,0,7.4,0
CUST-01037,Midwest,53,2,66,month-to-month,fiber,102.67,1,0,0,0,1,9.6,0
CUST-01038,Northeast,48,5,2,one-year,none,90.24,1,1,3,2,0,9.2,0
CUST-01039,West,47,1,32,month-to-month,fiber,76.47,0,1,0,2,0,7.1,0
CUST-01040,South,72,4,60,month-to-month,fiber,97.22,1,0,1,2,0,7.2,0
CUST-01041,Northeast,46,1,51,two-year,fiber,119.5,0,1,3,2,2,7.3,0
CUST-01042,Northeast,21,3,62,month-to-month,fiber,119.82,1,1,3,1,0,7.9,0
CUST-01043,South,49,1,30,two-year,fiber,101.05,0,1,0,0,1,8.1,0
CUST-01044,South,31,3,27,month-to-month,none,54.63,0,1,2,2,1,6.1,0
CUST-01045,Midwest,20,5,52,month-to-month,fiber,98.22,0,1,1,0,0,7.3,1
CUST-01046,Northeast,33,1,12,month-to-month,fiber,86.46,1,1,3,4,0,6.3,0
CUST-01047,Northeast,18,2,18,month-to-month,dsl,126.79,1,0,4,1,0,7.7,0
CUST-01048,South,54,2,44,two-year,dsl,83.32,0,1,3,0,0,9.5,0
CUST-01049,Northeast,45,4,49,month-to-month,dsl,99.58,0,0,3,0,0,7.6,0
CUST-01050,Northeast,75,5,9,two-year,dsl,82.91,0,1,2,1,2,6.3,0
CUST-01051,Midwest,21,2,37,two-year,dsl,104.21,0,1,2,1,0,6.3,1
CUST-01052,South,46,1,27,one-year,dsl,91.42,1,0,1,1,0,7.2,0
CUST-01053,Northeast,72,5,37,month-to-month,dsl,91.99,0,0,4,0,0,6.6,0
CUST-01054,Northeast,51,1,70,month-to-month,dsl,86.89,1,1,1,2,1,7.8,1
CUST-01055,West,39,5,6,month-to-month,dsl,105.96,1,1,4,1,1,6.9,1
CUST-01056,Midwest,56,3,72,one-year,fiber,76.26,0,1,3,2,0,6.4,0
CUST-01057,Northeast,34,4,33,month-to-month,dsl,96.1,1,1,4,0,0,8.5,1
CUST-01058,Midwest,69,5,56,two-year,dsl,107.72,1,0,3,1,1,9.4,0
CUST-01059,Midwest,57,4,31,one-year,fiber,110.79,1,0,1,0,0,8.1,0
CUST-01060,Midwest,35,2,23,month-to-month,dsl,109.59,1,1,1,2,1,5.7,1
CUST-01061,West,22,2,56,one-year,fiber,65.48,0,1,0,1,1,7.0,0
CUST-01062,Midwest,55,4,50,month-to-month,fiber,129.97,0,1,4,2,1,4.8,0
CUST-01063,Midwest,71,3,11,two-year,dsl,102.16,1,0,0,0,2,8.4,0
CUST-01064,Northeast,73,5,51,month-to-month,fiber,126.04,0,0,4,3,0,6.7,1
CUST-01065,West,57,4,55,two-year,fiber,77.42,1,1,3,0,0,8.1,0
CUST-01066,Northeast,74,5,28,one-year,fiber,83.26,1,1,0,2,2,5.8,1
CUST-01067,West,66,2,67,two-year,none,95.15,1,1,4,3,0,9.0,0
CUST-01068,Midwest,40,3,47,month-to-month,fiber,88.15,0,0,0,0,2,6.2,0
CUST-01069,South,68,5,25,two-year,dsl,47.87,0,1,0,0,1,7.3,0
CUST-01070,South,24,2,1,month-to-month,dsl,79.75,1,1,2,3,0,6.5,0
CUST-01071,West,71,5,49,one-year,dsl,56.77,0,1,0,0,2,8.5,0
CUST-01072,Midwest,73,3,16,month-to-month,none,66.41,0,1,0,2,0,6.6,0
CUST-01073,South,51,3,55,month-to-month,dsl,98.05,1,1,3,0,0,8.1,0
CUST-01074,Northeast,73,5,38,month-to-month,fiber,126.06,1,1,4,1,0,8.1,0
CUST-01075,Northeast,25,2,34,month-to-month,none,51.14,1,1,0,2,1,9.6,0
CUST-01076,South,23,4,12,month-to-month,dsl,96.76,1,1,3,1,0,7.0,1
CUST-01077,Midwest,38,2,52,one-year,fiber,112.91,0,1,3,2,1,6.4,0
CUST-01078,South,22,5,12,month-to-month,fiber,97.59,1,0,0,0,0,8.0,0
CUST-01079,West,32,3,31,one-year,dsl,62.85,1,1,0,0,0,9.1,0
CUST-01080,Midwest,29,3,61,month-to-month,fiber,90.09,0,0,2,1,0,9.6,0
CUST-01081,Midwest,45,2,67,one-year,dsl,108.33,0,0,3,2,0,7.0,0
CUST-01082,West,56,1,72,one-year,fiber,108.49,0,1,1,2,0,7.6,0
CUST-01083,Northeast,29,5,69,month-to-month,dsl,99.52,1,0,2,1,2,5.1,0
CUST-01084,Midwest,36,3,41,one-year,fiber,132.59,1,1,2,1,0,8.0,1
CUST-01085,South,62,4,15,two-year,dsl,122.28,1,1,3,0,1,8.2,0
CUST-01086,West,32,5,61,one-year,fiber,118.92,1,0,1,2,0,8.3,0
CUST-01087,West,38,2,58,month-to-month,fiber,106.66,1,0,3,1,0,7.1,0
CUST-01088,Midwest,65,1,72,month-to-month,fiber,136.51,1,0,4,2,0,5.9,1
CUST-01089,Midwest,41,4,47,one-year,fiber,106.68,1,0,2,3,1,6.8,0
CUST-01090,West,32,4,11,month-to-month,dsl,86.29,1,0,3,0,0,6.7,0
CUST-01091,Midwest,66,4,37,one-year,dsl,55.87,0,0,0,4,2,4.8,0
CUST-01092,West,75,2,33,month-to-month,fiber,119.97,1,0,4,0,1,7.9,0
CUST-01093,Northeast,72,5,61,one-year,dsl,85.78,1,1,1,1,0,5.7,0
CUST-01094,Northeast,44,3,29,month-to-month,fiber,116.39,0,0,0,3,1,5.7,1
CUST-01095,West,19,1,24,month-to-month,fiber,112.79,1,0,2,0,0,9.5,1
CUST-01096,Northeast,43,3,6,two-year,dsl,89.18,1,0,1,2,2,5.4,0
CUST-01097,Northeast,63,4,61,two-year,dsl,81.82,0,0,2,2,0,6.5,0
CUST-01098,West,74,3,55,two-year,dsl,98.2,1,0,4,2,1,7.6,0
CUST-01099,South,22,3,3,two-year,fiber,85.14,0,0,2,1,0,8.4,0
CUST-01100,Midwest,25,5,32,month-to-month,fiber,107.99,1,1,1,1,1,7.4,1
CUST-01101,West,35,3,35,month-to-month,dsl,113.14,1,1,4,0,0,7.9,0
CUST-01102,South,24,2,34,month-to-month,fiber,116.95,0,0,1,2,0,8.2,0
CUST-01103,Northeast,28,2,67,month-to-month,fiber,124.0,1,0,4,1,2,7.2,0
CUST-01104,Midwest,44,4,11,month-to-month,none,107.24,0,1,4,2,0,5.8,0
CUST-01105,Midwest,33,4,23,two-year,dsl,84.77,0,1,2,2,0,7.2,0
CUST-01106,South,53,1,14,month-to-month,fiber,123.28,1,0,3,1,0,7.4,0
CUST-01107,Midwest,74,4,18,month-to-month,fiber,134.79,0,1,3,0,0,7.5,1
CUST-01108,West,48,2,66,month-to-month,dsl,118.61,1,1,4,1,0,6.0,0
CUST-01109,West,48,1,68,month-to-month,fiber,103.8,0,1,2,1,0,7.3,0
CUST-01110,Midwest,75,1,4,month-to-month,fiber,100.18,0,1,2,1,2,7.3,0
CUST-01111,Northeast,54,5,46,one-year,fiber,88.45,1,1,1,1,0,8.6,0
CUST-01112,West,77,2,17,month-to-month,dsl,66.35,1,1,2,1,0,7.6,0
CUST-01113,South,73,3,14,one-year,dsl,95.69,1,1,3,1,0,7.9,0
CUST-01114,Midwest,20,3,22,two-year,fiber,100.41,1,1,2,1,0,7.4,1
CUST-01115,West,74,3,14,one-year,fiber,109.3,1,1,1,2,1,8.0,0
CUST-01116,South,27,2,36,one-year,dsl,96.08,0,0,2,1,1,6.3,0
CUST-01117,Northeast,34,1,72,month-to-month,dsl,73.05,0,0,2,1,1,6.6,0
CUST-01118,West,51,1,43,month-to-month,dsl,87.48,1,1,0,1,0,6.8,0
CUST-01119,Northeast,64,3,53,month-to-month,fiber,122.76,0,1,3,2,0,6.6,0
CUST-01120,South,75,5,36,two-year,dsl,118.34,1,1,4,1,2,8.6,0
CUST-01121,West,45,5,2,one-year,none,54.49,1,0,1,3,2,5.2,0
CUST-01122,West,34,4,7,month-to-month,dsl,62.88,1,1,1,0,0,8.4,0
CUST-01123,Northeast,41,2,20,month-to-month,fiber,85.39,1,0,0,2,0,7.3,0
CUST-01124,South,40,5,18,two-year,dsl,85.45,1,1,2,1,0,7.0,0
CUST-01125,Midwest,35,2,61,one-year,fiber,112.85,0,1,2,0,0,8.0,1
CUST-01126,South,31,5,61,one-year,fiber,134.26,1,0,4,2,1,6.3,0
CUST-01127,Midwest,60,1,62,two-year,fiber,130.49,1,1,4,2,0,7.4,0
CUST-01128,Midwest,76,3,46,one-year,none,68.79,0,0,3,2,1,6.7,0
CUST-01129,West,53,2,41,one-year,fiber,139.34,1,0,1,1,0,9.3,0
CUST-01130,Midwest,27,3,47,month-to-month,dsl,76.08,1,1,0,2,1,6.1,0
CUST-01131,Northeast,58,4,30,month-to-month,fiber,123.38,0,0,2,1,1,6.9,1
CUST-01132,West,51,5,49,two-year,fiber,106.94,1,1,3,0,0,8.1,0
CUST-01133,Midwest,42,1,58,one-year,fiber,102.97,1,1,0,0,1,9.4,0
CUST-01134,West,19,3,55,month-to-month,dsl,94.66,0,0,2,0,0,7.4,0
CUST-01135,Midwest,64,1,45,one-year,fiber,71.18,1,1,0,0,0,7.6,0
CUST-01136,South,54,3,5,month-to-month,fiber,123.88,0,1,1,1,0,6.6,0
CUST-01137,Midwest,32,5,53,one-year,fiber,81.77,0,1,1,0,1,7.2,0
CUST-01138,West,41,2,27,month-to-month,fiber,85.42,0,1,0,0,0,7.3,0
CUST-01139,West,49,2,54,one-year,dsl,72.49,1,1,1,1,1,6.9,0
CUST-01140,West,51,2,39,month-to-month,fiber,89.37,0,1,3,1,0,7.3,0
CUST-01141,Northeast,57,5,64,month-to-month,fiber,117.07,0,0,4,0,0,6.7,0
CUST-01142,West,22,5,25,month-to-month,none,71.13,1,0,3,1,1,7.8,0
CUST-01143,South,50,5,68,one-year,fiber,101.89,0,1,1,2,0,7.1,0
CUST-01144,West,23,2,61,month-to-month,fiber,115.95,0,0,4,0,0,9.3,0
CUST-01145,Midwest,27,2,24,month-to-month,fiber,108.69,0,1,2,1,0,7.7,0
CUST-01146,Midwest,23,1,35,one-year,fiber,115.56,1,1,1,2,2,7.2,0
CUST-01147,West,55,1,39,month-to-month,dsl,130.44,1,0,4,1,1,9.1,0
CUST-01148,West,68,4,56,month-to-month,fiber,75.78,1,1,1,2,0,7.4,0
CUST-01149,South,76,3,50,month-to-month,fiber,137.22,0,0,3,1,0,7.1,1
CUST-01150,Midwest,61,5,62,two-year,dsl,68.33,1,0,0,0,0,7.7,0
CUST-01151,Midwest,64,4,27,month-to-month,fiber,73.91,1,1,1,2,0,8.3,0
CUST-01152,South,25,5,37,month-to-month,none,101.18,0,1,4,3,0,5.3,1
CUST-01153,Northeast,18,1,32,month-to-month,none,70.53,0,1,1,2,0,5.7,0
CUST-01154,West,36,4,66,month-to-month,fiber,132.33,0,0,4,2,1,5.5,1
CUST-01155,South,39,1,22,month-to-month,fiber,102.94,0,1,2,3,0,5.5,0
CUST-01156,Northeast,44,2,43,month-to-month,fiber,128.3,0,1,4,1,0,7.3,1
CUST-01157,South,57,3,9,month-to-month,fiber,92.64,1,1,2,0,0,7.9,0
CUST-01158,South,23,3,62,month-to-month,fiber,95.98,1,0,2,3,0,6.9,0
CUST-01159,West,24,2,28,two-year,dsl,88.5,1,1,1,2,0,6.4,0
CUST-01160,South,68,1,25,month-to-month,fiber,84.77,0,1,1,4,0,4.9,1
CUST-01161,Northeast,52,1,42,month-to-month,fiber,124.19,1,1,4,2,0,7.1,0
CUST-01162,Northeast,39,2,36,two-year,fiber,127.35,1,0,2,1,0,7.0,0
CUST-01163,West,67,4,62,two-year,none,74.09,1,1,2,3,0,5.6,0
CUST-01164,West,58,5,39,one-year,none,72.89,0,1,1,0,1,6.6,0
CUST-01165,Northeast,68,2,38,month-to-month,fiber,112.65,1,1,3,0,0,8.1,0
CUST-01166,South,56,5,8,month-to-month,dsl,80.43,0,1,1,0,0,7.8,0
CUST-01167,South,48,5,2,month-to-month,fiber,73.16,1,0,1,2,0,6.9,0
CUST-01168,Midwest,72,2,29,month-to-month,dsl,65.68,1,1,0,2,0,8.1,0
CUST-01169,Midwest,77,1,72,month-to-month,dsl,98.48,1,1,4,2,0,7.3,0
CUST-01170,Midwest,62,2,67,one-year,none,43.27,1,1,0,1,0,7.9,0
CUST-01171,South,55,1,46,month-to-month,fiber,77.82,1,1,4,3,1,7.4,0
CUST-01172,Midwest,20,5,46,one-year,fiber,69.21,1,1,1,3,0,7.7,0
CUST-01173,Midwest,70,5,29,month-to-month,none,96.9,0,0,0,1,1,6.4,0
CUST-01174,Northeast,27,2,13,month-to-month,fiber,118.15,0,1,4,1,1,7.8,1
CUST-01175,Midwest,19,3,1,one-year,fiber,88.09,1,1,3,2,2,8.4,1
CUST-01176,Midwest,44,2,25,two-year,dsl,89.52,1,0,3,0,0,10.0,0
CUST-01177,South,22,1,23,month-to-month,dsl,91.21,1,1,2,3,0,7.3,1
CUST-01178,South,23,2,14,one-year,dsl,94.4,0,0,3,1,1,7.7,0
CUST-01179,Midwest,45,1,19,month-to-month,dsl,79.85,1,1,0,3,1,6.5,0
CUST-01180,West,41,3,2,month-to-month,dsl,112.31,0,1,1,3,0,7.5,0
CUST-01181,South,25,3,44,one-year,fiber,139.56,0,1,2,0,0,7.0,0
CUST-01182,Northeast,76,2,67,month-to-month,dsl,97.77,0,1,3,3,0,7.3,0
CUST-01183,Northeast,30,4,50,month-to-month,dsl,72.73,0,0,2,1,1,7.2,0
CUST-01184,West,30,4,33,month-to-month,dsl,93.15,1,1,2,2,0,6.2,1
CUST-01185,West,66,3,31,month-to-month,fiber,85.55,0,1,3,2,1,5.4,0
CUST-01186,Northeast,60,2,23,month-to-month,fiber,110.85,0,0,0,1,0,5.8,0
CUST-01187,West,39,2,11,month-to-month,dsl,83.49,1,0,2,3,0,7.0,1
CUST-01188,Northeast,33,3,44,two-year,fiber,79.03,0,1,1,0,1,9.7,0
CUST-01189,South,72,4,41,one-year,fiber,98.23,0,1,2,2,0,6.7,0
CUST-01190,West,20,2,1,month-to-month,dsl,84.73,0,0,0,1,0,6.5,0
CUST-01191,Midwest,56,4,30,month-to-month,fiber,90.52,0,0,4,0,0,8.9,0
CUST-01192,Midwest,23,2,21,one-year,fiber,95.7,1,0,4,3,0,6.9,0
CUST-01193,Northeast,18,3,13,month-to-month,fiber,103.48,0,1,4,0,0,9.0,0
CUST-01194,South,24,2,51,month-to-month,fiber,128.84,0,1,4,1,0,6.4,1
CUST-01195,Northeast,51,1,38,one-year,dsl,113.66,0,1,3,2,0,7.7,0
CUST-01196,Midwest,35,3,46,month-to-month,fiber,102.3,0,1,1,1,0,8.9,0
CUST-01197,South,59,4,52,month-to-month,fiber,38.78,0,0,0,2,1,5.6,0
CUST-01198,Northeast,75,3,71,month-to-month,fiber,87.78,0,1,3,2,1,6.2,0
CUST-01199,South,20,4,58,month-to-month,fiber,163.32,0,1,4,1,0,7.0,0
CUST-01200,Northeast,55,1,45,month-to-month,fiber,91.4,0,1,1,0,0,8.5,0
CUST-01201,Northeast,72,1,64,two-year,fiber,78.62,1,1,4,1,1,8.8,0
CUST-01202,Northeast,25,5,35,month-to-month,dsl,105.92,0,1,0,0,0,7.2,0
CUST-01203,South,43,3,71,one-year,fiber,77.09,0,1,1,0,3,9.7,0
CUST-01204,South,22,2,55,one-year,fiber,119.22,1,0,3,3,0,6.9,0
CUST-01205,Northeast,24,4,47,month-to-month,fiber,85.79,0,0,2,0,1,7.1,0
CUST-01206,Northeast,76,4,66,month-to-month,fiber,147.27,1,1,3,1,1,8.6,0
CUST-01207,West,33,5,38,month-to-month,fiber,68.38,0,1,1,1,1,7.2,1
CUST-01208,South,28,5,52,one-year,fiber,105.48,1,0,3,1,1,7.3,0
CUST-01209,Midwest,71,2,21,month-to-month,fiber,114.7,1,1,1,2,0,6.5,0
CUST-01210,West,34,1,70,one-year,fiber,80.71,0,1,0,1,0,9.5,0
CUST-01211,West,34,3,45,two-year,dsl,91.26,0,1,2,2,0,6.2,1
CUST-01212,South,68,1,57,one-year,fiber,116.66,1,1,2,1,1,8.7,0
CUST-01213,West,63,3,34,two-year,dsl,92.9,1,0,2,2,0,6.6,0
CUST-01214,South,51,1,63,one-year,dsl,50.33,0,1,0,2,0,6.5,0
CUST-01215,South,68,4,6,two-year,fiber,95.24,1,1,2,2,1,7.0,0
CUST-01216,Northeast,31,5,9,two-year,fiber,92.94,0,1,0,2,1,7.3,0
CUST-01217,South,65,2,37,one-year,fiber,126.49,1,1,4,2,2,5.4,1
CUST-01218,West,57,3,53,one-year,fiber,108.69,0,0,0,1,0,7.2,0
CUST-01219,Northeast,52,5,59,two-year,dsl,107.45,1,0,4,1,0,8.8,0
CUST-01220,Northeast,40,2,32,month-to-month,fiber,101.85,0,0,0,1,0,8.2,1
CUST-01221,South,25,4,47,one-year,dsl,67.62,1,1,3,1,0,7.6,0
CUST-01222,South,52,1,40,month-to-month,fiber,99.76,0,1,1,1,1,6.0,0
CUST-01223,South,66,4,70,two-year,dsl,68.12,1,1,0,5,0,5.9,0
CUST-01224,West,23,1,48,month-to-month,dsl,93.14,1,1,1,1,0,8.3,0
CUST-01225,West,27,1,31,one-year,fiber,97.56,1,0,0,0,0,8.6,0
CUST-01226,South,70,3,70,one-year,none,76.04,1,1,3,5,0,7.0,0
CUST-01227,West,69,5,8,two-year,none,90.54,1,1,4,0,0,8.2,0
CUST-01228,South,53,4,71,month-to-month,fiber,118.99,1,0,1,2,1,5.6,1
CUST-01229,South,45,3,12,one-year,fiber,101.94,0,1,2,0,0,7.7,0
CUST-01230,Midwest,18,2,21,one-year,fiber,91.82,1,1,0,4,1,6.0,0
CUST-01231,West,72,3,60,two-year,fiber,84.63,1,1,2,5,0,5.1,0
CUST-01232,Northeast,51,2,53,two-year,dsl,107.32,1,0,4,2,0,6.9,0
CUST-01233,Midwest,22,1,70,one-year,fiber,79.87,1,1,2,2,0,8.2,0
CUST-01234,South,39,5,54,one-year,fiber,109.12,1,1,4,1,2,6.7,0
CUST-01235,South,68,3,46,month-to-month,dsl,87.68,1,1,3,0,0,6.9,0
CUST-01236,Midwest,72,5,25,two-year,fiber,95.07,1,0,0,1,0,8.6,0
CUST-01237,Midwest,56,3,1,month-to-month,dsl,58.45,1,0,0,2,0,7.6,0
CUST-01238,West,26,2,9,one-year,fiber,94.65,0,1,1,1,0,6.7,0
CUST-01239,South,27,1,22,one-year,dsl,98.98,1,0,4,3,0,7.4,1
CUST-01240,West,38,4,3,month-to-month,dsl,63.15,1,0,0,1,0,6.5,1
CUST-01241,Midwest,63,4,37,month-to-month,fiber,92.65,1,1,0,1,0,6.9,0
CUST-01242,Midwest,63,5,56,month-to-month,dsl,105.08,1,0,4,1,0,6.6,0
CUST-01243,Midwest,62,2,70,two-year,fiber,81.41,1,1,0,2,0,6.9,0
CUST-01244,South,31,2,36,month-to-month,dsl,85.67,1,1,1,2,1,7.3,0
CUST-01245,Midwest,36,2,64,month-to-month,dsl,111.98,1,1,3,0,0,8.3,0
CUST-01246,Midwest,36,1,71,one-year,fiber,104.46,1,1,0,2,1,6.4,0
CUST-01247,Northeast,61,5,62,month-to-month,dsl,63.76,1,1,0,0,1,8.0,0
CUST-01248,West,64,2,34,two-year,dsl,97.56,1,0,3,0,1,8.5,0
CUST-01249,West,19,1,24,month-to-month,dsl,95.47,0,0,0,1,0,8.2,1
CUST-01250,Midwest,60,1,71,month-to-month,dsl,103.08,1,1,3,1,0,7.9,0
CUST-01251,Midwest,41,2,18,month-to-month,dsl,51.6,1,0,2,3,0,7.1,0
CUST-01252,Northeast,39,1,30,month-to-month,fiber,101.2,1,1,1,0,0,8.2,0
CUST-01253,Midwest,48,5,6,month-to-month,dsl,114.28,1,1,3,1,1,6.6,1
CUST-01254,West,46,5,58,one-year,dsl,68.83,0,0,1,2,0,7.2,0
CUST-01255,Northeast,76,5,47,month-to-month,fiber,156.41,0,0,4,2,0,7.8,1
CUST-01256,West,51,5,7,month-to-month,fiber,81.92,1,1,2,2,1,7.9,0
CUST-01257,South,67,1,16,month-to-month,fiber,106.28,1,1,3,1,0,5.2,0
CUST-01258,Northeast,71,4,40,month-to-month,fiber,113.98,1,0,1,3,0,7.0,0
CUST-01259,West,76,5,39,two-year,fiber,115.41,0,0,4,2,3,5.9,0
CUST-01260,Midwest,57,5,58,month-to-month,fiber,99.79,1,0,1,1,0,7.9,0
CUST-01261,West,74,3,20,two-year,dsl,82.24,1,1,2,1,1,6.4,0
CUST-01262,West,53,5,67,month-to-month,fiber,113.34,1,0,4,3,0,6.1,0
CUST-01263,Northeast,40,1,33,month-to-month,fiber,119.41,0,1,4,0,0,6.4,0
CUST-01264,Northeast,66,4,60,month-to-month,dsl,61.61,0,0,3,0,0,7.5,0
CUST-01265,Northeast,70,2,18,month-to-month,fiber,124.45,1,1,3,1,1,7.8,0
CUST-01266,West,36,5,3,one-year,fiber,114.44,1,1,3,1,0,8.3,0
CUST-01267,Midwest,75,5,4,month-to-month,dsl,96.52,1,0,2,0,1,9.8,0
CUST-01268,Northeast,44,5,27,month-to-month,none,94.9,0,1,3,0,1,7.1,1
CUST-01269,Midwest,31,1,69,one-year,dsl,152.55,0,1,2,1,0,6.9,0
CUST-01270,South,59,2,4,one-year,fiber,132.88,0,1,2,0,0,9.4,0
CUST-01271,Midwest,32,2,27,two-year,fiber,82.47,1,1,1,1,1,6.1,1
CUST-01272,West,42,5,8,two-year,none,98.3,0,1,1,2,0,7.3,0
CUST-01273,South,50,4,68,one-year,dsl,20.04,1,0,0,0,0,8.9,0
CUST-01274,West,46,5,49,one-year,dsl,81.95,1,1,3,0,1,6.1,0
CUST-01275,Midwest,24,5,55,one-year,dsl,68.89,1,1,0,0,0,7.5,0
CUST-01276,Northeast,27,2,52,month-to-month,fiber,84.83,0,1,0,3,0,5.0,0
CUST-01277,South,22,1,48,one-year,fiber,105.92,1,0,1,0,0,9.2,0
CUST-01278,West,54,4,56,month-to-month,dsl,81.35,1,0,0,1,1,6.7,0
CUST-01279,West,77,4,1,one-year,dsl,120.64,0,0,3,2,1,6.6,0
CUST-01280,Midwest,56,2,63,two-year,fiber,79.22,1,0,0,1,0,6.4,0
CUST-01281,Midwest,51,4,54,month-to-month,dsl,87.54,0,1,2,0,0,7.1,0
CUST-01282,West,69,2,54,two-year,fiber,139.58,1,1,3,0,0,7.7,0
CUST-01283,Northeast,19,4,29,two-year,none,82.72,1,0,2,0,0,8.3,0
CUST-01284,South,23,4,58,month-to-month,fiber,97.08,0,0,2,0,0,7.6,1
CUST-01285,South,77,4,28,month-to-month,dsl,85.93,1,0,1,2,0,8.3,0
CUST-01286,West,71,1,4,two-year,fiber,142.74,1,0,2,0,1,8.8,0
CUST-01287,West,51,5,66,two-year,dsl,76.16,1,1,3,0,0,6.9,0
CUST-01288,Midwest,23,4,17,month-to-month,dsl,65.11,0,0,2,0,0,8.8,0
CUST-01289,Northeast,29,2,8,month-to-month,fiber,100.26,0,1,3,0,0,8.6,0
CUST-01290,West,62,3,45,one-year,dsl,107.5,1,1,4,1,1,7.7,0
CUST-01291,West,31,2,17,month-to-month,none,82.27,1,1,1,0,0,9.0,0
CUST-01292,South,53,1,62,month-to-month,dsl,60.75,1,1,0,2,1,7.8,0
CUST-01293,West,63,3,32,month-to-month,fiber,93.54,0,1,2,2,0,6.3,1
CUST-01294,South,42,4,1,month-to-month,dsl,68.33,1,1,1,3,0,5.4,0
CUST-01295,Midwest,46,4,69,one-year,dsl,65.95,0,0,0,3,0,7.1,0
CUST-01296,Northeast,73,5,38,one-year,dsl,83.66,1,1,3,4,0,5.5,0
CUST-01297,Midwest,76,4,19,one-year,fiber,77.72,0,0,3,2,1,7.1,0
CUST-01298,Northeast,45,1,49,one-year,dsl,85.03,0,1,3,3,0,5.6,0
CUST-01299,Northeast,30,2,39,month-to-month,fiber,100.54,0,1,3,1,0,8.2,0
CUST-01300,West,19,3,3,month-to-month,fiber,99.6,1,1,2,0,2,6.9,0
CUST-01301,Midwest,28,5,55,month-to-month,fiber,119.85,0,0,2,3,0,6.0,0
CUST-01302,Midwest,49,1,29,month-to-month,fiber,75.51,1,0,1,3,0,6.2,0
CUST-01303,South,76,5,51,month-to-month,fiber,128.86,0,0,3,2,1,5.2,1
CUST-01304,Midwest,49,2,65,month-to-month,fiber,140.99,1,1,4,2,0,8.0,1
CUST-01305,Midwest,76,4,44,month-to-month,dsl,125.74,1,1,4,3,0,7.6,0
CUST-01306,South,62,3,49,month-to-month,dsl,90.42,0,1,2,0,0,7.7,0
CUST-01307,South,22,5,19,one-year,fiber,116.8,0,1,0,2,0,6.4,0
CUST-01308,Midwest,39,2,18,one-year,dsl,104.8,0,0,4,0,0,8.0,0
CUST-01309,Midwest,52,3,30,two-year,none,94.04,1,1,2,0,0,8.0,0
CUST-01310,South,22,4,62,one-year,none,80.74,1,1,3,0,0,8.4,0
CUST-01311,South,19,1,38,one-year,dsl,64.73,0,1,1,2,2,6.3,0
CUST-01312,West,38,2,26,month-to-month,none,111.26,1,1,4,2,0,6.2,0
CUST-01313,Midwest,71,4,57,one-year,dsl,138.3,1,1,4,0,2,9.0,1
CUST-01314,Northeast,54,4,62,month-to-month,none,53.4,1,0,0,2,0,6.8,0
CUST-01315,West,49,4,65,month-to-month,none,75.23,1,1,2,0,0,9.8,0
CUST-01316,Northeast,50,1,22,month-to-month,fiber,124.48,1,1,2,1,1,7.4,0
CUST-01317,Northeast,50,2,52,month-to-month,dsl,73.98,1,1,3,2,0,6.6,0
CUST-01318,South,68,5,43,month-to-month,dsl,68.99,1,0,1,3,1,5.9,0
CUST-01319,Northeast,37,5,33,one-year,dsl,80.74,0,1,0,2,0,6.8,0
CUST-01320,Northeast,34,3,29,two-year,none,59.01,1,1,1,2,1,7.0,0
CUST-01321,Midwest,34,3,9,one-year,fiber,108.86,1,0,2,0,0,8.7,1
CUST-01322,Midwest,52,1,20,one-year,fiber,100.95,1,1,1,0,0,7.4,0
CUST-01323,South,34,4,40,month-to-month,dsl,77.34,0,1,2,2,0,5.8,1
CUST-01324,Midwest,76,1,64,month-to-month,dsl,81.54,1,1,1,0,0,8.8,0
CUST-01325,Northeast,59,1,63,one-year,dsl,101.54,0,0,3,2,0,7.6,0
CUST-01326,South,36,3,14,month-to-month,dsl,87.34,1,1,2,1,0,6.1,1
CUST-01327,Midwest,33,5,49,month-to-month,dsl,62.36,0,1,0,0,0,8.3,0
CUST-01328,West,44,5,7,month-to-month,none,84.68,1,1,3,0,0,8.9,0
CUST-01329,South,69,3,49,two-year,fiber,79.6,0,1,1,2,1,7.1,0
CUST-01330,West,77,3,25,one-year,none,77.43,0,1,1,5,1,3.7,0
CUST-01331,South,49,3,33,month-to-month,fiber,109.21,0,1,3,0,0,6.6,0
CUST-01332,Midwest,26,3,52,one-year,dsl,79.04,0,1,1,1,0,7.6,0
CUST-01333,Northeast,20,4,31,month-to-month,fiber,88.74,1,1,0,1,1,9.0,0
CUST-01334,Midwest,52,4,59,month-to-month,dsl,74.99,1,1,1,2,0,6.5,0
CUST-01335,Midwest,55,3,39,month-to-month,fiber,100.12,1,0,1,3,0,7.0,0
CUST-01336,South,40,2,72,month-to-month,fiber,126.87,1,1,3,1,1,6.7,0
CUST-01337,South,71,5,46,one-year,dsl,97.51,1,0,3,1,0,9.4,0
CUST-01338,Midwest,20,4,22,month-to-month,dsl,75.4,0,1,0,0,0,7.9,0
CUST-01339,South,36,3,56,one-year,fiber,96.57,1,0,3,2,3,5.5,0
CUST-01340,South,63,2,30,month-to-month,dsl,67.58,1,1,3,1,0,6.8,0
CUST-01341,Midwest,32,3,39,one-year,fiber,85.07,0,1,0,1,0,6.8,0
CUST-01342,Northeast,29,5,10,one-year,fiber,69.42,1,1,1,1,2,7.5,0
CUST-01343,Midwest,61,2,9,one-year,fiber,106.9,1,1,3,4,0,5.6,0
CUST-01344,Northeast,71,5,42,one-year,dsl,68.35,1,0,2,0,0,8.0,0
CUST-01345,Northeast,29,2,14,two-year,dsl,70.71,1,0,1,0,0,10.0,0
CUST-01346,South,43,1,72,month-to-month,dsl,82.74,0,1,3,1,0,6.8,0
CUST-01347,Northeast,76,1,62,one-year,dsl,97.52,1,1,3,1,0,8.1,0
CUST-01348,Northeast,26,1,51,one-year,dsl,99.09,0,1,2,0,0,8.0,1
CUST-01349,South,26,2,53,month-to-month,dsl,72.66,1,1,0,1,0,7.5,0
CUST-01350,South,32,4,43,month-to-month,none,98.48,0,0,3,1,0,7.9,0
CUST-01351,South,46,3,5,month-to-month,fiber,132.2,1,0,0,0,3,5.4,0
CUST-01352,West,67,4,29,month-to-month,fiber,126.49,1,1,4,0,0,8.2,0
CUST-01353,Midwest,44,1,36,month-to-month,fiber,102.82,0,1,0,1,0,7.0,0
CUST-01354,South,40,4,66,month-to-month,dsl,74.7,0,1,0,2,0,6.9,0
CUST-01355,Midwest,68,4,16,one-year,dsl,86.11,0,1,1,0,0,8.0,0
CUST-01356,South,33,3,36,month-to-month,fiber,72.43,1,1,1,1,1,7.1,0
CUST-01357,Northeast,39,4,25,one-year,none,25.18,1,1,1,2,1,7.4,0
CUST-01358,South,32,1,10,month-to-month,none,66.91,0,1,4,0,0,7.4,0
CUST-01359,South,24,3,8,one-year,fiber,85.0,1,0,1,2,2,8.6,0
CUST-01360,South,52,4,27,month-to-month,fiber,140.17,1,1,4,1,0,6.7,0
CUST-01361,Midwest,76,1,6,month-to-month,fiber,93.38,1,1,0,2,0,8.3,0
CUST-01362,South,33,1,5,month-to-month,fiber,103.69,1,0,3,0,0,7.0,0
CUST-01363,South,22,4,26,one-year,dsl,87.04,1,1,0,2,1,6.9,0
CUST-01364,Midwest,74,3,15,month-to-month,dsl,89.2,1,1,1,1,1,7.6,0
CUST-01365,Northeast,24,2,40,two-year,fiber,72.48,0,1,0,0,1,7.1,0
CUST-01366,Northeast,20,2,2,month-to-month,fiber,106.78,0,0,1,0,1,6.7,0
CUST-01367,Northeast,62,5,22,one-year,fiber,108.41,1,0,2,2,2,6.6,0
CUST-01368,South,27,2,33,month-to-month,fiber,151.72,1,1,4,0,0,8.9,0
CUST-01369,Midwest,77,2,70,one-year,fiber,108.57,0,0,3,2,3,6.4,0
CUST-01370,Midwest,43,5,46,month-to-month,dsl,117.84,1,0,3,1,0,9.3,1
CUST-01371,West,58,2,64,month-to-month,dsl,99.23,0,1,2,2,0,7.3,0
CUST-01372,South,30,3,25,month-to-month,dsl,108.53,1,0,1,2,1,6.3,0
CUST-01373,West,30,2,33,month-to-month,fiber,87.62,1,1,1,0,0,5.7,0
CUST-01374,West,64,3,31,month-to-month,dsl,82.78,1,1,0,3,1,4.8,0
CUST-01375,Northeast,48,2,64,two-year,fiber,114.89,1,0,3,0,2,7.7,0
CUST-01376,Northeast,72,5,70,month-to-month,fiber,128.28,0,1,3,1,0,5.9,1
CUST-01377,South,73,1,70,month-to-month,dsl,109.45,0,0,2,0,2,7.2,0
CUST-01378,South,54,3,55,two-year,dsl,66.74,0,0,2,0,0,8.4,0
CUST-01379,Northeast,64,4,37,month-to-month,fiber,93.37,1,1,1,1,0,7.3,0
CUST-01380,South,69,5,39,month-to-month,fiber,150.68,0,1,4,2,0,6.5,1
CUST-01381,Northeast,52,1,71,one-year,dsl,102.27,1,0,4,0,0,10.0,0
CUST-01382,West,66,5,21,two-year,none,87.85,0,1,2,2,0,7.2,0
CUST-01383,West,19,2,25,one-year,dsl,86.87,1,1,3,2,1,7.0,0
CUST-01384,Northeast,27,4,65,month-to-month,fiber,96.2,0,1,1,2,1,5.6,1
CUST-01385,South,46,1,28,two-year,fiber,80.23,1,0,0,0,0,8.4,0
CUST-01386,Midwest,22,1,17,month-to-month,fiber,113.01,1,1,1,1,1,6.9,0
CUST-01387,South,45,3,41,two-year,fiber,129.27,1,1,4,4,2,7.4,0
CUST-01388,South,55,1,24,two-year,dsl,109.11,1,0,2,2,1,7.6,0
CUST-01389,Midwest,40,3,65,two-year,dsl,82.69,1,1,4,0,0,9.7,0
CUST-01390,West,76,3,66,month-to-month,fiber,116.28,0,1,1,3,1,6.1,1
CUST-01391,Midwest,70,3,23,month-to-month,dsl,89.24,1,0,2,0,1,9.0,0
CUST-01392,Midwest,67,1,39,one-year,dsl,51.46,1,1,0,1,0,7.0,0
CUST-01393,South,60,4,71,month-to-month,dsl,113.03,1,1,3,1,0,7.8,0
CUST-01394,South,54,2,54,month-to-month,fiber,113.86,1,0,1,4,0,5.1,1
CUST-01395,Midwest,57,4,16,two-year,fiber,114.76,0,1,0,0,0,7.8,0
CUST-01396,Midwest,24,2,43,one-year,fiber,98.3,1,1,1,1,0,7.9,0
CUST-01397,South,74,2,45,month-to-month,fiber,128.11,0,1,3,1,1,6.2,0
CUST-01398,Midwest,64,1,48,month-to-month,fiber,126.84,0,1,4,2,2,4.9,1
CUST-01399,Northeast,35,5,2,month-to-month,fiber,112.63,0,1,4,2,0,7.6,0
CUST-01400,Northeast,58,2,22,month-to-month,fiber,74.75,1,1,1,2,2,5.0,0
CUST-01401,South,42,1,62,month-to-month,fiber,100.23,0,1,2,2,0,8.3,0
CUST-01402,Northeast,74,2,18,one-year,none,71.51,1,0,2,1,0,7.2,0
CUST-01403,West,50,1,22,one-year,dsl,92.99,1,0,3,2,0,7.9,0
CUST-01404,Northeast,60,1,24,month-to-month,fiber,96.07,1,1,3,2,0,7.6,0
CUST-01405,West,29,1,13,month-to-month,none,69.61,0,1,0,4,0,4.7,0
CUST-01406,South,24,4,12,one-year,fiber,68.47,1,1,0,0,0,8.9,0
CUST-01407,Midwest,72,3,25,one-year,fiber,123.48,0,0,2,0,0,8.4,0
CUST-01408,Midwest,54,5,63,two-year,dsl,64.48,1,0,2,1,0,8.5,0
CUST-01409,Northeast,57,5,1,month-to-month,fiber,122.91,1,0,4,2,1,7.8,0
CUST-01410,West,42,4,21,one-year,fiber,112.12,0,1,4,1,1,8.1,0
CUST-01411,South,55,3,5,month-to-month,fiber,82.78,1,0,0,0,1,7.1,0
CUST-01412,Midwest,43,5,41,month-to-month,fiber,87.27,0,0,2,1,0,7.2,1
CUST-01413,South,56,5,19,two-year,dsl,70.91,1,1,2,0,1,7.5,0
CUST-01414,Northeast,55,1,58,month-to-month,fiber,113.46,0,1,2,3,1,5.4,0
CUST-01415,Northeast,31,3,43,month-to-month,fiber,88.61,1,1,0,0,0,8.5,0
CUST-01416,Midwest,71,4,57,month-to-month,fiber,125.0,1,0,4,0,2,8.1,0
CUST-01417,South,74,5,46,month-to-month,dsl,42.66,0,1,0,0,0,8.4,1
CUST-01418,South,63,3,32,month-to-month,fiber,146.07,1,1,4,1,1,7.6,0
CUST-01419,West,19,4,62,one-year,dsl,104.73,0,0,4,1,2,7.5,0
CUST-01420,Midwest,19,3,35,month-to-month,dsl,57.2,1,1,4,1,0,7.1,0
CUST-01421,Midwest,66,4,69,month-to-month,fiber,93.84,1,1,0,0,1,9.1,0
CUST-01422,Midwest,26,4,72,two-year,dsl,75.76,1,0,2,0,0,9.1,0
CUST-01423,Northeast,76,3,43,month-to-month,fiber,78.84,1,1,0,3,0,6.4,0
CUST-01424,Midwest,39,4,49,two-year,fiber,122.68,1,0,3,2,0,8.4,0
CUST-01425,West,28,1,19,month-to-month,fiber,131.86,1,0,4,5,0,4.9,1
CUST-01426,West,59,1,59,one-year,fiber,111.41,1,0,2,0,1,8.3,0
CUST-01427,Northeast,59,5,49,month-to-month,dsl,80.86,0,1,0,0,0,8.7,0
CUST-01428,Northeast,56,2,65,one-year,none,81.84,0,1,1,1,0,6.6,0
CUST-01429,West,64,2,20,month-to-month,fiber,72.03,1,1,0,2,0,9.0,1
CUST-01430,West,48,4,57,two-year,fiber,105.36,1,1,2,1,1,7.1,0
CUST-01431,Northeast,36,3,34,month-to-month,dsl,111.18,1,1,1,0,1,7.4,0
CUST-01432,West,43,3,14,one-year,fiber,139.04,1,1,4,2,0,7.4,1
CUST-01433,West,55,5,13,month-to-month,fiber,79.48,1,1,1,1,0,8.2,1
CUST-01434,Northeast,65,2,41,month-to-month,none,70.34,1,1,1,2,1,7.5,0
CUST-01435,Northeast,43,2,24,month-to-month,dsl,67.96,1,1,1,1,1,8.6,0
CUST-01436,West,23,1,8,month-to-month,none,90.02,0,1,4,1,3,6.5,1
CUST-01437,South,42,5,31,month-to-month,fiber,79.33,1,0,1,3,0,6.7,0
CUST-01438,Northeast,53,1,48,one-year,fiber,105.36,0,1,4,0,0,6.8,0
CUST-01439,Midwest,64,3,23,month-to-month,fiber,105.01,1,0,3,2,0,6.0,0
CUST-01440,Midwest,66,3,69,month-to-month,none,59.91,1,1,1,0,1,7.8,0
CUST-01441,South,65,5,57,month-to-month,fiber,95.27,1,1,2,2,0,7.3,0
CUST-01442,South,34,3,37,month-to-month,fiber,93.94,0,0,0,2,0,6.7,0
CUST-01443,South,19,1,68,month-to-month,fiber,101.53,1,0,4,1,0,8.0,0
CUST-01444,Northeast,30,2,32,one-year,dsl,101.43,0,1,4,1,0,7.6,0
CUST-01445,Northeast,25,3,11,month-to-month,dsl,52.85,0,1,1,2,1,6.3,1
CUST-01446,Midwest,58,4,3,two-year,dsl,53.9,1,1,0,4,0,8.4,0
CUST-01447,South,34,1,68,month-to-month,fiber,118.96,1,1,2,0,0,7.9,0
CUST-01448,South,28,4,70,month-to-month,dsl,87.14,0,0,3,4,0,6.6,0
CUST-01449,South,50,1,54,two-year,fiber,105.97,1,1,3,1,0,6.7,0
CUST-01450,Northeast,47,1,8,month-to-month,fiber,105.89,1,1,0,2,0,7.1,1
CUST-01451,Midwest,60,1,22,month-to-month,fiber,110.65,1,1,0,2,0,6.4,0
CUST-01452,Midwest,73,1,3,two-year,fiber,101.9,1,1,1,0,0,10.0,0
CUST-01453,Midwest,23,4,4,two-year,fiber,122.53,1,1,3,0,1,7.7,0
CUST-01454,Midwest,21,5,18,one-year,none,58.3,1,0,1,1,1,7.6,0
CUST-01455,Midwest,67,1,42,month-to-month,fiber,126.51,1,1,4,1,0,6.8,0
CUST-01456,Northeast,72,5,5,one-year,fiber,109.84,1,1,1,1,0,7.1,0
CUST-01457,West,38,2,71,two-year,dsl,115.75,0,1,4,1,0,7.6,0
CUST-01458,West,29,5,33,two-year,dsl,117.86,0,0,4,1,1,7.7,0
CUST-01459,Northeast,35,5,19,month-to-month,fiber,89.88,1,1,3,0,0,9.1,0
CUST-01460,West,46,4,38,month-to-month,dsl,65.75,0,0,0,2,1,6.0,0
CUST-01461,South,18,3,57,month-to-month,fiber,83.23,1,0,0,1,0,7.0,0
CUST-01462,South,25,5,23,month-to-month,fiber,68.32,0,0,0,0,1,8.8,1
CUST-01463,South,20,3,4,one-year,dsl,107.54,1,1,3,4,1,7.4,0
CUST-01464,West,60,1,4,month-to-month,dsl,92.32,1,0,3,0,2,7.5,1
CUST-01465,Midwest,44,2,62,month-to-month,fiber,124.92,1,1,4,2,1,7.2,1
CUST-01466,West,77,1,9,month-to-month,fiber,115.76,1,1,4,2,1,8.3,0
CUST-01467,Midwest,44,2,46,month-to-month,fiber,126.52,1,1,1,1,0,9.9,0
CUST-01468,South,36,1,28,month-to-month,fiber,104.56,1,1,1,1,0,7.9,0
CUST-01469,Northeast,36,3,56,month-to-month,none,77.81,0,1,3,3,0,6.9,1
CUST-01470,West,73,3,5,month-to-month,dsl,101.42,1,0,3,1,0,7.7,0
CUST-01471,Northeast,29,3,65,two-year,dsl,90.35,1,1,1,0,0,7.1,0
CUST-01472,West,61,2,51,month-to-month,fiber,88.32,0,0,0,2,0,7.1,0
CUST-01473,Northeast,70,2,33,month-to-month,dsl,51.88,0,0,0,2,2,7.5,1
CUST-01474,West,75,3,15,month-to-month,fiber,143.82,1,0,4,2,1,6.1,0
CUST-01475,Northeast,23,2,71,month-to-month,fiber,95.49,0,1,1,0,3,5.4,0
CUST-01476,Northeast,58,1,22,month-to-month,fiber,100.9,1,0,3,3,0,7.0,1
CUST-01477,South,66,4,36,month-to-month,fiber,82.91,0,0,4,0,0,6.3,0
CUST-01478,West,58,3,29,month-to-month,none,98.43,1,1,4,2,0,5.6,1
CUST-01479,West,68,1,17,month-to-month,dsl,105.7,1,0,2,1,0,6.1,0
CUST-01480,Northeast,74,5,30,one-year,dsl,102.64,1,1,3,4,0,4.4,0
CUST-01481,Midwest,70,2,11,month-to-month,dsl,78.85,1,1,0,0,0,9.1,0
CUST-01482,Midwest,61,4,1,month-to-month,dsl,117.24,0,1,4,2,1,6.6,1
CUST-01483,West,29,1,21,one-year,dsl,102.89,1,0,4,1,0,9.8,0
CUST-01484,Northeast,68,2,9,month-to-month,dsl,55.69,1,0,1,2,1,7.4,1
CUST-01485,Northeast,59,2,30,month-to-month,dsl,67.27,1,1,1,0,0,10.0,0
CUST-01486,West,35,1,63,month-to-month,dsl,109.67,0,1,3,0,0,7.3,0
CUST-01487,Northeast,56,3,12,month-to-month,fiber,119.78,0,0,2,1,0,7.6,1
CUST-01488,West,28,2,1,month-to-month,none,93.54,1,0,3,0,0,7.0,0
CUST-01489,South,68,2,8,two-year,fiber,77.07,1,1,0,3,0,6.6,0
CUST-01490,Midwest,56,3,37,two-year,fiber,98.93,0,0,1,0,0,9.5,0
CUST-01491,South,56,5,20,two-year,none,68.32,1,1,3,3,0,6.8,0
CUST-01492,South,33,2,36,month-to-month,fiber,120.21,0,1,4,2,0,6.5,1
CUST-01493,Northeast,27,1,3,month-to-month,fiber,85.16,1,1,0,3,1,6.2,1
CUST-01494,Northeast,43,4,24,month-to-month,fiber,100.72,0,1,3,2,0,6.9,0
CUST-01495,South,38,3,30,month-to-month,fiber,108.18,0,1,0,1,0,7.4,0
CUST-01496,Northeast,69,5,32,month-to-month,none,85.47,0,1,4,1,0,8.5,0
CUST-01497,West,77,4,40,month-to-month,dsl,83.65,0,1,1,1,0,6.7,0
CUST-01498,West,55,1,57,month-to-month,fiber,104.54,1,1,1,0,0,7.9,0
CUST-01499,Northeast,65,4,34,month-to-month,none,109.69,0,1,3,0,1,7.7,0
CUST-01500,Midwest,74,1,61,month-to-month,dsl,104.49,1,1,4,0,2,6.8,0
CUST-01501,Midwest,62,3,39,one-year,dsl,94.81,1,0,2,0,0,8.0,0
CUST-01502,West,39,1,19,month-to-month,fiber,98.3,1,1,1,0,0,8.8,0
CUST-01503,West,31,4,17,two-year,fiber,154.56,1,1,4,1,0,7.2,0
CUST-01504,West,34,5,24,month-to-month,fiber,117.95,0,0,4,1,0,9.8,0
CUST-01505,West,36,5,44,month-to-month,fiber,114.1,0,1,2,1,0,8.8,0
CUST-01506,Midwest,30,1,18,month-to-month,dsl,70.91,1,1,0,0,1,8.0,0
CUST-01507,West,58,5,66,month-to-month,fiber,89.65,1,1,4,1,2,7.6,1
CUST-01508,South,76,4,35,month-to-month,dsl,96.33,1,1,3,1,0,8.2,0
CUST-01509,Northeast,33,5,63,month-to-month,dsl,104.52,1,0,2,2,0,7.5,0
CUST-01510,South,43,3,50,one-year,fiber,94.89,1,1,0,1,0,8.0,0
CUST-01511,Midwest,74,4,25,month-to-month,fiber,129.41,1,0,4,1,2,9.5,0
CUST-01512,Northeast,73,3,17,month-to-month,dsl,110.18,1,1,3,1,0,6.9,1
CUST-01513,West,19,4,54,two-year,none,76.8,1,1,1,1,1,7.3,0
CUST-01514,West,38,4,24,month-to-month,fiber,106.18,1,1,1,2,1,6.8,0
CUST-01515,Northeast,38,2,18,one-year,none,71.96,1,0,1,2,0,7.9,0
CUST-01516,West,35,2,67,month-to-month,dsl,91.94,0,1,4,1,0,9.1,1
CUST-01517,West,74,5,35,month-to-month,dsl,76.78,0,1,2,1,0,7.3,0
CUST-01518,South,64,5,4,month-to-month,fiber,87.45,0,0,4,3,0,6.7,0
CUST-01519,West,21,1,36,month-to-month,dsl,121.78,0,0,3,0,0,8.2,0
CUST-01520,Midwest,55,1,34,one-year,dsl,71.27,1,0,1,1,0,7.8,0
CUST-01521,South,52,4,63,month-to-month,fiber,100.97,1,1,2,1,1,8.4,1
CUST-01522,Midwest,49,4,52,month-to-month,none,78.87,0,1,4,1,1,7.4,0
CUST-01523,West,61,2,14,month-to-month,none,105.93,1,1,2,1,1,8.2,0
CUST-01524,Midwest,44,5,11,two-year,fiber,112.1,0,1,3,3,1,6.0,0
CUST-01525,Midwest,60,1,44,one-year,dsl,71.54,1,1,0,1,0,7.4,0
CUST-01526,Midwest,45,1,4,two-year,dsl,121.04,0,1,2,2,1,6.5,1
CUST-01527,Midwest,74,3,23,one-year,dsl,99.61,1,0,2,1,1,7.9,0
CUST-01528,Northeast,68,3,10,one-year,dsl,73.49,1,0,1,1,0,8.9,0
CUST-01529,Midwest,21,2,2,month-to-month,fiber,99.1,1,0,4,3,0,8.3,1
CUST-01530,Midwest,27,4,67,two-year,fiber,109.7,1,1,1,1,2,7.6,0
CUST-01531,Northeast,41,5,7,month-to-month,fiber,111.42,0,1,4,2,2,7.9,1
CUST-01532,West,21,1,1,month-to-month,none,70.82,1,1,0,1,1,7.9,0
CUST-01533,Northeast,22,4,68,one-year,fiber,105.04,0,1,2,1,0,7.0,0
CUST-01534,Northeast,18,3,14,month-to-month,none,82.0,1,1,2,1,2,7.2,0
CUST-01535,South,71,5,59,month-to-month,fiber,112.93,1,1,1,0,0,8.8,0
CUST-01536,Midwest,47,2,3,month-to-month,fiber,73.2,1,1,2,2,0,7.8,0
CUST-01537,Northeast,64,4,12,month-to-month,none,80.06,1,0,4,3,0,6.0,0
CUST-01538,South,67,4,8,two-year,dsl,94.51,0,0,2,2,0,6.8,0
CUST-01539,Northeast,27,2,51,month-to-month,fiber,108.25,1,1,2,0,0,7.8,0
CUST-01540,West,58,3,45,one-year,fiber,128.42,0,1,4,0,0,8.0,0
CUST-01541,Midwest,55,4,35,month-to-month,fiber,116.86,1,1,4,4,0,6.2,1
CUST-01542,West,77,3,18,one-year,fiber,79.16,1,0,0,3,2,8.0,0
CUST-01543,South,70,4,7,month-to-month,fiber,101.66,1,1,3,0,0,7.7,0
CUST-01544,Midwest,54,4,41,two-year,dsl,80.0,1,1,4,2,1,5.6,0
CUST-01545,South,58,2,17,month-to-month,fiber,130.82,1,0,4,1,0,6.0,0
CUST-01546,South,48,4,43,month-to-month,fiber,130.36,0,1,4,3,0,6.9,0
CUST-01547,Midwest,53,3,50,month-to-month,fiber,81.53,1,1,0,2,1,6.3,0
CUST-01548,West,52,2,62,month-to-month,fiber,125.67,1,0,3,1,4,6.8,0
CUST-01549,West,71,5,36,month-to-month,none,96.69,1,0,4,2,1,6.1,1
CUST-01550,South,70,1,1,one-year,fiber,103.82,0,1,2,2,1,6.7,1
CUST-01551,South,31,4,21,two-year,fiber,71.65,0,1,0,2,0,6.8,0
CUST-01552,South,18,2,62,one-year,dsl,74.41,1,0,0,2,0,6.7,0
CUST-01553,West,33,4,39,month-to-month,none,71.08,1,1,1,1,1,8.4,0
CUST-01554,South,45,5,45,month-to-month,dsl,126.47,1,1,4,2,0,8.2,0
CUST-01555,Northeast,31,4,33,one-year,dsl,77.88,0,0,0,2,0,7.7,0
CUST-01556,Northeast,42,2,12,two-year,none,92.17,0,1,3,1,1,9.2,0
CUST-01557,South,44,4,65,month-to-month,dsl,100.44,1,1,0,2,0,5.8,1
CUST-01558,West,75,2,56,two-year,none,75.91,0,0,4,3,0,6.4,0
CUST-01559,Midwest,44,1,72,month-to-month,fiber,86.3,0,0,0,1,2,6.5,0
CUST-01560,South,29,2,62,one-year,dsl,87.81,0,0,1,1,0,8.3,0
CUST-01561,Midwest,42,4,21,two-year,dsl,90.08,0,1,0,1,1,6.3,0
CUST-01562,West,19,2,19,one-year,none,63.1,0,1,2,2,1,7.5,0
CUST-01563,South,19,1,18,month-to-month,fiber,118.97,1,1,3,0,0,6.8,0
CUST-01564,West,55,3,67,one-year,dsl,79.38,0,1,2,2,1,7.5,0
CUST-01565,Midwest,33,5,41,month-to-month,fiber,114.23,1,1,2,2,1,7.8,0
CUST-01566,Midwest,55,3,33,one-year,dsl,108.76,1,1,3,1,1,6.6,0
CUST-01567,Northeast,20,3,70,month-to-month,fiber,133.72,1,1,2,2,0,6.7,0
CUST-01568,Northeast,37,2,44,one-year,dsl,119.15,1,1,3,0,0,9.5,0
CUST-01569,South,52,3,66,two-year,dsl,73.84,1,1,1,0,2,9.2,0
CUST-01570,South,50,2,71,month-to-month,fiber,85.23,1,1,0,1,1,6.0,0
CUST-01571,South,53,5,6,month-to-month,fiber,102.98,1,1,0,1,1,7.6,0
CUST-01572,West,53,4,27,one-year,fiber,95.47,1,1,0,1,0,8.5,0
CUST-01573,Northeast,37,4,53,month-to-month,dsl,66.16,1,1,0,1,0,7.5,0
CUST-01574,South,39,4,59,month-to-month,dsl,59.39,1,1,0,2,1,8.0,0
CUST-01575,Northeast,42,2,11,month-to-month,dsl,20.0,1,0,0,1,0,7.1,0
CUST-01576,Northeast,43,4,23,month-to-month,fiber,67.71,0,0,0,1,0,6.9,0
CUST-01577,South,65,5,40,one-year,dsl,86.39,0,1,3,4,0,5.4,0
CUST-01578,Midwest,26,1,58,one-year,dsl,73.53,0,1,1,0,0,8.4,0
CUST-01579,Midwest,51,5,9,month-to-month,fiber,108.26,1,0,2,0,3,7.1,0
CUST-01580,Midwest,64,5,44,month-to-month,fiber,95.14,1,1,0,1,1,8.1,0
CUST-01581,West,38,1,22,month-to-month,fiber,150.17,1,1,4,2,1,6.4,1
CUST-01582,Midwest,41,1,16,month-to-month,fiber,88.37,0,0,1,1,0,7.2,0
CUST-01583,South,58,3,38,one-year,fiber,70.31,0,1,2,1,0,7.9,0
CUST-01584,South,56,4,30,month-to-month,fiber,91.05,0,0,3,0,0,7.2,1
CUST-01585,Northeast,51,3,46,month-to-month,fiber,142.26,1,1,4,2,1,7.7,1
CUST-01586,South,43,4,23,two-year,fiber,105.5,0,0,3,0,1,8.6,0
CUST-01587,South,20,5,60,month-to-month,fiber,125.87,0,1,2,1,0,7.9,0
CUST-01588,Northeast,27,2,6,one-year,dsl,69.06,0,1,1,5,3,3.8,1
CUST-01589,Northeast,47,3,63,month-to-month,dsl,73.72,1,0,1,1,1,8.7,0
CUST-01590,Midwest,60,1,3,month-to-month,fiber,66.56,0,1,0,2,0,5.1,1
CUST-01591,South,30,1,53,month-to-month,dsl,69.73,1,1,1,1,0,8.3,0
CUST-01592,West,43,4,25,one-year,dsl,90.94,1,1,3,1,0,8.1,0
CUST-01593,West,32,5,28,two-year,fiber,106.86,1,0,1,1,0,8.5,0
CUST-01594,West,29,3,2,month-to-month,fiber,109.33,1,1,1,4,1,5.5,1
CUST-01595,South,71,4,51,month-to-month,fiber,128.96,0,0,0,1,1,7.2,0
CUST-01596,Midwest,74,5,12,month-to-month,dsl,87.97,0,1,1,2,1,7.2,0
CUST-01597,West,77,1,48,one-year,fiber,100.0,1,1,0,0,1,8.2,0
CUST-01598,Midwest,71,4,53,one-year,fiber,97.57,0,1,2,1,1,7.6,0
CUST-01599,South,42,4,61,one-year,dsl,66.19,1,0,1,2,0,7.6,0
CUST-01600,Midwest,61,5,51,two-year,none,103.08,1,0,4,2,0,9.4,0
CUST-01601,Northeast,35,2,22,month-to-month,fiber,107.49,0,0,2,0,0,6.5,0
CUST-01602,Midwest,52,4,54,one-year,dsl,109.93,0,1,1,0,0,9.4,0
CUST-01603,West,33,5,60,one-year,fiber,96.19,1,1,2,2,0,7.8,0
CUST-01604,West,55,3,23,month-to-month,dsl,94.76,1,1,4,1,0,7.9,0
CUST-01605,West,43,2,9,two-year,dsl,63.92,1,0,0,0,1,7.1,0
CUST-01606,Midwest,39,5,65,month-to-month,dsl,82.42,0,0,1,0,0,8.9,0
CUST-01607,South,23,1,11,one-year,fiber,76.03,1,1,2,2,0,6.4,0
CUST-01608,Northeast,33,5,43,one-year,fiber,93.88,0,1,0,0,1,9.3,0
CUST-01609,South,44,5,18,two-year,dsl,67.55,0,1,2,2,2,6.2,0
CUST-01610,Midwest,53,1,10,month-to-month,fiber,68.75,1,0,0,0,0,9.5,1
CUST-01611,South,68,2,56,month-to-month,none,82.92,1,0,4,1,0,7.0,0
CUST-01612,Northeast,62,3,11,one-year,fiber,112.8,1,1,3,0,1,7.4,0
CUST-01613,West,50,1,49,one-year,fiber,90.85,1,1,0,2,0,7.3,0
CUST-01614,Midwest,47,1,50,month-to-month,fiber,99.93,0,1,2,1,2,6.2,1
CUST-01615,South,46,2,5,one-year,fiber,113.44,0,0,1,2,0,6.9,0
CUST-01616,West,71,5,13,month-to-month,dsl,80.39,0,0,2,1,0,8.9,0
CUST-01617,West,68,3,58,one-year,fiber,79.88,1,1,2,2,1,6.6,0
CUST-01618,Midwest,41,4,37,two-year,dsl,80.09,0,0,4,1,0,7.9,0
CUST-01619,West,51,4,9,month-to-month,dsl,61.24,1,1,0,1,2,8.5,0
CUST-01620,South,40,3,72,month-to-month,dsl,85.45,0,0,2,1,1,7.3,0
CUST-01621,West,51,1,20,two-year,dsl,113.44,1,0,4,1,1,8.7,0
CUST-01622,Midwest,43,5,1,one-year,none,60.18,0,0,0,2,0,7.6,1
CUST-01623,Midwest,69,3,67,two-year,dsl,102.01,0,1,1,1,1,8.3,0
CUST-01624,Northeast,60,2,2,month-to-month,fiber,119.16,1,0,3,1,0,7.5,0
CUST-01625,Midwest,28,3,40,two-year,dsl,47.63,1,0,0,1,1,8.2,0
CUST-01626,Midwest,19,3,72,month-to-month,none,33.11,1,1,1,0,0,9.8,0
CUST-01627,Northeast,75,5,42,month-to-month,fiber,103.75,0,0,4,0,0,7.6,0
CUST-01628,South,39,2,43,month-to-month,dsl,96.42,1,0,2,1,1,7.7,0
CUST-01629,West,27,5,28,one-year,fiber,90.94,1,0,0,3,0,6.2,0
CUST-01630,Midwest,62,1,10,two-year,dsl,97.1,0,1,4,1,0,8.6,0
CUST-01631,Northeast,46,2,42,one-year,fiber,107.79,1,1,2,1,0,6.4,0
CUST-01632,West,51,1,65,one-year,dsl,114.88,1,1,2,3,2,6.1,0
CUST-01633,West,56,5,7,month-to-month,fiber,117.21,1,1,4,2,0,8.0,0
CUST-01634,Northeast,36,3,64,month-to-month,dsl,89.23,1,1,1,3,0,6.4,0
CUST-01635,Northeast,52,3,30,month-to-month,fiber,121.12,1,0,1,0,0,6.5,0
CUST-01636,Midwest,57,1,39,month-to-month,dsl,60.62,1,1,2,0,0,7.5,0
CUST-01637,Northeast,54,1,12,month-to-month,fiber,128.4,1,1,1,0,0,7.5,0
CUST-01638,Midwest,72,5,45,two-year,dsl,36.16,1,1,0,2,0,8.8,0
CUST-01639,Midwest,41,5,14,one-year,fiber,75.4,0,0,0,3,0,7.3,0
CUST-01640,West,48,2,20,one-year,fiber,86.1,1,1,1,0,1,9.0,0
CUST-01641,Northeast,63,4,52,month-to-month,fiber,63.97,1,1,0,1,1,6.2,0
CUST-01642,West,62,2,4,month-to-month,none,70.07,0,1,2,0,1,7.6,1
CUST-01643,Northeast,77,5,33,month-to-month,fiber,116.04,1,0,4,2,0,8.4,0
CUST-01644,South,29,1,43,month-to-month,dsl,92.39,1,1,1,2,0,7.9,0
CUST-01645,West,73,1,10,month-to-month,fiber,102.05,1,1,0,0,0,7.7,0
CUST-01646,Northeast,46,2,22,month-to-month,dsl,71.68,1,1,0,0,0,8.9,0
CUST-01647,Midwest,30,1,25,month-to-month,fiber,104.67,0,1,0,1,0,6.2,1
CUST-01648,Midwest,35,4,48,one-year,fiber,111.82,1,1,2,0,0,7.7,0
CUST-01649,West,39,5,71,month-to-month,fiber,95.31,1,1,2,3,0,4.8,0
CUST-01650,Midwest,77,5,61,month-to-month,fiber,102.89,1,0,2,1,1,7.2,0
CUST-01651,South,24,5,14,month-to-month,fiber,105.97,0,1,3,1,0,7.9,0
CUST-01652,West,31,1,2,month-to-month,fiber,85.44,1,1,1,2,0,6.2,0
CUST-01653,Northeast,60,1,4,month-to-month,dsl,99.85,1,0,3,0,2,7.6,0
CUST-01654,West,74,1,43,month-to-month,none,63.96,0,1,4,0,0,7.1,0
CUST-01655,Northeast,22,4,12,one-year,fiber,86.78,0,1,0,1,1,6.9,0
CUST-01656,Midwest,42,1,17,month-to-month,none,27.95,1,1,0,1,0,6.7,0
CUST-01657,Northeast,42,4,62,two-year,fiber,101.53,1,1,1,1,0,9.1,0
CUST-01658,South,47,3,63,month-to-month,fiber,77.11,1,1,0,0,0,7.5,0
CUST-01659,West,63,4,61,month-to-month,fiber,123.81,1,0,4,0,0,7.9,0
CUST-01660,South,49,1,19,month-to-month,fiber,126.92,1,1,4,0,0,7.7,0
CUST-01661,Northeast,26,3,45,month-to-month,fiber,95.62,1,1,2,0,0,8.4,0
CUST-01662,West,32,1,44,month-to-month,dsl,79.29,1,1,0,0,0,10.0,0
CUST-01663,Midwest,62,1,14,two-year,dsl,100.28,1,0,4,2,0,9.9,0
CUST-01664,South,32,4,40,month-to-month,dsl,92.23,1,0,4,3,1,6.0,0
CUST-01665,West,47,3,38,one-year,fiber,97.71,0,1,2,4,0,6.4,0
CUST-01666,Midwest,40,4,29,month-to-month,fiber,100.74,0,1,3,3,0,7.1,0
CUST-01667,Midwest,44,1,55,month-to-month,dsl,86.77,1,1,3,2,1,7.9,0
CUST-01668,Midwest,62,2,49,month-to-month,fiber,116.55,1,1,2,0,0,8.7,0
CUST-01669,Northeast,32,1,39,month-to-month,fiber,71.06,1,1,1,1,0,8.6,0
CUST-01670,Northeast,60,3,53,month-to-month,fiber,74.7,1,1,1,1,0,8.0,0
CUST-01671,Midwest,63,3,55,two-year,fiber,134.0,1,1,1,0,1,7.7,0
CUST-01672,West,77,4,41,one-year,dsl,78.58,0,1,1,3,0,7.6,0
CUST-01673,West,45,1,20,two-year,fiber,99.32,1,0,3,0,1,8.4,0
CUST-01674,Northeast,23,1,55,month-to-month,fiber,113.56,1,0,4,0,1,8.2,0
CUST-01675,Northeast,58,5,52,one-year,none,61.28,0,1,0,4,0,4.8,0
CUST-01676,West,63,4,71,one-year,none,73.48,1,0,0,0,2,7.3,0
CUST-01677,Northeast,19,1,11,one-year,fiber,92.8,1,1,2,1,0,7.6,0
CUST-01678,Midwest,29,2,31,two-year,fiber,107.12,1,0,3,2,1,7.6,0
CUST-01679,South,38,3,67,one-year,dsl,83.62,1,1,2,1,0,9.6,0
CUST-01680,Northeast,48,3,38,two-year,fiber,122.89,0,0,4,2,0,7.8,0
CUST-01681,West,48,4,68,one-year,fiber,111.84,1,1,3,1,0,7.8,0
CUST-01682,West,29,2,1,month-to-month,fiber,91.7,1,1,3,4,1,4.8,1
CUST-01683,South,29,3,3,one-year,fiber,87.13,1,0,2,0,0,9.6,0
CUST-01684,West,74,4,58,month-to-month,none,53.59,0,1,0,0,0,8.2,1
CUST-01685,Midwest,61,1,26,two-year,dsl,90.72,1,1,0,3,1,3.7,0
CUST-01686,Northeast,48,3,38,one-year,none,80.11,0,1,3,0,0,9.2,0
CUST-01687,South,37,2,31,month-to-month,dsl,122.47,0,1,1,2,2,6.6,1
CUST-01688,Northeast,46,4,30,month-to-month,dsl,88.58,1,1,3,2,0,5.1,1
CUST-01689,Midwest,75,1,68,month-to-month,dsl,65.4,1,1,1,1,0,8.2,0
CUST-01690,Midwest,36,2,7,month-to-month,dsl,78.9,1,1,0,1,0,7.7,1
CUST-01691,Northeast,37,4,56,month-to-month,fiber,126.95,0,1,3,2,0,5.6,1
CUST-01692,Midwest,44,3,65,one-year,fiber,125.2,1,1,4,1,0,9.8,0
CUST-01693,South,29,1,48,one-year,dsl,92.01,1,1,2,2,1,7.5,0
CUST-01694,Northeast,24,5,29,two-year,fiber,81.67,1,1,0,0,2,7.6,0
CUST-01695,Northeast,71,1,12,month-to-month,fiber,98.9,1,1,2,2,0,6.3,0
CUST-01696,Midwest,59,3,50,month-to-month,fiber,80.38,1,1,4,0,1,7.7,0
CUST-01697,West,38,1,34,month-to-month,dsl,86.42,0,0,1,1,0,7.2,0
CUST-01698,Midwest,52,3,11,two-year,fiber,90.18,0,1,0,3,0,7.1,0
CUST-01699,Midwest,47,2,26,month-to-month,fiber,123.78,1,1,3,2,1,6.6,1
CUST-01700,West,23,4,70,month-to-month,fiber,97.01,1,1,1,1,1,7.0,0
CUST-01701,Midwest,63,4,20,month-to-month,fiber,85.37,1,1,0,0,0,8.3,0
CUST-01702,West,24,5,13,one-year,none,94.95,1,1,3,0,0,8.1,0
CUST-01703,Midwest,52,1,50,month-to-month,fiber,126.72,1,0,1,0,0,8.0,0
CUST-01704,Northeast,35,4,15,one-year,fiber,95.22,1,1,0,1,1,8.9,0
CUST-01705,Midwest,44,2,67,one-year,fiber,50.61,1,1,0,0,0,8.1,0
CUST-01706,Midwest,46,4,62,one-year,dsl,47.61,0,1,0,0,0,8.1,0
CUST-01707,South,44,5,71,month-to-month,dsl,83.83,1,0,0,0,0,7.4,1
CUST-01708,Midwest,31,5,66,month-to-month,fiber,72.83,1,1,0,2,0,8.0,0
CUST-01709,Northeast,22,5,18,month-to-month,fiber,95.29,0,0,1,0,0,6.3,1
CUST-01710,South,25,5,16,month-to-month,dsl,94.94,0,1,4,1,0,6.6,1
CUST-01711,West,61,4,25,one-year,none,78.28,1,1,1,0,1,8.8,0
CUST-01712,Northeast,23,5,34,month-to-month,fiber,76.26,1,0,0,1,0,7.4,0
CUST-01713,Midwest,48,4,64,month-to-month,fiber,127.01,0,1,4,2,2,7.0,0
CUST-01714,Midwest,36,1,53,month-to-month,fiber,91.56,0,1,3,0,1,7.4,0
CUST-01715,Midwest,59,5,47,one-year,fiber,122.33,0,1,4,0,0,7.6,0
CUST-01716,West,55,4,64,month-to-month,dsl,88.14,0,1,2,4,2,5.0,0
CUST-01717,Northeast,29,5,47,one-year,none,110.2,1,1,2,0,0,7.3,0
CUST-01718,Northeast,58,2,28,month-to-month,none,96.55,1,1,2,1,0,6.8,0
CUST-01719,South,57,3,30,two-year,dsl,103.47,1,1,0,1,0,8.7,0
CUST-01720,Northeast,34,3,38,one-year,fiber,118.9,0,0,1,0,1,7.7,0
CUST-01721,Northeast,68,1,7,month-to-month,none,75.51,1,0,2,0,0,8.1,0
CUST-01722,Midwest,44,4,54,month-to-month,fiber,93.4,0,0,1,1,1,7.2,1
CUST-01723,South,20,2,47,month-to-month,fiber,100.25,1,0,4,0,0,6.7,1
CUST-01724,West,55,1,53,month-to-month,dsl,104.12,1,1,4,0,0,6.7,1
CUST-01725,West,45,2,39,month-to-month,fiber,108.27,1,0,2,2,0,7.3,0
CUST-01726,Midwest,39,4,57,two-year,dsl,101.83,1,1,3,2,0,7.0,0
CUST-01727,West,45,4,69,one-year,none,55.13,0,0,1,0,0,8.0,0
CUST-01728,South,76,2,42,month-to-month,dsl,107.84,0,1,4,0,1,8.2,0
CUST-01729,Midwest,41,2,32,one-year,dsl,85.51,1,1,3,0,1,7.4,0
CUST-01730,West,59,5,8,month-to-month,fiber,104.16,0,0,3,2,2,5.7,0
CUST-01731,Northeast,69,3,57,two-year,fiber,101.83,1,1,2,1,0,7.6,0
CUST-01732,Midwest,52,2,66,month-to-month,dsl,107.94,0,1,4,2,0,7.1,0
CUST-01733,West,71,5,51,one-year,dsl,71.04,1,1,2,2,1,6.8,0
CUST-01734,Midwest,47,1,63,one-year,none,86.87,0,1,4,2,1,6.3,0
CUST-01735,West,31,4,63,month-to-month,fiber,116.19,0,1,3,3,0,7.7,1
CUST-01736,Northeast,47,3,58,month-to-month,fiber,113.64,1,0,2,0,0,8.1,0
CUST-01737,South,25,2,37,month-to-month,fiber,69.08,1,1,1,2,0,7.6,0
CUST-01738,Northeast,35,4,8,two-year,dsl,111.81,1,0,4,1,1,6.0,0
CUST-01739,Midwest,30,2,1,month-to-month,dsl,79.55,1,1,0,2,0,5.8,0
CUST-01740,Midwest,22,4,15,one-year,none,40.97,0,1,0,2,0,7.6,0
CUST-01741,Northeast,27,2,32,one-year,fiber,80.13,0,1,0,1,1,7.2,0
CUST-01742,West,68,4,54,one-year,fiber,91.7,0,1,0,0,0,7.9,0
CUST-01743,Midwest,69,3,33,month-to-month,fiber,65.96,1,1,1,2,1,5.9,0
CUST-01744,West,72,5,2,month-to-month,fiber,108.09,0,1,2,2,0,7.6,1
CUST-01745,Midwest,19,3,16,one-year,fiber,109.1,0,1,1,1,0,8.2,0
CUST-01746,West,76,1,71,month-to-month,dsl,99.45,1,0,2,4,0,5.8,0
CUST-01747,Northeast,38,4,72,two-year,fiber,119.86,1,0,2,1,0,8.1,0
CUST-01748,Midwest,42,1,28,month-to-month,fiber,92.69,0,1,2,5,0,4.8,1
CUST-01749,Northeast,28,4,58,month-to-month,dsl,95.95,0,1,0,1,0,6.7,0
CUST-01750,Midwest,74,2,52,one-year,dsl,81.3,1,0,2,3,0,6.3,0
CUST-01751,South,77,5,68,month-to-month,fiber,88.3,1,1,1,2,0,7.7,0
CUST-01752,Midwest,60,2,64,month-to-month,fiber,108.64,0,0,2,1,1,6.7,0
CUST-01753,Northeast,22,3,46,month-to-month,dsl,79.65,1,1,0,3,0,6.5,0
CUST-01754,South,43,3,29,month-to-month,dsl,119.67,0,1,4,2,0,6.4,0
CUST-01755,South,34,1,46,two-year,dsl,113.19,1,0,3,1,0,8.7,0
CUST-01756,Northeast,73,2,23,month-to-month,fiber,84.68,1,0,1,1,0,7.0,0
CUST-01757,Northeast,57,5,26,month-to-month,dsl,84.99,0,0,1,2,0,8.1,0
CUST-01758,West,76,2,44,month-to-month,none,76.87,1,1,1,2,0,6.5,1
CUST-01759,South,68,4,42,two-year,fiber,124.95,0,1,4,0,2,7.2,0
CUST-01760,Northeast,50,3,42,month-to-month,fiber,113.53,1,0,3,3,0,8.3,0
CUST-01761,Northeast,34,2,28,two-year,none,99.36,1,1,2,1,1,6.7,0
CUST-01762,West,64,4,30,two-year,fiber,105.07,1,1,3,3,1,6.5,0
CUST-01763,Northeast,59,1,1,month-to-month,dsl,102.16,0,1,0,1,1,8.0,1
CUST-01764,West,64,5,44,one-year,dsl,81.07,0,0,4,1,0,6.3,0
CUST-01765,Northeast,73,4,42,one-year,fiber,106.71,1,0,2,4,0,6.5,0
CUST-01766,Northeast,54,4,68,month-to-month,dsl,89.28,1,1,1,0,0,6.7,0
CUST-01767,West,58,1,37,month-to-month,fiber,95.96,1,1,3,0,2,7.6,0
CUST-01768,Northeast,43,2,34,one-year,dsl,64.5,1,1,0,1,1,9.5,0
CUST-01769,West,47,2,5,one-year,none,78.04,1,1,2,0,2,5.8,0
CUST-01770,Midwest,26,2,15,one-year,dsl,82.4,1,0,4,0,0,8.4,0
CUST-01771,West,29,1,25,two-year,fiber,127.04,1,0,3,1,0,7.5,0
CUST-01772,Midwest,77,1,28,month-to-month,dsl,98.36,1,0,0,0,0,7.2,0
CUST-01773,West,28,3,27,one-year,none,106.72,1,1,2,2,1,5.7,1
CUST-01774,Midwest,22,3,29,two-year,dsl,100.96,1,0,3,3,1,7.5,0
CUST-01775,Northeast,65,2,56,month-to-month,dsl,81.78,0,0,2,2,0,6.9,1
CUST-01776,South,26,3,10,month-to-month,fiber,91.9,1,0,1,1,1,5.6,1
CUST-01777,Northeast,45,5,24,month-to-month,dsl,94.29,1,0,3,2,0,6.2,0
CUST-01778,West,40,5,12,two-year,fiber,104.04,0,1,2,0,0,7.7,0
CUST-01779,South,42,5,23,month-to-month,fiber,111.54,1,1,4,1,1,5.9,1
CUST-01780,Midwest,41,2,50,one-year,none,114.25,1,1,4,2,0,7.4,0
CUST-01781,West,20,1,4,month-to-month,none,93.2,1,1,4,3,1,6.4,0
CUST-01782,Midwest,34,2,25,month-to-month,none,102.2,0,1,2,0,0,8.1,1
CUST-01783,West,56,2,2,one-year,fiber,109.56,1,1,3,0,1,10.0,0
CUST-01784,West,22,1,69,month-to-month,fiber,90.45,1,0,0,1,0,6.7,0
CUST-01785,Northeast,33,2,53,two-year,fiber,125.77,1,0,3,0,0,8.0,0
CUST-01786,West,71,3,18,month-to-month,fiber,109.96,0,1,3,2,0,6.3,0
CUST-01787,Northeast,57,2,15,two-year,dsl,91.69,1,1,3,1,0,8.7,0
CUST-01788,Midwest,48,5,8,month-to-month,dsl,75.94,0,1,0,3,1,6.6,0
CUST-01789,Midwest,50,5,35,two-year,fiber,126.53,0,0,2,0,0,7.2,0
CUST-01790,West,76,2,55,one-year,fiber,125.66,0,0,1,1,2,8.5,0
CUST-01791,Northeast,20,3,43,month-to-month,fiber,116.59,1,0,4,0,0,7.3,0
CUST-01792,West,70,3,64,month-to-month,dsl,76.11,0,1,2,3,0,7.0,1
CUST-01793,Midwest,46,2,25,month-to-month,dsl,80.73,1,1,3,3,2,6.7,1
CUST-01794,West,47,1,21,one-year,fiber,149.48,1,0,2,2,0,7.7,0
CUST-01795,West,31,2,35,one-year,fiber,50.34,1,0,0,2,2,6.6,0
CUST-01796,West,41,3,15,month-to-month,fiber,94.79,1,0,3,1,0,7.3,1
CUST-01797,Northeast,50,2,71,month-to-month,fiber,111.03,0,0,3,3,0,6.6,0
CUST-01798,Northeast,33,2,14,one-year,none,54.63,0,1,1,2,1,7.3,0
CUST-01799,Northeast,38,3,35,month-to-month,dsl,106.03,0,1,3,2,0,7.4,0
CUST-01800,West,77,1,38,one-year,fiber,99.87,1,1,1,2,0,8.0,0
CUST-01801,Midwest,66,4,5,month-to-month,dsl,94.83,1,1,3,3,1,6.5,0
CUST-01802,West,54,4,34,one-year,fiber,119.68,1,1,1,1,1,8.9,0
CUST-01803,South,35,5,33,two-year,fiber,99.03,1,1,3,1,0,7.4,0
CUST-01804,Midwest,68,1,19,month-to-month,dsl,88.52,0,1,4,0,0,7.9,1
CUST-01805,Northeast,69,4,10,month-to-month,fiber,134.31,1,1,2,1,0,7.0,0
CUST-01806,Midwest,77,1,4,month-to-month,fiber,70.59,1,0,0,2,1,8.9,0
CUST-01807,West,58,4,1,one-year,dsl,105.57,0,0,3,1,2,7.8,0
CUST-01808,Midwest,31,2,35,month-to-month,none,116.36,1,0,4,1,1,8.2,0
CUST-01809,West,40,5,7,two-year,fiber,71.84,1,1,3,5,1,5.9,0
CUST-01810,Midwest,73,1,70,one-year,dsl,80.93,0,1,1,1,1,7.3,0
CUST-01811,South,24,5,18,month-to-month,fiber,139.14,0,0,2,0,0,10.0,0
CUST-01812,Northeast,65,4,47,one-year,dsl,71.29,0,1,1,0,1,9.0,0
CUST-01813,Northeast,48,1,49,month-to-month,fiber,111.29,1,1,3,4,0,5.6,1
CUST-01814,Midwest,45,2,36,one-year,dsl,91.35,1,1,3,1,0,7.7,0
CUST-01815,South,27,3,64,month-to-month,fiber,117.76,1,1,3,1,0,7.7,0
CUST-01816,South,74,4,8,one-year,none,58.04,0,0,1,0,1,7.5,0
CUST-01817,Midwest,30,4,17,two-year,none,83.21,1,1,0,2,0,7.0,0
CUST-01818,Midwest,53,3,19,one-year,fiber,113.54,1,0,3,0,1,6.8,0
CUST-01819,West,51,4,10,two-year,dsl,68.57,1,1,1,1,0,5.7,0
CUST-01820,West,41,2,22,month-to-month,fiber,100.62,1,0,4,2,1,8.5,1
CUST-01821,Northeast,26,2,23,one-year,dsl,53.56,1,0,0,1,0,7.4,0
CUST-01822,Northeast,27,1,56,one-year,fiber,116.86,1,1,4,1,0,7.6,0
CUST-01823,West,56,4,22,one-year,fiber,121.32,1,1,3,1,1,7.7,0
CUST-01824,West,61,4,64,month-to-month,dsl,96.94,0,1,2,4,0,6.3,0
CUST-01825,Midwest,32,5,56,month-to-month,fiber,123.25,1,1,4,1,0,8.2,0
CUST-01826,Midwest,64,3,65,one-year,dsl,99.7,1,0,3,3,0,7.7,0
CUST-01827,Midwest,59,4,8,month-to-month,dsl,83.65,0,1,0,1,2,7.3,1
CUST-01828,West,30,4,71,one-year,fiber,95.32,0,0,1,0,0,8.0,0
CUST-01829,South,41,5,45,two-year,fiber,130.58,1,0,4,2,0,8.5,0
CUST-01830,Northeast,40,3,71,two-year,dsl,70.69,0,1,3,1,0,7.5,0
CUST-01831,West,51,4,26,month-to-month,dsl,48.05,0,1,0,1,1,8.0,0
CUST-01832,Northeast,21,5,69,two-year,fiber,95.64,1,1,0,1,1,6.3,0
CUST-01833,Northeast,75,3,43,month-to-month,fiber,124.88,0,1,4,2,0,7.9,0
CUST-01834,Midwest,51,3,6,month-to-month,dsl,76.25,0,1,0,2,0,5.9,0
CUST-01835,South,59,4,30,two-year,dsl,102.7,0,1,4,1,0,6.3,0
CUST-01836,Midwest,54,5,10,month-to-month,dsl,97.32,0,0,2,3,0,5.0,1
CUST-01837,South,41,3,68,month-to-month,fiber,87.31,1,1,4,2,0,7.2,0
CUST-01838,Midwest,68,3,22,month-to-month,dsl,115.38,1,1,1,2,0,9.1,0
CUST-01839,Northeast,37,2,17,month-to-month,dsl,62.86,0,1,1,0,0,7.7,0
CUST-01840,Midwest,19,5,40,one-year,fiber,89.6,1,1,3,0,0,8.3,0
CUST-01841,Midwest,51,1,31,month-to-month,fiber,112.85,1,1,0,0,2,8.3,0
CUST-01842,Midwest,25,5,7,month-to-month,fiber,88.14,0,1,0,0,0,7.3,0
CUST-01843,South,67,2,59,one-year,dsl,79.31,1,1,3,2,3,6.5,0
CUST-01844,West,19,2,61,month-to-month,fiber,93.78,0,1,0,0,1,7.3,0
CUST-01845,Northeast,30,2,54,one-year,dsl,87.05,0,1,4,1,0,9.4,0
CUST-01846,South,74,4,45,two-year,dsl,78.68,0,1,3,0,0,8.3,0
CUST-01847,Midwest,33,2,29,one-year,fiber,126.9,0,1,3,1,2,7.8,1
CUST-01848,South,48,1,40,two-year,dsl,81.85,1,0,2,2,1,6.5,0
CUST-01849,Midwest,70,3,38,month-to-month,dsl,84.02,1,1,3,0,1,6.8,0
CUST-01850,West,32,5,12,two-year,fiber,107.02,1,1,4,1,0,8.5,1
CUST-01851,Midwest,36,5,6,month-to-month,dsl,76.45,0,0,0,2,0,7.0,0
CUST-01852,South,19,2,19,month-to-month,fiber,96.03,1,0,1,1,0,8.5,0
CUST-01853,Midwest,66,4,33,one-year,fiber,102.59,1,1,3,2,2,6.1,0
CUST-01854,Midwest,23,3,12,month-to-month,dsl,76.93,0,0,0,0,0,7.8,1
CUST-01855,West,76,2,8,two-year,dsl,65.77,1,1,1,3,0,5.6,1
CUST-01856,Midwest,61,1,62,one-year,fiber,79.0,1,0,0,1,0,7.5,0
CUST-01857,Northeast,36,1,27,two-year,none,52.17,0,0,0,5,0,4.1,0
CUST-01858,South,46,5,43,month-to-month,dsl,115.2,1,0,2,1,0,7.3,0
CUST-01859,South,49,5,38,month-to-month,dsl,127.48,0,1,3,1,0,8.5,0
CUST-01860,South,62,5,53,one-year,fiber,90.27,1,1,0,0,2,7.2,0
CUST-01861,West,40,5,54,month-to-month,fiber,129.85,0,1,4,1,1,6.3,1
CUST-01862,Northeast,33,3,22,month-to-month,fiber,95.73,0,1,3,0,0,7.7,0
CUST-01863,Midwest,25,1,62,one-year,dsl,87.99,1,1,3,1,0,7.7,0
CUST-01864,South,44,1,27,two-year,fiber,97.88,1,0,0,3,0,7.5,0
CUST-01865,Midwest,46,4,61,one-year,dsl,55.24,0,0,2,1,0,6.5,0
CUST-01866,South,55,4,30,month-to-month,fiber,128.45,1,1,4,1,2,4.8,1
CUST-01867,Northeast,68,5,8,month-to-month,dsl,75.28,1,0,1,0,2,7.7,1
CUST-01868,Northeast,30,2,55,one-year,dsl,74.92,1,1,2,1,0,9.4,0
CUST-01869,South,31,2,3,month-to-month,dsl,92.19,1,1,2,1,0,7.4,0
CUST-01870,West,35,5,56,month-to-month,dsl,116.23,1,1,3,1,2,7.4,0
CUST-01871,South,27,5,4,month-to-month,none,84.43,1,1,4,2,2,6.4,1
CUST-01872,West,26,2,15,month-to-month,fiber,88.25,0,1,0,0,2,8.0,1
CUST-01873,West,65,5,44,month-to-month,dsl,78.38,1,1,0,1,1,7.0,0
CUST-01874,Northeast,60,3,68,month-to-month,none,69.4,0,1,0,0,0,7.8,0
CUST-01875,West,67,5,30,one-year,dsl,70.28,0,1,1,2,0,8.6,0
CUST-01876,Midwest,52,1,9,month-to-month,fiber,102.05,1,1,1,1,0,8.6,0
CUST-01877,Midwest,67,3,17,one-year,none,87.7,0,1,4,1,0,7.0,0
CUST-01878,South,44,5,65,month-to-month,fiber,67.95,1,1,2,1,0,7.0,0
CUST-01879,West,70,5,53,two-year,fiber,133.12,1,1,3,1,0,7.4,0
CUST-01880,Northeast,52,3,8,month-to-month,fiber,84.41,1,1,2,3,0,5.4,1
CUST-01881,Northeast,20,1,28,month-to-month,fiber,119.91,1,0,4,2,0,6.5,1
CUST-01882,Northeast,28,5,20,month-to-month,fiber,115.45,1,1,1,0,0,8.0,0
CUST-01883,West,48,1,13,month-to-month,fiber,107.27,1,1,3,4,0,5.2,1
CUST-01884,Midwest,66,2,61,month-to-month,none,50.83,0,1,1,0,0,8.3,0
CUST-01885,Midwest,26,5,45,two-year,fiber,104.39,0,0,1,1,0,6.1,0
CUST-01886,Northeast,63,3,13,two-year,fiber,145.47,1,1,4,2,1,6.0,0
CUST-01887,Northeast,71,2,47,month-to-month,none,49.79,1,1,0,1,1,7.9,0
CUST-01888,West,28,1,30,month-to-month,dsl,43.89,0,1,1,1,1,8.8,0
CUST-01889,West,51,1,5,one-year,fiber,115.18,0,0,1,0,1,8.2,0
CUST-01890,West,71,4,33,one-year,fiber,102.79,0,0,0,2,2,5.8,0
CUST-01891,West,36,4,14,month-to-month,dsl,98.61,1,0,3,1,1,6.3,0
CUST-01892,Midwest,41,1,18,one-year,dsl,47.29,1,0,1,2,0,7.0,0
CUST-01893,West,44,5,64,month-to-month,dsl,101.11,1,1,2,1,0,8.7,0
CUST-01894,West,45,3,52,one-year,fiber,118.41,1,1,1,1,0,8.4,0
CUST-01895,South,37,4,10,month-to-month,dsl,131.31,1,1,4,2,1,5.6,0
CUST-01896,Northeast,49,4,62,month-to-month,dsl,80.51,0,1,2,0,2,7.7,0
CUST-01897,Northeast,34,1,42,month-to-month,dsl,101.92,1,1,3,4,2,6.7,0
CUST-01898,Midwest,65,1,63,one-year,dsl,59.38,0,0,3,2,0,8.2,0
CUST-01899,Northeast,58,4,54,month-to-month,dsl,109.59,0,1,4,1,0,8.5,0
CUST-01900,Northeast,27,4,25,one-year,dsl,106.94,1,1,3,1,0,8.6,0
CUST-01901,West,69,5,39,one-year,dsl,114.84,0,1,4,1,0,6.5,0
CUST-01902,Midwest,33,5,39,one-year,dsl,110.2,0,1,3,2,0,6.4,0
CUST-01903,South,49,3,52,month-to-month,dsl,59.03,1,1,0,1,0,9.1,0
CUST-01904,South,74,3,18,month-to-month,fiber,84.37,1,1,0,1,0,7.2,0
CUST-01905,South,58,3,24,month-to-month,dsl,86.56,1,1,3,2,0,5.3,0
CUST-01906,Northeast,74,4,18,one-year,dsl,83.9,1,1,0,3,0,7.3,0
CUST-01907,West,54,5,22,two-year,fiber,105.51,0,1,0,2,1,7.8,0
CUST-01908,Midwest,66,1,12,month-to-month,fiber,108.75,1,0,3,0,0,8.0,0
CUST-01909,West,45,3,3,two-year,dsl,82.99,0,1,1,1,0,8.1,0
CUST-01910,South,28,3,68,month-to-month,dsl,90.58,1,1,1,5,0,4.6,0
CUST-01911,Northeast,28,2,6,month-to-month,fiber,86.84,0,1,0,3,0,5.8,0
CUST-01912,Northeast,53,5,64,month-to-month,fiber,116.72,0,0,1,0,1,6.0,0
CUST-01913,West,26,3,1,one-year,fiber,105.23,0,1,4,0,0,7.2,0
CUST-01914,West,44,1,56,month-to-month,none,80.39,1,1,2,5,0,6.6,0
CUST-01915,West,45,4,24,month-to-month,dsl,94.78,0,0,4,2,0,3.8,1
CUST-01916,Northeast,22,5,38,one-year,dsl,112.31,1,1,3,2,1,6.8,0
CUST-01917,South,68,1,21,month-to-month,fiber,94.14,1,1,1,3,0,6.0,1
CUST-01918,Northeast,22,3,36,month-to-month,dsl,101.48,1,0,0,0,1,8.4,0
CUST-01919,Midwest,36,2,33,month-to-month,dsl,100.52,0,0,4,1,0,5.4,0
CUST-01920,Northeast,69,1,39,month-to-month,none,102.29,0,1,4,1,1,6.4,0
CUST-01921,South,20,3,29,month-to-month,fiber,75.45,1,1,0,2,0,6.5,0
CUST-01922,Midwest,23,2,39,month-to-month,fiber,93.93,1,1,1,3,2,6.3,1
CUST-01923,South,68,5,60,one-year,dsl,94.46,0,1,3,0,0,8.2,0
CUST-01924,West,34,3,32,month-to-month,fiber,117.73,1,1,4,2,0,5.5,0
CUST-01925,Northeast,72,4,27,one-year,dsl,87.65,0,1,4,2,1,6.5,0
CUST-01926,West,27,5,10,month-to-month,dsl,71.49,1,0,1,2,1,6.1,1
CUST-01927,Northeast,27,3,26,month-to-month,fiber,111.72,0,1,4,1,2,7.2,0
CUST-01928,Midwest,52,4,10,month-to-month,fiber,113.35,0,1,3,1,0,7.1,1
CUST-01929,Midwest,75,3,14,month-to-month,dsl,90.61,0,1,2,0,0,9.4,0
CUST-01930,South,63,3,69,month-to-month,dsl,75.86,1,1,1,0,1,7.3,0
CUST-01931,Northeast,54,2,7,month-to-month,fiber,94.1,0,0,4,2,1,6.0,0
CUST-01932,West,33,5,35,two-year,fiber,130.92,1,1,4,4,0,5.8,0
CUST-01933,West,22,2,61,two-year,dsl,116.39,1,1,4,1,0,7.7,0
CUST-01934,West,64,2,69,month-to-month,fiber,121.89,1,0,2,2,0,7.8,0
CUST-01935,West,25,2,11,one-year,dsl,79.33,0,1,1,0,0,7.8,0
CUST-01936,West,28,2,12,one-year,dsl,91.53,1,1,4,3,2,5.9,1
CUST-01937,West,44,2,27,one-year,fiber,92.12,0,1,1,1,1,7.7,1
CUST-01938,Northeast,39,4,40,month-to-month,dsl,98.45,1,1,3,3,1,5.3,0
CUST-01939,West,69,4,70,month-to-month,fiber,115.15,0,0,2,1,0,7.9,0
CUST-01940,Midwest,32,3,15,month-to-month,fiber,91.74,1,0,2,0,1,7.5,0
CUST-01941,Northeast,57,2,12,month-to-month,dsl,61.18,0,0,1,2,2,5.4,1
CUST-01942,Northeast,45,2,19,month-to-month,none,72.11,1,0,1,1,0,5.9,0
CUST-01943,South,32,4,63,two-year,dsl,99.43,0,0,3,0,0,7.2,0
CUST-01944,Midwest,76,4,3,two-year,fiber,102.42,0,1,1,1,0,7.5,0
CUST-01945,West,65,3,28,month-to-month,dsl,94.59,1,0,3,5,0,5.3,1
CUST-01946,West,62,2,9,month-to-month,fiber,114.87,0,1,4,2,0,6.5,0
CUST-01947,West,45,3,12,month-to-month,dsl,75.48,1,0,0,1,0,6.2,1
CUST-01948,Midwest,30,3,67,month-to-month,dsl,129.71,1,0,4,3,0,6.3,1
CUST-01949,Northeast,56,1,1,one-year,fiber,91.92,1,1,0,0,0,7.1,0
CUST-01950,West,75,5,24,month-to-month,fiber,69.31,1,1,0,1,0,6.4,0
CUST-01951,South,33,4,66,two-year,none,78.89,1,1,4,3,0,7.8,0
CUST-01952,South,58,2,44,two-year,fiber,121.71,1,0,1,1,1,7.5,0
CUST-01953,Midwest,69,5,6,one-year,dsl,110.48,0,1,3,1,0,8.0,0
CUST-01954,South,45,4,34,one-year,dsl,88.91,1,0,0,1,1,8.9,0
CUST-01955,Midwest,22,3,70,month-to-month,dsl,85.71,1,1,0,1,0,7.5,0
CUST-01956,West,72,5,29,month-to-month,fiber,111.85,0,1,1,1,0,8.1,1
CUST-01957,South,24,2,39,month-to-month,fiber,93.12,0,1,2,1,0,7.6,0
CUST-01958,South,63,2,39,one-year,fiber,110.53,0,1,1,2,1,6.2,0
CUST-01959,West,46,5,48,month-to-month,dsl,93.58,1,1,1,0,0,7.9,0
CUST-01960,Northeast,61,1,14,one-year,none,102.38,0,0,4,4,0,5.3,1
CUST-01961,West,60,5,61,month-to-month,dsl,71.25,1,0,0,3,0,7.0,0
CUST-01962,South,30,5,72,month-to-month,fiber,91.54,1,1,0,3,0,7.3,0
CUST-01963,West,23,2,11,month-to-month,fiber,85.45,1,1,0,1,0,6.3,0
CUST-01964,West,25,3,59,two-year,fiber,133.42,0,0,4,1,0,6.8,0
CUST-01965,Northeast,30,5,59,month-to-month,none,79.6,1,0,2,1,0,7.2,0
CUST-01966,Midwest,69,2,54,month-to-month,fiber,129.9,1,1,4,0,0,7.3,1
CUST-01967,South,23,2,27,month-to-month,fiber,135.18,0,0,4,1,2,6.6,1
CUST-01968,Northeast,58,1,34,one-year,dsl,67.81,0,1,1,0,1,8.2,0
CUST-01969,Midwest,40,2,61,two-year,dsl,110.67,0,1,3,5,2,6.1,0
CUST-01970,Midwest,67,1,12,month-to-month,fiber,96.09,1,0,2,0,0,7.6,0
CUST-01971,West,53,2,60,two-year,dsl,84.71,0,1,2,2,0,6.6,0
CUST-01972,Midwest,63,3,67,month-to-month,fiber,95.24,0,1,2,0,0,8.2,0
CUST-01973,Midwest,67,4,50,one-year,fiber,110.2,0,1,3,2,0,7.0,0
CUST-01974,Midwest,72,5,25,month-to-month,fiber,95.04,0,0,1,2,0,5.3,1
CUST-01975,Midwest,66,2,41,month-to-month,fiber,84.37,0,0,0,2,0,5.9,0
CUST-01976,Northeast,40,3,4,one-year,none,54.16,1,1,3,1,1,7.3,0
CUST-01977,Midwest,73,1,68,month-to-month,dsl,103.22,1,1,4,0,0,8.8,0
CUST-01978,Northeast,39,2,25,month-to-month,dsl,97.64,1,1,2,4,0,6.9,1
CUST-01979,Midwest,53,2,5,one-year,fiber,100.14,0,0,0,1,2,6.2,1
CUST-01980,South,32,5,58,two-year,dsl,84.4,1,1,0,0,2,7.2,0
CUST-01981,West,66,5,48,month-to-month,none,68.44,1,1,2,5,1,5.8,0
CUST-01982,South,24,2,45,one-year,fiber,115.78,1,0,4,1,0,7.4,0
CUST-01983,Northeast,75,1,4,one-year,none,83.83,1,1,3,4,2,6.0,1
CUST-01984,Northeast,46,1,55,month-to-month,dsl,102.27,0,1,1,1,0,7.1,1
CUST-01985,Northeast,68,3,46,two-year,dsl,119.32,1,0,3,1,0,7.9,0
CUST-01986,West,47,5,58,month-to-month,fiber,83.87,1,1,0,2,0,6.6,0
CUST-01987,West,26,3,60,one-year,dsl,83.8,0,1,2,1,0,8.6,0
CUST-01988,West,24,2,16,month-to-month,fiber,113.6,1,1,4,3,0,5.0,1
CUST-01989,Midwest,71,5,16,month-to-month,none,81.97,0,0,3,2,0,6.4,0
CUST-01990,Northeast,54,3,67,month-to-month,none,52.44,0,1,0,0,0,8.7,1
CUST-01991,Northeast,26,2,39,month-to-month,fiber,87.94,1,1,1,1,0,7.3,0
CUST-01992,Midwest,39,5,32,two-year,none,55.68,1,1,0,1,0,7.8,0
CUST-01993,Midwest,52,5,21,two-year,none,84.01,1,0,2,0,0,9.3,0
CUST-01994,South,45,2,47,month-to-month,dsl,104.76,1,0,1,1,0,7.9,0
CUST-01995,Midwest,22,5,55,month-to-month,fiber,115.57,0,1,4,0,0,8.6,0
CUST-01996,South,48,3,1,month-to-month,fiber,123.0,1,1,1,0,0,9.1,0
CUST-01997,Northeast,28,2,40,month-to-month,fiber,83.36,1,0,0,1,0,6.2,0
CUST-01998,Midwest,36,5,72,month-to-month,fiber,100.52,0,1,2,2,0,6.3,0
CUST-01999,South,58,1,21,two-year,none,89.65,1,0,3,0,1,7.4,0
CUST-02000,South,59,2,21,one-year,fiber,84.86,1,1,3,1,0,8.1,1
CUST-02001,West,22,2,64,month-to-month,dsl,115.6,0,1,4,0,0,8.7,0
CUST-02002,South,48,5,5,month-to-month,dsl,88.89,1,0,1,0,0,5.8,1
CUST-02003,West,33,5,29,one-year,dsl,75.97,1,1,2,2,0,5.9,0
CUST-02004,Northeast,44,1,33,month-to-month,fiber,96.33,1,1,2,0,0,6.2,0
CUST-02005,Midwest,66,1,58,month-to-month,dsl,66.31,1,1,0,1,1,6.5,0
CUST-02006,Midwest,42,5,10,month-to-month,dsl,96.53,1,1,0,2,2,6.5,0
CUST-02007,Northeast,53,3,32,month-to-month,dsl,94.72,1,1,3,1,1,8.7,0
CUST-02008,Midwest,19,2,11,month-to-month,fiber,105.8,0,1,1,2,0,5.5,0
CUST-02009,Midwest,47,1,57,one-year,dsl,98.42,1,0,3,1,0,10.0,0
CUST-02010,Northeast,64,3,46,month-to-month,fiber,114.13,1,1,4,1,0,7.9,0
CUST-02011,West,56,1,36,one-year,dsl,80.45,1,0,1,1,0,8.3,0
CUST-02012,South,75,3,29,month-to-month,fiber,117.37,1,0,3,1,0,8.1,0
CUST-02013,Midwest,65,1,12,two-year,fiber,104.7,1,1,1,4,0,4.9,0
CUST-02014,Northeast,25,2,67,month-to-month,dsl,97.74,1,1,3,4,0,5.3,0
CUST-02015,Northeast,21,1,47,month-to-month,fiber,74.72,1,0,0,3,0,5.4,1
CUST-02016,South,35,1,23,month-to-month,none,58.28,1,0,1,2,0,7.5,0
CUST-02017,Northeast,66,4,30,month-to-month,none,80.08,1,0,2,1,1,6.4,0
CUST-02018,Northeast,68,4,53,month-to-month,fiber,104.86,0,0,2,0,1,7.3,1
CUST-02019,Midwest,61,3,52,one-year,fiber,67.1,0,1,0,4,0,5.3,0
CUST-02020,Midwest,60,5,34,month-to-month,fiber,121.26,1,1,4,4,0,7.1,1
CUST-02021,West,58,5,22,month-to-month,none,66.54,0,0,0,2,0,6.1,1
CUST-02022,Midwest,36,1,48,month-to-month,dsl,98.7,0,1,4,2,0,5.7,0
CUST-02023,Midwest,58,2,48,one-year,fiber,76.41,0,0,1,0,0,8.5,0
CUST-02024,Midwest,56,4,44,two-year,fiber,100.51,1,1,3,0,1,8.1,0
CUST-02025,West,22,3,6,one-year,fiber,93.19,1,1,3,1,0,9.1,0
CUST-02026,South,73,2,35,one-year,dsl,90.05,1,1,2,1,0,8.1,0
CUST-02027,Midwest,63,3,45,one-year,fiber,106.19,1,0,2,0,2,8.1,0
CUST-02028,Midwest,31,3,69,one-year,fiber,112.24,1,1,0,3,0,7.5,0
CUST-02029,Northeast,35,3,38,month-to-month,dsl,113.27,0,1,4,1,3,6.9,0
CUST-02030,West,58,3,25,one-year,fiber,113.15,0,1,0,0,0,8.8,0
CUST-02031,South,32,1,41,one-year,dsl,91.91,0,0,3,0,0,8.7,0
CUST-02032,South,66,4,13,month-to-month,dsl,55.41,0,1,0,1,0,6.9,0
CUST-02033,Northeast,46,1,7,one-year,none,117.51,1,1,3,2,0,6.2,0
CUST-02034,South,23,3,49,month-to-month,fiber,89.95,0,1,1,2,1,6.3,0
CUST-02035,Midwest,59,3,72,month-to-month,none,50.11,1,1,2,2,0,5.1,0
CUST-02036,West,74,1,61,month-to-month,fiber,81.77,1,1,0,2,1,6.0,0
CUST-02037,South,37,2,43,one-year,dsl,62.45,0,1,1,4,0,5.6,0
CUST-02038,Midwest,75,2,3,two-year,fiber,97.14,1,0,2,1,1,8.7,0
CUST-02039,West,61,2,72,month-to-month,dsl,83.77,1,0,3,0,0,7.9,0
CUST-02040,Midwest,61,2,33,month-to-month,fiber,117.33,1,1,2,1,0,9.0,0
CUST-02041,Northeast,39,2,21,month-to-month,none,72.26,1,0,1,3,0,6.8,0
CUST-02042,Midwest,48,3,65,month-to-month,none,77.92,1,1,2,1,0,6.0,0
CUST-02043,Midwest,31,1,54,two-year,fiber,86.91,1,1,1,1,1,8.6,0
CUST-02044,South,54,1,54,month-to-month,dsl,98.64,1,1,2,2,0,7.9,0
CUST-02045,West,69,3,20,month-to-month,dsl,72.62,0,0,2,1,0,5.7,0
CUST-02046,Northeast,56,2,72,month-to-month,fiber,91.32,1,1,1,2,1,7.3,1
CUST-02047,West,70,3,33,two-year,dsl,85.33,1,1,1,1,1,8.9,0
CUST-02048,Midwest,27,1,39,month-to-month,dsl,72.0,0,1,2,0,1,5.6,0
CUST-02049,Midwest,54,2,55,one-year,dsl,77.34,0,1,2,1,1,6.3,0
CUST-02050,Midwest,35,2,48,month-to-month,fiber,127.23,0,0,4,2,1,7.3,0
CUST-02051,West,51,1,13,month-to-month,none,91.11,0,1,2,2,0,6.5,1
CUST-02052,South,24,3,22,one-year,fiber,76.42,0,0,2,1,1,8.6,0
CUST-02053,West,40,1,27,month-to-month,dsl,75.44,1,1,2,3,1,7.0,0
CUST-02054,Northeast,40,5,69,one-year,fiber,140.48,1,0,4,2,1,7.8,0
CUST-02055,West,49,1,52,month-to-month,fiber,102.9,1,0,1,1,0,8.5,0
CUST-02056,West,62,1,27,one-year,fiber,91.98,1,0,1,0,1,7.4,0
CUST-02057,South,52,3,53,one-year,fiber,105.78,0,0,1,2,1,6.5,1
CUST-02058,Midwest,71,1,54,one-year,dsl,102.8,1,1,3,0,0,10.0,0
CUST-02059,South,35,4,29,month-to-month,dsl,103.82,0,1,3,1,1,6.7,1
CUST-02060,South,40,2,30,one-year,dsl,106.02,0,0,2,2,0,8.0,0
CUST-02061,Midwest,46,1,65,two-year,dsl,97.9,1,0,1,1,1,7.4,0
CUST-02062,Northeast,54,4,41,month-to-month,fiber,89.19,1,1,3,1,3,6.0,1
CUST-02063,Northeast,68,1,11,month-to-month,fiber,74.62,1,0,1,0,1,6.9,1
CUST-02064,Midwest,53,4,52,one-year,dsl,102.13,1,1,4,1,0,8.3,0
CUST-02065,West,75,4,43,month-to-month,dsl,65.08,1,0,3,0,1,8.9,0
CUST-02066,Northeast,46,2,37,one-year,dsl,103.75,1,1,2,2,0,7.7,0
CUST-02067,South,49,4,53,one-year,fiber,74.18,1,1,1,1,2,7.6,0
CUST-02068,South,59,1,66,month-to-month,dsl,95.31,0,0,3,1,0,6.2,0
CUST-02069,Midwest,26,5,24,one-year,fiber,96.24,0,1,3,1,1,7.3,0
CUST-02070,West,27,5,31,one-year,dsl,79.53,1,1,4,4,0,6.3,0
CUST-02071,Midwest,38,1,14,month-to-month,fiber,131.27,1,1,3,1,0,6.7,0
CUST-02072,Midwest,22,3,47,two-year,dsl,97.11,0,1,3,0,2,8.0,0
CUST-02073,Northeast,42,3,29,month-to-month,fiber,123.22,0,1,0,2,1,5.8,0
CUST-02074,West,38,4,25,month-to-month,dsl,90.72,0,1,0,3,1,5.5,0
CUST-02075,West,55,2,51,two-year,fiber,100.0,1,1,3,1,0,8.5,0
CUST-02076,South,76,2,30,month-to-month,dsl,43.32,0,0,0,0,0,9.2,0
CUST-02077,Midwest,51,2,34,one-year,fiber,109.37,1,1,4,2,0,8.6,0
CUST-02078,Northeast,75,5,32,month-to-month,dsl,133.86,0,1,4,1,0,7.1,0
CUST-02079,Midwest,54,3,19,month-to-month,fiber,105.44,0,0,2,1,0,7.7,1
CUST-02080,West,55,4,10,month-to-month,fiber,105.96,0,0,3,2,0,7.2,0
CUST-02081,Northeast,68,1,60,one-year,dsl,76.2,1,0,2,2,0,7.8,0
CUST-02082,West,52,1,7,one-year,fiber,130.73,0,1,4,3,0,6.6,0
CUST-02083,West,76,5,24,two-year,fiber,92.18,1,0,0,1,0,9.0,0
CUST-02084,Midwest,55,1,49,two-year,dsl,81.67,1,0,1,3,1,5.9,0
CUST-02085,West,38,4,10,one-year,dsl,114.69,1,0,3,0,1,7.1,0
CUST-02086,Northeast,43,1,48,one-year,dsl,111.22,0,1,3,2,0,7.3,0
CUST-02087,South,56,3,53,month-to-month,fiber,103.58,1,0,1,1,1,7.0,0
CUST-02088,Midwest,35,5,48,two-year,dsl,77.95,0,0,4,1,0,9.3,0
CUST-02089,South,61,3,22,one-year,dsl,68.79,1,0,2,2,0,6.9,0
CUST-02090,Northeast,18,2,2,two-year,fiber,115.94,1,1,4,3,0,7.7,0
CUST-02091,West,61,1,64,month-to-month,dsl,90.6,1,0,1,0,0,8.5,0
CUST-02092,West,19,2,24,month-to-month,fiber,139.68,1,1,3,3,0,5.1,1
CUST-02093,Midwest,27,5,58,one-year,none,90.97,1,0,1,2,0,7.8,0
CUST-02094,Midwest,76,3,15,month-to-month,dsl,76.57,1,0,0,0,0,7.4,1
CUST-02095,Northeast,67,3,12,month-to-month,fiber,122.79,0,1,3,0,0,9.9,0
CUST-02096,Northeast,62,4,57,two-year,fiber,84.58,1,1,3,0,1,7.4,0
CUST-02097,West,73,3,68,month-to-month,fiber,87.15,0,1,1,0,1,6.7,1
CUST-02098,Northeast,59,3,62,month-to-month,fiber,95.85,0,0,3,1,1,5.0,0
CUST-02099,West,24,1,55,month-to-month,dsl,90.64,1,1,4,0,0,7.3,0
CUST-02100,Northeast,68,3,18,month-to-month,dsl,85.59,1,1,1,3,0,7.0,1
CUST-02101,South,32,2,66,one-year,dsl,69.28,1,1,2,1,1,6.7,0
CUST-02102,West,54,2,49,two-year,fiber,74.33,1,1,1,2,0,7.7,0
CUST-02103,Northeast,71,2,13,two-year,dsl,102.72,1,1,2,3,0,7.0,0
CUST-02104,Northeast,58,1,10,one-year,fiber,129.37,1,1,4,4,1,5.1,0
CUST-02105,Midwest,20,3,63,one-year,fiber,119.66,1,0,3,0,0,8.3,0
CUST-02106,Midwest,65,1,20,month-to-month,none,60.11,1,1,0,3,2,5.0,1
CUST-02107,West,66,3,56,two-year,fiber,103.31,0,1,3,1,0,8.4,0
CUST-02108,South,25,5,10,month-to-month,dsl,79.11,1,1,2,1,0,5.8,0
CUST-02109,Midwest,74,5,21,month-to-month,none,74.19,1,0,0,0,0,8.7,0
CUST-02110,Midwest,29,5,21,two-year,fiber,103.12,1,0,3,0,1,7.5,0
CUST-02111,Northeast,21,1,21,two-year,none,102.75,0,0,1,2,0,7.1,0
CUST-02112,Midwest,51,5,49,month-to-month,dsl,121.52,0,1,4,1,1,7.4,0
CUST-02113,West,58,5,66,one-year,dsl,112.08,0,1,4,5,1,5.3,0
CUST-02114,Northeast,23,2,66,month-to-month,fiber,162.11,0,0,3,1,0,9.1,0
CUST-02115,West,27,2,54,month-to-month,fiber,134.9,1,0,3,3,1,5.8,0
CUST-02116,Northeast,57,1,15,month-to-month,fiber,86.62,0,0,1,1,1,5.8,0
CUST-02117,West,22,5,70,month-to-month,fiber,75.53,0,1,0,1,1,8.9,0
CUST-02118,South,67,3,40,month-to-month,fiber,78.39,1,1,0,0,2,7.9,0
CUST-02119,Midwest,34,2,40,month-to-month,dsl,92.51,0,0,2,1,0,7.4,0
CUST-02120,West,68,1,51,month-to-month,dsl,65.34,0,1,1,0,2,9.3,0
CUST-02121,Midwest,62,3,56,month-to-month,fiber,112.29,1,1,4,1,3,5.6,1
CUST-02122,South,37,5,69,two-year,dsl,83.07,1,1,1,1,0,7.8,0
CUST-02123,South,65,2,42,one-year,none,82.1,1,1,1,0,1,7.2,0
CUST-02124,South,30,4,44,two-year,dsl,127.54,1,0,4,2,0,7.2,0
CUST-02125,Northeast,46,2,54,month-to-month,dsl,99.57,1,0,4,0,0,6.8,0
CUST-02126,Midwest,75,5,19,one-year,dsl,87.39,0,0,1,1,1,7.4,0
CUST-02127,West,71,4,23,two-year,fiber,63.39,1,1,0,0,0,8.4,0
CUST-02128,Northeast,72,5,46,month-to-month,fiber,102.97,1,1,0,4,0,5.8,1
CUST-02129,West,26,4,5,month-to-month,none,58.73,1,0,2,0,0,6.0,0
CUST-02130,West,36,3,24,month-to-month,dsl,108.1,1,1,4,3,0,7.1,0
CUST-02131,Midwest,22,1,52,month-to-month,dsl,77.64,0,1,1,0,0,7.6,0
CUST-02132,South,71,2,71,month-to-month,none,58.35,0,1,0,2,0,9.1,0
CUST-02133,Midwest,65,2,38,month-to-month,fiber,83.57,1,1,1,2,1,6.3,1
CUST-02134,West,70,5,29,month-to-month,fiber,75.78,1,0,0,1,0,6.9,0
CUST-02135,South,24,3,32,one-year,dsl,72.17,0,1,2,0,1,8.0,0
CUST-02136,Midwest,38,3,50,month-to-month,fiber,89.31,1,1,2,0,1,6.7,0
CUST-02137,South,60,5,40,month-to-month,dsl,111.04,1,1,3,1,3,7.9,1
CUST-02138,Midwest,39,5,2,one-year,dsl,70.58,1,1,0,3,0,5.9,1
CUST-02139,South,35,4,39,month-to-month,dsl,75.26,0,1,2,0,1,6.8,0
CUST-02140,South,73,2,29,month-to-month,fiber,94.07,1,1,0,2,0,7.7,0
CUST-02141,West,50,1,51,month-to-month,dsl,94.71,1,0,2,0,0,8.3,0
CUST-02142,Northeast,62,3,64,month-to-month,fiber,150.82,1,1,4,3,1,6.4,0
CUST-02143,West,64,5,70,month-to-month,none,101.24,1,0,3,1,1,6.1,0
CUST-02144,Northeast,55,3,44,month-to-month,fiber,81.97,1,0,4,1,2,7.9,0
CUST-02145,West,62,5,27,month-to-month,dsl,92.93,0,0,0,0,0,6.9,1
CUST-02146,West,75,1,32,two-year,fiber,118.85,1,1,3,1,0,6.3,0
CUST-02147,West,47,1,13,two-year,fiber,137.85,0,1,4,2,0,7.4,0
CUST-02148,West,69,3,68,month-to-month,fiber,113.15,1,0,3,1,0,7.4,0
CUST-02149,West,22,2,62,month-to-month,fiber,134.12,1,1,3,1,0,7.3,0
CUST-02150,Northeast,22,1,62,month-to-month,fiber,83.1,1,0,0,1,0,8.2,0
CUST-02151,West,41,5,24,two-year,dsl,95.19,1,1,3,1,1,7.4,0
CUST-02152,West,47,2,24,one-year,dsl,88.39,0,0,4,0,1,6.4,0
CUST-02153,Midwest,37,2,62,month-to-month,fiber,69.72,1,1,1,0,0,7.8,0
CUST-02154,Midwest,71,3,40,month-to-month,dsl,113.8,1,1,2,1,1,7.6,1
CUST-02155,West,19,5,51,month-to-month,dsl,82.89,0,1,2,0,0,8.0,0
CUST-02156,West,24,1,36,two-year,dsl,56.57,0,1,0,1,1,7.2,0
CUST-02157,West,55,2,32,two-year,fiber,101.41,1,1,0,0,2,10.0,0
CUST-02158,West,22,4,46,month-to-month,fiber,51.37,0,0,1,2,1,8.0,0
CUST-02159,West,29,4,59,one-year,none,45.17,0,0,0,0,1,6.9,0
CUST-02160,West,69,1,25,month-to-month,fiber,84.73,0,0,2,3,1,4.7,0
CUST-02161,West,66,1,59,one-year,fiber,109.82,1,1,0,2,0,8.5,1
CUST-02162,Midwest,64,4,18,two-year,dsl,64.02,1,1,0,3,2,7.3,0
CUST-02163,Midwest,38,2,30,month-to-month,fiber,109.38,1,1,3,1,0,8.9,0
CUST-02164,Midwest,28,1,66,month-to-month,dsl,81.49,1,1,1,1,1,6.9,0
CUST-02165,South,37,5,69,one-year,fiber,113.53,0,0,1,1,0,7.5,0
CUST-02166,Midwest,28,4,67,month-to-month,dsl,96.04,1,0,1,0,0,6.5,0
CUST-02167,Midwest,32,3,23,one-year,none,90.66,0,1,2,1,2,7.3,0
CUST-02168,Northeast,67,3,61,month-to-month,none,73.29,1,0,2,1,1,6.7,0
CUST-02169,West,32,5,68,two-year,none,77.93,0,1,0,3,0,5.8,0
CUST-02170,South,30,4,71,month-to-month,dsl,55.92,0,0,0,0,1,8.4,0
CUST-02171,South,33,3,2,month-to-month,fiber,99.35,1,0,2,2,0,6.9,0
CUST-02172,West,26,3,54,month-to-month,none,58.29,0,0,2,0,0,8.6,0
CUST-02173,Midwest,69,3,72,month-to-month,none,109.3,1,1,3,2,0,6.9,0
CUST-02174,Northeast,72,2,56,month-to-month,dsl,59.36,1,0,0,0,0,8.6,0
CUST-02175,South,30,3,17,one-year,fiber,107.98,1,1,0,0,1,7.0,0
CUST-02176,South,66,4,55,month-to-month,fiber,109.21,0,0,2,1,1,6.2,0
CUST-02177,Midwest,34,4,8,month-to-month,dsl,102.37,1,1,4,3,1,6.6,0
CUST-02178,South,42,2,35,month-to-month,dsl,87.62,1,1,1,4,1,7.2,1
CUST-02179,South,77,5,46,month-to-month,fiber,71.6,0,1,0,0,0,8.3,0
CUST-02180,Midwest,55,2,33,two-year,fiber,118.97,1,0,2,1,0,7.9,0
CUST-02181,Midwest,66,4,51,two-year,dsl,86.56,1,0,2,1,0,9.3,0
CUST-02182,Northeast,43,3,18,month-to-month,fiber,128.8,1,1,3,3,0,6.3,1
CUST-02183,Midwest,55,5,44,one-year,none,55.63,1,1,0,0,1,7.5,0
CUST-02184,West,34,4,47,one-year,fiber,84.84,1,0,3,0,1,8.2,0
CUST-02185,Midwest,62,4,46,two-year,fiber,124.29,0,1,1,1,0,8.0,0
CUST-02186,West,77,4,21,month-to-month,fiber,83.54,1,0,0,1,1,6.2,0
CUST-02187,Midwest,27,1,22,month-to-month,dsl,109.06,0,1,4,3,3,5.6,1
CUST-02188,Northeast,50,5,19,month-to-month,dsl,39.09,1,1,2,2,2,4.9,0
CUST-02189,South,34,4,34,two-year,fiber,102.43,1,0,1,2,0,7.1,0
CUST-02190,South,56,1,43,one-year,fiber,122.83,1,1,4,1,1,7.5,0
CUST-02191,Midwest,45,2,27,month-to-month,fiber,98.21,1,1,3,2,0,7.0,1
CUST-02192,Northeast,42,1,30,month-to-month,fiber,95.97,0,1,1,1,1,5.3,0
CUST-02193,Northeast,41,1,21,one-year,dsl,99.48,1,1,4,2,0,7.4,0
CUST-02194,Northeast,48,3,16,two-year,fiber,117.35,0,1,2,1,0,8.4,0
CUST-02195,Northeast,30,4,48,month-to-month,dsl,63.6,1,1,1,0,0,9.4,0
CUST-02196,South,35,4,59,one-year,fiber,97.66,1,0,2,0,0,9.8,0
CUST-02197,West,22,5,21,month-to-month,fiber,116.65,0,1,0,0,0,7.9,0
CUST-02198,South,43,1,62,month-to-month,fiber,88.93,1,0,4,2,1,9.0,0
CUST-02199,West,54,4,42,month-to-month,fiber,95.3,1,0,1,2,3,5.6,1
CUST-02200,Midwest,55,2,13,one-year,fiber,84.32,1,1,2,1,0,7.2,1
CUST-02201,Midwest,30,1,27,two-year,fiber,99.55,1,0,0,2,0,7.4,0
CUST-02202,South,66,5,1,month-to-month,fiber,114.52,1,1,4,0,2,8.3,1
CUST-02203,South,42,1,3,month-to-month,none,55.19,1,1,1,0,0,8.7,1
CUST-02204,South,66,2,25,month-to-month,fiber,111.79,0,0,3,1,0,5.2,1
CUST-02205,South,67,3,33,month-to-month,fiber,98.97,0,1,1,2,0,5.9,1
CUST-02206,West,18,2,58,month-to-month,fiber,91.21,0,1,2,0,1,8.3,0
CUST-02207,Northeast,20,1,10,month-to-month,dsl,83.58,0,1,2,1,0,6.5,0
CUST-02208,West,50,2,61,month-to-month,none,59.42,0,1,1,2,1,6.4,0
CUST-02209,West,68,4,17,month-to-month,dsl,55.51,1,0,2,0,0,8.4,0
CUST-02210,Northeast,40,1,10,month-to-month,dsl,109.78,1,1,2,3,1,6.6,1
CUST-02211,South,54,1,51,one-year,dsl,99.5,0,1,1,2,0,7.9,0
CUST-02212,Midwest,54,2,56,month-to-month,fiber,58.77,1,0,0,0,0,9.2,0
CUST-02213,South,63,5,44,one-year,dsl,101.93,1,1,0,5,0,6.3,1
CUST-02214,Northeast,70,1,9,two-year,dsl,98.92,0,0,2,2,0,6.0,0
CUST-02215,South,52,4,9,one-year,fiber,83.74,1,0,1,0,1,8.7,0
CUST-02216,West,64,2,29,month-to-month,fiber,92.95,0,0,1,0,1,8.6,0
CUST-02217,South,54,3,33,month-to-month,fiber,104.11,1,1,3,0,2,8.0,0
CUST-02218,West,37,2,72,one-year,fiber,114.56,1,1,3,6,0,6.3,0
CUST-02219,South,52,5,21,month-to-month,dsl,95.97,0,1,4,0,1,7.8,0
CUST-02220,Midwest,62,3,14,month-to-month,fiber,147.33,0,0,3,3,1,5.8,1
CUST-02221,West,71,1,69,month-to-month,dsl,104.49,1,1,2,1,1,6.5,0
CUST-02222,Midwest,24,2,12,month-to-month,none,75.98,0,1,4,2,0,8.6,0
CUST-02223,South,38,2,2,month-to-month,fiber,145.67,1,0,4,1,0,6.6,1
CUST-02224,West,25,5,31,one-year,fiber,102.9,1,1,1,2,0,7.3,0
CUST-02225,Northeast,28,1,29,month-to-month,dsl,72.64,0,0,0,5,0,4.8,0
CUST-02226,Northeast,31,2,45,month-to-month,dsl,114.01,1,1,4,2,0,5.8,1
CUST-02227,Northeast,72,1,64,one-year,fiber,131.2,1,1,4,0,1,9.0,0
CUST-02228,Midwest,41,1,68,month-to-month,fiber,105.53,0,0,4,0,0,8.3,1
CUST-02229,South,73,5,21,one-year,dsl,105.03,1,0,2,0,3,7.9,1
CUST-02230,Northeast,48,4,71,month-to-month,none,84.39,1,1,4,1,1,6.7,0
CUST-02231,Northeast,19,5,46,month-to-month,fiber,132.6,1,1,3,1,0,8.1,0
CUST-02232,Northeast,41,5,6,two-year,fiber,105.69,0,0,3,0,1,7.7,0
CUST-02233,South,61,5,68,month-to-month,none,69.94,0,0,3,2,0,7.2,0
CUST-02234,Midwest,55,3,10,month-to-month,fiber,101.85,1,1,1,1,0,8.8,0
CUST-02235,South,40,3,43,two-year,fiber,108.71,1,1,3,1,0,5.7,0
CUST-02236,South,25,2,57,one-year,dsl,98.75,0,1,4,1,0,8.6,0
CUST-02237,West,63,1,18,one-year,fiber,125.57,1,1,4,0,3,9.8,0
CUST-02238,Northeast,49,5,20,month-to-month,fiber,131.94,1,1,2,2,1,8.3,1
CUST-02239,West,65,2,35,month-to-month,dsl,67.72,0,0,0,2,0,7.4,0
CUST-02240,Northeast,34,4,64,one-year,dsl,77.32,1,0,3,1,0,9.0,0
CUST-02241,West,27,5,17,month-to-month,fiber,126.41,1,1,1,2,0,6.2,0
CUST-02242,West,39,2,48,month-to-month,fiber,98.85,1,1,1,0,0,8.3,0
CUST-02243,South,32,1,33,one-year,dsl,65.4,1,0,0,1,0,7.8,0
CUST-02244,Northeast,48,2,9,month-to-month,dsl,74.6,1,0,0,2,1,6.3,0
CUST-02245,Northeast,48,5,52,month-to-month,dsl,74.79,1,0,2,1,0,8.4,0
CUST-02246,South,25,1,60,month-to-month,dsl,88.24,1,1,1,1,0,7.4,0
CUST-02247,South,46,2,42,month-to-month,dsl,116.74,0,1,1,2,0,5.1,0
CUST-02248,South,41,1,13,one-year,none,56.22,1,1,2,2,0,7.7,0
CUST-02249,Northeast,49,4,12,two-year,dsl,68.0,1,0,2,3,1,6.5,0
CUST-02250,West,63,1,31,month-to-month,fiber,117.29,1,1,2,0,1,8.5,0
CUST-02251,South,45,2,37,month-to-month,none,72.8,0,0,2,3,0,5.8,1
CUST-02252,Northeast,34,2,40,month-to-month,none,101.54,0,1,4,1,1,5.5,1
CUST-02253,South,72,1,18,month-to-month,fiber,101.28,0,0,1,1,0,6.4,1
CUST-02254,Midwest,63,5,37,month-to-month,fiber,62.26,1,1,0,3,1,5.4,0
CUST-02255,Northeast,75,2,22,two-year,dsl,121.26,1,1,4,2,2,5.9,0
CUST-02256,South,31,5,50,month-to-month,fiber,75.49,1,1,0,2,0,6.5,1
CUST-02257,West,54,3,58,month-to-month,dsl,118.93,0,0,3,0,1,8.3,0
CUST-02258,Midwest,63,1,47,two-year,dsl,68.47,1,0,1,1,0,6.7,0
CUST-02259,South,71,1,1,month-to-month,fiber,151.29,0,1,4,4,0,6.4,1
CUST-02260,West,29,1,72,two-year,fiber,111.94,1,1,0,1,2,6.3,0
CUST-02261,South,33,2,2,month-to-month,none,53.24,0,1,0,1,0,7.0,0
CUST-02262,Northeast,75,3,72,month-to-month,fiber,113.54,1,1,2,2,1,6.7,1
CUST-02263,Northeast,51,1,3,two-year,dsl,87.27,1,1,2,2,0,7.1,0
CUST-02264,Northeast,27,2,38,month-to-month,fiber,125.32,0,1,3,3,0,6.8,0
CUST-02265,South,29,1,8,month-to-month,fiber,112.52,0,1,3,0,0,7.8,1
CUST-02266,South,77,5,7,month-to-month,dsl,112.92,1,1,4,0,0,8.0,0
CUST-02267,Northeast,71,2,50,one-year,fiber,116.08,0,1,3,3,0,4.4,0
CUST-02268,South,31,5,53,one-year,dsl,95.05,1,0,1,1,0,8.3,0
CUST-02269,Northeast,51,2,9,month-to-month,dsl,84.86,0,1,0,1,1,8.7,0
CUST-02270,West,60,3,71,one-year,fiber,91.63,0,0,1,2,1,6.4,0
CUST-02271,Midwest,44,3,24,one-year,fiber,138.09,0,0,4,1,0,8.2,0
CUST-02272,South,36,1,23,month-to-month,dsl,88.48,1,0,3,2,1,6.0,0
CUST-02273,West,60,4,22,month-to-month,dsl,103.96,1,1,3,2,0,7.9,1
CUST-02274,West,22,5,34,month-to-month,dsl,67.23,0,1,1,2,0,7.2,0
CUST-02275,West,30,5,13,month-to-month,dsl,100.14,1,0,2,1,0,7.2,0
CUST-02276,Northeast,19,3,31,month-to-month,fiber,127.5,0,0,3,1,0,6.9,0
CUST-02277,Midwest,71,4,16,month-to-month,fiber,129.71,1,0,4,2,2,7.1,1
CUST-02278,Northeast,26,3,4,month-to-month,dsl,106.83,0,0,2,1,0,7.3,0
CUST-02279,Midwest,70,1,27,month-to-month,dsl,69.08,1,0,0,1,0,6.4,0
CUST-02280,Midwest,42,4,49,one-year,dsl,112.87,0,0,4,2,0,5.7,0
CUST-02281,Northeast,24,3,55,month-to-month,fiber,99.46,1,1,4,1,0,8.1,0
CUST-02282,West,52,2,26,two-year,fiber,87.02,1,1,0,3,0,6.1,0
CUST-02283,Northeast,37,1,24,two-year,dsl,73.98,1,0,1,0,0,8.5,0
CUST-02284,Northeast,46,2,57,one-year,fiber,119.33,1,0,4,0,0,9.0,0
CUST-02285,South,76,3,50,two-year,fiber,136.64,0,0,4,0,1,6.9,0
CUST-02286,West,55,4,60,two-year,dsl,131.49,0,0,4,1,0,6.7,0
CUST-02287,South,19,2,66,month-to-month,fiber,105.19,1,1,4,0,2,9.1,0
CUST-02288,Northeast,23,1,60,one-year,fiber,108.19,1,1,0,1,0,7.5,0
CUST-02289,Northeast,64,2,68,month-to-month,fiber,107.24,1,1,0,3,1,7.1,0
CUST-02290,West,58,1,30,one-year,none,77.35,1,1,2,1,0,10.0,0
CUST-02291,Midwest,47,3,29,month-to-month,fiber,124.39,1,0,3,1,1,7.5,1
CUST-02292,Northeast,65,3,24,month-to-month,fiber,96.93,1,1,2,3,0,5.7,1
CUST-02293,Midwest,31,4,17,month-to-month,fiber,92.24,1,1,1,1,1,7.4,0
CUST-02294,Northeast,31,1,54,two-year,fiber,98.02,1,0,1,2,0,7.2,0
CUST-02295,Midwest,42,4,52,month-to-month,fiber,117.68,0,1,3,0,1,7.7,0
CUST-02296,West,65,4,58,month-to-month,dsl,102.34,1,0,4,1,2,7.7,0
CUST-02297,West,76,5,13,month-to-month,fiber,107.38,1,1,4,2,1,7.5,1
CUST-02298,Northeast,33,5,36,month-to-month,fiber,79.94,0,0,0,1,0,5.5,1
CUST-02299,South,55,4,16,two-year,fiber,82.37,1,1,0,2,1,8.2,0
CUST-02300,Midwest,44,5,65,one-year,fiber,79.21,1,0,1,2,1,7.3,0
CUST-02301,Northeast,70,2,20,month-to-month,fiber,130.1,0,1,3,0,1,7.1,0
CUST-02302,West,66,1,11,month-to-month,dsl,96.97,1,1,0,0,0,8.8,0
CUST-02303,Midwest,28,1,42,month-to-month,dsl,111.02,0,1,3,0,1,6.7,0
CUST-02304,Northeast,59,5,64,month-to-month,dsl,133.98,0,1,2,2,0,5.8,0
CUST-02305,West,19,1,66,one-year,fiber,120.88,1,0,3,1,1,8.6,0
CUST-02306,Midwest,48,1,7,one-year,dsl,125.19,1,1,4,0,0,8.5,0
CUST-02307,Northeast,34,4,24,month-to-month,dsl,88.72,1,0,2,2,0,8.4,0
CUST-02308,Midwest,40,2,12,one-year,fiber,103.74,0,1,3,5,1,4.6,0
CUST-02309,South,37,3,23,month-to-month,fiber,106.63,1,0,2,1,0,7.8,0
CUST-02310,South,51,1,39,one-year,dsl,91.74,0,1,3,0,2,8.0,0
CUST-02311,West,68,3,21,month-to-month,fiber,91.83,1,1,1,2,0,7.4,1
CUST-02312,Northeast,49,5,5,one-year,fiber,76.29,0,1,0,2,3,6.9,0
CUST-02313,South,69,3,37,month-to-month,dsl,57.54,1,1,0,0,1,8.3,0
CUST-02314,South,76,2,4,two-year,fiber,119.24,0,0,3,2,1,6.9,0
CUST-02315,South,31,1,17,month-to-month,none,93.62,0,1,3,1,0,5.6,1
CUST-02316,South,67,4,1,month-to-month,fiber,133.41,1,0,2,1,1,8.1,1
CUST-02317,Midwest,31,4,7,month-to-month,fiber,105.69,1,0,3,0,0,6.0,0
CUST-02318,South,24,4,32,month-to-month,fiber,88.26,1,1,2,1,0,6.4,0
CUST-02319,Midwest,30,1,62,month-to-month,fiber,84.92,1,1,1,0,0,7.5,0
CUST-02320,Midwest,42,2,56,one-year,none,90.61,0,1,2,2,0,7.9,0
CUST-02321,Northeast,28,1,8,one-year,dsl,69.31,0,1,1,1,0,7.4,0
CUST-02322,South,53,4,3,month-to-month,none,94.76,1,0,4,4,2,7.1,1
CUST-02323,Midwest,53,2,25,one-year,dsl,99.08,0,0,3,2,0,5.9,1
CUST-02324,South,60,2,47,one-year,fiber,78.0,1,1,3,1,0,6.9,0
CUST-02325,Midwest,72,3,54,month-to-month,fiber,131.43,1,0,3,1,1,5.3,0
CUST-02326,West,28,1,60,month-to-month,fiber,115.11,1,1,3,1,0,6.5,0
CUST-02327,Midwest,76,4,25,month-to-month,none,85.49,1,1,3,6,0,4.2,1
CUST-02328,South,67,3,13,month-to-month,fiber,109.18,0,0,2,1,0,8.6,0
CUST-02329,Midwest,21,3,2,one-year,fiber,114.03,1,1,4,0,1,9.1,0
CUST-02330,West,55,4,11,two-year,fiber,107.81,1,1,0,1,0,8.1,0
CUST-02331,Northeast,33,4,5,one-year,dsl,94.72,1,1,3,1,0,7.6,0
CUST-02332,Midwest,22,1,62,month-to-month,fiber,102.79,1,1,2,0,0,8.8,0
CUST-02333,Northeast,58,1,20,one-year,dsl,59.4,1,1,0,0,2,9.1,0
CUST-02334,West,21,5,60,one-year,dsl,49.83,0,0,3,0,1,7.4,0
CUST-02335,Midwest,28,5,40,month-to-month,dsl,95.82,1,1,0,0,0,7.6,0
CUST-02336,West,59,2,39,one-year,fiber,108.3,0,1,3,1,1,7.0,0
CUST-02337,Midwest,23,1,33,month-to-month,fiber,93.38,1,1,2,2,0,5.4,1
CUST-02338,South,63,4,59,month-to-month,fiber,138.09,0,1,3,1,1,8.1,1
CUST-02339,Northeast,19,5,4,month-to-month,dsl,108.51,1,1,3,0,0,7.6,0
CUST-02340,Midwest,36,1,7,month-to-month,none,70.6,0,0,1,2,0,6.5,0
CUST-02341,West,33,1,31,two-year,dsl,109.82,0,0,3,1,0,9.0,0
CUST-02342,Northeast,27,2,29,month-to-month,fiber,105.73,0,1,1,0,0,7.4,0
CUST-02343,Northeast,49,4,40,month-to-month,fiber,123.84,0,1,3,0,0,9.0,0
CUST-02344,Midwest,31,3,54,month-to-month,dsl,59.86,1,1,0,2,0,5.4,0
CUST-02345,Midwest,27,3,43,month-to-month,fiber,95.17,0,1,0,0,1,8.1,1
CUST-02346,South,41,3,19,month-to-month,dsl,110.97,0,1,3,0,2,6.9,0
CUST-02347,Northeast,47,5,24,month-to-month,dsl,58.49,0,1,0,0,0,6.4,0
CUST-02348,South,55,2,55,one-year,fiber,81.82,1,1,4,3,1,5.5,0
CUST-02349,Midwest,23,1,15,month-to-month,fiber,96.23,0,1,0,0,0,8.0,0
CUST-02350,Northeast,29,3,37,one-year,fiber,114.17,0,1,2,0,0,7.3,0
CUST-02351,Midwest,21,3,39,month-to-month,fiber,120.45,1,1,4,3,1,6.5,0
CUST-02352,West,65,2,55,one-year,dsl,93.68,1,1,3,2,0,6.7,0
CUST-02353,Northeast,51,5,52,one-year,fiber,108.29,1,1,3,1,0,6.4,0
CUST-02354,Northeast,32,1,34,month-to-month,fiber,103.4,0,1,3,2,0,7.6,0
CUST-02355,Midwest,49,1,23,month-to-month,fiber,110.73,1,0,3,3,0,6.7,1
CUST-02356,West,66,1,27,two-year,fiber,73.23,1,0,0,0,0,6.8,0
CUST-02357,Northeast,63,5,30,month-to-month,dsl,104.27,1,1,1,3,1,6.8,0
CUST-02358,West,73,5,16,one-year,dsl,77.28,0,1,0,2,0,7.2,0
CUST-02359,South,31,5,46,month-to-month,fiber,96.52,0,1,1,0,0,7.5,0
CUST-02360,Northeast,27,1,16,month-to-month,fiber,99.11,1,0,1,0,1,7.5,0
CUST-02361,South,63,1,47,month-to-month,fiber,111.84,0,0,3,3,0,7.4,0
CUST-02362,South,73,2,55,two-year,fiber,133.76,1,1,4,2,0,7.6,0
CUST-02363,South,28,3,70,month-to-month,fiber,127.52,0,1,2,0,1,8.9,0
CUST-02364,Midwest,60,2,9,one-year,none,67.9,0,1,0,2,3,6.8,1
CUST-02365,Northeast,52,4,55,one-year,fiber,89.8,0,1,3,1,1,7.6,0
CUST-02366,West,71,4,7,month-to-month,fiber,105.98,0,1,2,3,0,5.5,1
CUST-02367,South,29,4,25,month-to-month,fiber,113.04,1,1,3,0,0,8.2,1
CUST-02368,West,38,2,13,month-to-month,dsl,85.44,0,0,1,0,0,8.8,1
CUST-02369,West,55,1,12,month-to-month,fiber,98.43,1,1,2,2,2,6.6,1
CUST-02370,South,69,2,13,one-year,none,67.09,0,1,3,2,0,8.8,1
CUST-02371,Northeast,67,1,4,month-to-month,fiber,120.83,1,1,3,0,0,9.0,1
CUST-02372,West,46,5,60,month-to-month,dsl,76.53,1,1,1,2,0,5.9,0
CUST-02373,Midwest,40,5,5,one-year,dsl,79.2,1,1,2,0,0,8.0,0
CUST-02374,South,29,5,29,one-year,fiber,116.44,1,0,4,0,0,9.1,0
CUST-02375,Northeast,42,4,51,month-to-month,fiber,66.92,0,0,0,1,1,5.7,1
CUST-02376,South,77,1,72,one-year,fiber,102.35,1,1,1,1,1,7.5,0
CUST-02377,Midwest,31,3,62,month-to-month,dsl,77.68,1,1,2,2,0,6.2,0
CUST-02378,Midwest,74,4,10,one-year,dsl,106.73,1,1,4,4,0,6.3,1
CUST-02379,Northeast,34,1,72,month-to-month,fiber,118.36,0,0,4,1,0,6.5,0
CUST-02380,West,25,5,48,month-to-month,fiber,102.51,1,1,2,2,0,7.9,0
CUST-02381,South,61,5,13,month-to-month,fiber,105.75,0,0,2,1,0,6.8,1
CUST-02382,Northeast,45,5,33,one-year,fiber,101.57,1,0,2,1,1,8.2,0
CUST-02383,Midwest,61,2,67,one-year,dsl,65.21,0,0,2,1,0,6.3,0
CUST-02384,Midwest,77,2,29,month-to-month,fiber,118.64,0,1,3,0,0,7.6,0
CUST-02385,West,26,4,14,two-year,fiber,107.3,1,0,2,0,0,7.3,0
CUST-02386,Northeast,50,4,64,two-year,dsl,55.13,1,0,2,3,1,7.6,0
CUST-02387,South,33,2,69,month-to-month,dsl,82.8,1,0,4,4,0,5.2,0
CUST-02388,South,47,2,71,one-year,dsl,86.86,1,1,0,1,1,7.6,0
CUST-02389,Midwest,33,2,69,month-to-month,fiber,118.56,1,0,4,1,0,7.9,0
CUST-02390,West,29,4,63,two-year,none,81.02,1,0,3,3,1,5.9,0
CUST-02391,Northeast,49,1,33,month-to-month,dsl,89.24,1,1,2,4,1,4.6,1
CUST-02392,Midwest,43,3,14,month-to-month,fiber,114.96,0,1,2,5,0,5.3,0
CUST-02393,South,64,2,45,month-to-month,fiber,127.05,0,1,2,0,0,6.1,1
CUST-02394,South,47,4,16,month-to-month,none,85.98,1,1,2,0,0,9.3,0
CUST-02395,West,54,4,35,one-year,dsl,77.12,0,1,1,3,1,6.2,0
CUST-02396,Midwest,60,5,48,month-to-month,dsl,88.51,1,1,3,2,0,5.7,0
CUST-02397,Northeast,21,2,69,month-to-month,dsl,57.98,0,1,1,2,0,6.5,0
CUST-02398,South,45,1,21,month-to-month,dsl,100.81,0,1,3,2,0,7.3,0
CUST-02399,Midwest,49,2,19,two-year,dsl,84.37,0,0,2,2,0,6.4,0
CUST-02400,Northeast,56,2,53,one-year,none,77.15,1,0,1,2,0,5.6,0
CUST-02401,Midwest,20,1,1,month-to-month,fiber,144.82,1,0,4,1,1,7.2,1
CUST-02402,South,24,3,41,month-to-month,fiber,81.37,0,1,1,0,0,8.5,0
CUST-02403,Northeast,68,4,54,month-to-month,dsl,87.84,0,1,3,0,0,8.1,1
CUST-02404,West,63,2,40,two-year,fiber,106.99,0,0,1,2,0,7.5,0
CUST-02405,South,43,2,28,one-year,dsl,75.02,0,1,1,1,0,8.5,0
CUST-02406,South,18,3,60,one-year,dsl,104.51,1,1,2,3,0,8.2,0
CUST-02407,Northeast,33,1,27,two-year,dsl,88.55,1,1,4,2,1,4.7,0
CUST-02408,Northeast,56,4,52,month-to-month,dsl,111.64,0,0,1,1,0,6.1,0
CUST-02409,Northeast,58,2,34,one-year,fiber,100.37,1,1,0,2,0,7.5,0
CUST-02410,Midwest,67,4,2,month-to-month,dsl,97.96,1,0,0,0,0,8.3,0
CUST-02411,South,51,4,39,month-to-month,fiber,64.1,0,0,2,2,1,5.1,0
CUST-02412,South,64,4,4,month-to-month,dsl,102.42,0,1,3,0,0,7.1,0
CUST-02413,Midwest,32,3,68,month-to-month,none,82.67,1,0,3,2,1,8.3,0
CUST-02414,South,26,1,44,two-year,fiber,56.91,0,1,1,1,0,7.3,0
CUST-02415,South,38,1,27,month-to-month,fiber,119.04,0,0,4,0,1,7.8,0
CUST-02416,South,68,1,36,one-year,fiber,70.89,0,1,0,3,0,8.2,0
CUST-02417,West,71,1,45,one-year,dsl,79.35,1,0,2,0,0,8.5,0
CUST-02418,West,22,5,19,one-year,fiber,132.52,0,1,4,1,0,8.4,1
CUST-02419,South,29,1,21,two-year,fiber,115.65,1,0,4,1,0,8.4,0
CUST-02420,South,21,3,31,month-to-month,none,97.46,1,1,3,2,1,6.4,0
CUST-02421,South,63,3,19,month-to-month,fiber,95.22,1,0,1,2,1,6.4,1
CUST-02422,Northeast,67,4,55,month-to-month,dsl,122.77,1,1,3,3,0,7.5,0
CUST-02423,Midwest,73,1,8,month-to-month,dsl,80.84,0,1,1,1,1,7.0,0
CUST-02424,Midwest,28,1,60,two-year,fiber,104.55,0,1,1,3,0,5.6,0
CUST-02425,South,49,5,26,month-to-month,fiber,106.52,0,0,2,0,0,8.8,0
CUST-02426,South,44,4,41,month-to-month,none,75.48,1,1,3,0,0,5.5,0
CUST-02427,West,76,4,12,month-to-month,dsl,58.94,1,1,1,1,0,9.0,0
CUST-02428,Northeast,74,1,28,month-to-month,fiber,126.46,1,1,4,1,0,7.4,0
CUST-02429,West,68,4,55,one-year,dsl,124.23,1,1,4,0,0,8.5,0
CUST-02430,Midwest,30,4,20,month-to-month,fiber,116.97,0,1,1,0,0,7.9,0
CUST-02431,West,38,5,10,one-year,fiber,102.72,0,1,1,1,0,8.8,0
CUST-02432,Midwest,64,1,38,one-year,dsl,78.26,0,1,0,2,0,7.3,1
CUST-02433,West,54,3,12,one-year,fiber,103.78,1,0,2,1,2,7.4,1
CUST-02434,Midwest,53,1,23,month-to-month,fiber,112.62,0,0,0,4,0,4.8,0
CUST-02435,Midwest,22,2,33,one-year,dsl,100.95,1,1,4,1,0,7.3,0
CUST-02436,South,42,2,41,month-to-month,fiber,86.16,0,1,4,1,0,7.9,0
CUST-02437,West,76,1,47,month-to-month,fiber,154.8,1,1,4,0,1,8.1,0
CUST-02438,South,45,2,49,one-year,fiber,90.67,0,0,1,2,2,8.1,0
CUST-02439,Midwest,71,5,61,one-year,dsl,75.75,1,1,3,2,0,6.6,0
CUST-02440,South,42,5,5,month-to-month,dsl,87.58,0,1,2,4,0,4.6,1
CUST-02441,West,68,3,27,two-year,none,71.52,1,1,1,2,2,7.1,0
CUST-02442,West,67,3,1,month-to-month,fiber,111.19,1,1,2,1,0,7.5,1
CUST-02443,Northeast,55,5,1,one-year,dsl,89.0,1,0,0,2,0,6.3,0
CUST-02444,Midwest,66,3,16,two-year,dsl,107.64,0,0,4,1,0,7.2,0
CUST-02445,Midwest,20,3,44,month-to-month,fiber,95.64,1,0,0,1,0,8.2,0
CUST-02446,South,40,1,65,one-year,fiber,87.33,1,1,1,2,0,6.2,0
CUST-02447,South,23,1,56,one-year,dsl,80.4,0,1,1,1,1,6.4,0
CUST-02448,Midwest,59,3,47,one-year,fiber,108.22,1,0,2,0,0,7.8,0
CUST-02449,West,35,2,57,one-year,dsl,111.82,1,0,3,0,1,7.6,0
CUST-02450,South,49,1,13,one-year,dsl,93.93,1,1,4,2,0,8.1,0
CUST-02451,South,68,4,61,month-to-month,fiber,78.65,1,1,1,1,1,6.8,0
CUST-02452,West,62,4,65,one-year,none,82.27,1,1,1,1,1,9.1,0
CUST-02453,West,57,1,7,month-to-month,dsl,76.63,1,1,0,3,1,5.3,0
CUST-02454,Midwest,21,5,34,two-year,fiber,92.62,0,1,2,0,0,8.5,0
CUST-02455,Midwest,54,2,60,month-to-month,dsl,63.98,1,1,4,1,0,7.5,0
CUST-02456,Northeast,38,2,35,month-to-month,fiber,110.94,0,1,0,1,0,7.3,0
CUST-02457,Northeast,77,1,61,two-year,dsl,107.14,0,0,4,0,1,5.7,0
CUST-02458,Northeast,38,5,68,month-to-month,fiber,103.84,0,0,1,0,0,6.9,0
CUST-02459,South,62,5,35,month-to-month,fiber,130.87,1,0,4,3,1,6.0,0
CUST-02460,Northeast,53,5,5,one-year,fiber,91.54,0,1,0,1,1,5.6,0
CUST-02461,South,38,1,25,month-to-month,fiber,112.73,0,1,4,0,0,5.2,1
CUST-02462,Northeast,30,5,16,month-to-month,fiber,92.39,0,0,1,1,0,6.2,0
CUST-02463,West,33,1,35,month-to-month,fiber,85.72,0,1,1,3,2,6.0,1
CUST-02464,South,49,4,43,month-to-month,none,35.74,1,1,1,2,0,7.4,0
CUST-02465,Northeast,71,4,34,month-to-month,fiber,121.22,1,0,0,1,0,6.4,1
CUST-02466,Northeast,76,5,15,month-to-month,fiber,115.81,1,1,3,2,0,6.8,0
CUST-02467,Northeast,36,3,22,month-to-month,fiber,76.64,1,1,0,2,0,7.4,0
CUST-02468,Midwest,20,2,49,month-to-month,dsl,70.8,0,0,2,1,0,8.5,0
CUST-02469,West,31,4,2,month-to-month,fiber,125.27,1,1,4,1,1,8.5,0
CUST-02470,South,48,3,16,one-year,dsl,85.69,1,0,2,0,0,9.3,0
CUST-02471,Midwest,42,1,65,one-year,dsl,86.44,1,1,4,2,1,6.6,0
CUST-02472,Northeast,26,4,8,month-to-month,fiber,105.26,1,1,3,2,0,7.0,1
CUST-02473,South,28,4,30,month-to-month,none,83.09,1,1,3,1,0,7.6,0
CUST-02474,Northeast,52,2,15,two-year,fiber,110.29,1,1,4,2,0,7.2,0
CUST-02475,South,33,4,8,one-year,dsl,91.12,0,0,0,1,1,6.2,0
CUST-02476,Northeast,32,2,31,month-to-month,fiber,130.53,1,1,1,1,0,8.8,0
CUST-02477,West,40,3,38,month-to-month,dsl,85.34,0,1,1,1,0,7.7,0
CUST-02478,Midwest,72,2,13,month-to-month,dsl,66.36,1,0,0,1,1,8.1,0
CUST-02479,West,68,4,6,one-year,fiber,75.31,1,1,0,1,1,8.2,0
CUST-02480,Midwest,37,1,10,two-year,fiber,88.47,1,0,0,1,1,7.3,0
CUST-02481,Northeast,64,1,47,two-year,fiber,86.02,0,0,4,1,0,6.3,0
CUST-02482,South,75,3,62,month-to-month,fiber,134.36,1,1,4,0,0,8.8,0
CUST-02483,Northeast,34,4,13,month-to-month,none,46.4,1,1,2,1,3,7.4,0
CUST-02484,Northeast,18,4,24,month-to-month,dsl,88.05,1,1,4,0,0,8.4,0
CUST-02485,West,31,1,25,month-to-month,dsl,86.65,1,1,1,1,0,9.5,0
CUST-02486,West,67,4,26,month-to-month,none,106.18,1,1,2,3,0,5.9,1
CUST-02487,Northeast,24,5,18,one-year,dsl,96.43,1,1,4,1,0,7.6,0
CUST-02488,South,33,4,4,month-to-month,dsl,71.83,0,1,0,1,2,7.0,0
CUST-02489,South,75,1,38,two-year,fiber,96.81,1,1,0,0,0,8.0,0
CUST-02490,South,30,4,26,month-to-month,fiber,95.58,1,1,2,0,0,7.9,1
CUST-02491,Midwest,46,2,25,month-to-month,fiber,92.42,1,1,1,1,0,8.5,1
CUST-02492,South,71,1,20,two-year,fiber,82.35,0,0,3,1,0,7.1,0
CUST-02493,West,68,3,67,one-year,fiber,104.33,0,1,3,1,0,7.1,0
CUST-02494,Northeast,36,1,44,month-to-month,fiber,114.91,0,0,1,0,0,8.4,0
CUST-02495,Midwest,32,1,31,one-year,fiber,106.43,1,1,0,1,1,6.5,0
CUST-02496,Midwest,53,1,15,month-to-month,fiber,71.44,1,1,0,2,1,6.7,1
CUST-02497,Midwest,37,2,58,month-to-month,fiber,87.94,1,1,2,0,0,8.0,0
CUST-02498,Midwest,62,5,64,month-to-month,fiber,99.86,0,1,1,0,0,8.4,0
CUST-02499,Midwest,58,2,3,month-to-month,fiber,70.93,0,1,0,1,1,7.8,0
CUST-02500,Northeast,43,5,67,one-year,fiber,103.13,1,0,3,1,0,7.8,0
CUST-02501,West,42,1,51,month-to-month,dsl,89.3,0,1,4,1,0,7.2,0
CUST-02502,South,24,3,8,one-year,dsl,95.07,0,1,4,2,1,6.8,1
CUST-02503,Northeast,59,2,55,one-year,fiber,91.81,0,0,0,0,0,7.9,0
CUST-02504,Midwest,73,2,8,month-to-month,fiber,100.63,1,0,0,1,1,8.5,0
CUST-02505,Midwest,70,3,4,month-to-month,fiber,89.0,1,1,2,3,1,6.7,1
CUST-02506,South,56,5,9,month-to-month,fiber,135.58,0,1,4,4,1,6.5,1
CUST-02507,Northeast,61,4,34,one-year,fiber,122.17,0,1,2,1,0,6.9,1
CUST-02508,West,71,1,45,one-year,none,111.99,1,1,2,1,0,9.0,0
CUST-02509,West,31,5,30,one-year,fiber,127.13,1,1,4,5,0,5.8,0
CUST-02510,South,64,1,9,month-to-month,fiber,130.87,1,0,3,0,0,8.7,0
CUST-02511,South,24,3,15,month-to-month,dsl,112.22,0,1,4,1,0,5.6,0
CUST-02512,West,64,4,62,month-to-month,fiber,124.5,0,1,4,4,0,7.1,1
CUST-02513,South,31,3,70,month-to-month,fiber,97.19,1,1,4,3,0,6.8,1
CUST-02514,Northeast,53,3,55,one-year,fiber,107.7,1,1,2,3,0,8.5,0
CUST-02515,South,18,4,8,month-to-month,none,79.73,1,0,1,5,0,6.4,1
CUST-02516,Midwest,18,5,60,month-to-month,fiber,118.08,1,0,0,0,1,6.0,1
CUST-02517,Midwest,56,2,50,month-to-month,dsl,107.15,0,1,3,1,1,8.4,0
CUST-02518,South,70,5,38,month-to-month,dsl,95.91,1,1,1,1,0,7.7,0
CUST-02519,Northeast,24,1,11,one-year,fiber,85.51,0,1,0,2,0,7.7,0
CUST-02520,West,67,5,72,month-to-month,dsl,99.25,0,1,4,3,0,6.7,1
CUST-02521,Northeast,63,2,32,two-year,fiber,75.16,1,1,2,1,1,7.6,0
CUST-02522,Midwest,61,4,4,two-year,fiber,113.73,1,1,2,3,2,5.9,0
CUST-02523,Northeast,34,2,16,two-year,fiber,132.02,1,0,3,1,1,8.3,0
CUST-02524,Midwest,70,5,29,one-year,none,81.34,1,0,1,1,1,6.9,0
CUST-02525,South,54,3,5,one-year,fiber,115.65,1,1,4,0,0,8.5,0
CUST-02526,Northeast,29,4,24,one-year,fiber,74.7,1,0,2,0,0,9.7,0
CUST-02527,Northeast,70,2,34,month-to-month,none,64.68,0,0,2,3,1,4.9,1
CUST-02528,South,34,3,69,month-to-month,fiber,88.02,1,0,1,2,0,6.8,0
CUST-02529,Northeast,47,4,7,one-year,dsl,112.3,1,1,3,2,1,8.2,0
CUST-02530,Midwest,27,3,42,month-to-month,dsl,49.92,1,0,1,2,1,6.0,0
CUST-02531,West,41,1,66,month-to-month,dsl,94.66,1,0,3,1,1,5.6,0
CUST-02532,South,56,5,59,two-year,dsl,81.18,1,1,4,1,2,5.6,0
CUST-02533,West,71,2,67,month-to-month,dsl,88.05,0,1,0,0,2,6.9,0
CUST-02534,Midwest,44,1,13,month-to-month,fiber,73.05,0,0,2,1,2,8.3,1
CUST-02535,Northeast,55,4,58,one-year,none,91.44,1,1,3,0,1,7.5,0
CUST-02536,South,24,3,71,month-to-month,none,73.13,0,1,1,1,0,7.0,0
CUST-02537,Midwest,32,3,24,two-year,none,40.3,1,1,0,1,0,7.9,0
CUST-02538,Midwest,52,2,36,month-to-month,dsl,109.28,0,1,2,1,0,8.3,0
CUST-02539,South,20,1,39,two-year,dsl,105.95,0,0,2,2,1,7.6,0
CUST-02540,South,38,4,36,one-year,dsl,108.03,1,0,4,1,1,7.5,0
CUST-02541,Midwest,21,2,21,month-to-month,fiber,110.68,0,1,4,2,0,7.3,1
CUST-02542,Midwest,47,4,70,month-to-month,fiber,83.09,1,0,0,0,0,9.1,0
CUST-02543,West,33,5,69,month-to-month,dsl,88.25,0,1,1,3,1,4.5,0
CUST-02544,Northeast,33,2,28,month-to-month,dsl,78.28,1,0,0,3,1,5.9,0
CUST-02545,Northeast,45,3,58,month-to-month,fiber,106.71,1,1,4,1,1,6.2,0
CUST-02546,Midwest,27,4,29,two-year,fiber,76.23,1,1,1,1,2,6.7,0
CUST-02547,South,63,3,58,month-to-month,dsl,103.75,0,1,4,0,1,8.2,0
CUST-02548,West,45,3,43,two-year,fiber,99.57,0,0,0,1,1,6.3,1
CUST-02549,Midwest,72,3,34,month-to-month,none,91.44,1,0,2,1,1,9.4,0
CUST-02550,Northeast,31,1,10,two-year,dsl,87.87,1,1,0,4,1,6.6,0
CUST-02551,West,21,4,48,month-to-month,fiber,119.68,1,0,2,0,2,7.1,0
CUST-02552,West,42,4,24,month-to-month,fiber,84.57,1,1,0,0,0,8.0,0
CUST-02553,Northeast,24,3,16,one-year,dsl,71.83,1,1,0,1,1,6.5,1
CUST-02554,West,40,1,14,month-to-month,fiber,92.47,1,0,0,1,0,6.2,1
CUST-02555,South,64,1,71,one-year,dsl,110.05,1,1,3,1,2,7.1,0
CUST-02556,Northeast,74,5,8,month-to-month,fiber,128.9,1,0,3,3,0,7.6,0
CUST-02557,Northeast,45,1,58,month-to-month,fiber,107.24,1,1,2,3,0,5.2,1
CUST-02558,Northeast,29,5,63,month-to-month,fiber,81.06,1,1,0,3,0,7.6,0
CUST-02559,Northeast,41,1,3,one-year,dsl,94.03,1,1,1,2,1,6.9,0
CUST-02560,West,35,1,43,month-to-month,none,66.04,0,1,1,2,0,7.0,0
CUST-02561,West,25,2,42,month-to-month,none,88.07,0,1,4,3,0,6.3,0
CUST-02562,West,65,2,26,month-to-month,fiber,102.23,1,0,3,1,1,8.0,0
CUST-02563,Midwest,61,2,49,month-to-month,dsl,102.82,1,0,0,1,1,8.3,0
CUST-02564,South,35,1,30,month-to-month,fiber,94.97,0,0,0,1,0,7.1,1
CUST-02565,West,47,1,32,two-year,dsl,78.5,1,1,1,1,0,8.4,0
CUST-02566,West,46,4,32,month-to-month,none,73.05,1,1,1,1,0,8.7,0
CUST-02567,South,43,5,58,one-year,fiber,102.12,1,1,2,1,0,8.6,0
CUST-02568,Northeast,63,1,46,month-to-month,none,74.4,1,1,4,5,1,4.7,1
CUST-02569,West,59,4,28,month-to-month,fiber,98.72,0,1,0,0,1,7.4,0
CUST-02570,South,18,3,67,month-to-month,fiber,82.14,1,0,2,1,0,6.7,1
CUST-02571,Midwest,31,4,58,month-to-month,dsl,88.53,0,0,2,2,0,8.4,0
CUST-02572,West,75,2,68,month-to-month,none,58.92,1,1,3,0,0,8.4,0
CUST-02573,Northeast,42,2,53,month-to-month,fiber,67.77,0,0,2,0,0,6.6,0
CUST-02574,South,45,4,29,month-to-month,dsl,102.63,1,0,2,3,1,5.4,1
CUST-02575,Northeast,63,4,56,two-year,fiber,77.63,1,0,1,0,0,8.3,0
CUST-02576,West,63,4,24,month-to-month,dsl,107.71,1,1,4,0,1,9.1,0
CUST-02577,Northeast,51,1,20,month-to-month,dsl,84.42,1,0,1,1,1,7.1,0
CUST-02578,Northeast,73,3,33,month-to-month,fiber,93.75,1,1,0,3,0,7.0,1
CUST-02579,South,53,5,70,month-to-month,dsl,65.94,1,0,0,1,1,6.7,0
CUST-02580,South,70,3,41,one-year,dsl,71.35,0,0,0,0,0,8.8,0
CUST-02581,Midwest,45,5,28,month-to-month,fiber,95.38,0,1,1,0,1,8.8,0
CUST-02582,West,31,4,34,one-year,fiber,132.55,1,1,4,1,1,8.4,0
CUST-02583,Midwest,24,2,21,month-to-month,fiber,81.5,0,1,0,0,0,5.6,0
CUST-02584,Northeast,51,3,48,month-to-month,none,67.26,1,0,0,2,1,6.6,0
CUST-02585,Midwest,71,2,26,two-year,dsl,95.28,0,1,2,1,0,6.7,0
CUST-02586,Midwest,42,3,40,month-to-month,dsl,87.65,1,1,2,2,0,7.6,0
CUST-02587,Northeast,61,1,27,one-year,dsl,51.15,0,1,2,2,1,6.9,0
CUST-02588,West,49,1,24,month-to-month,dsl,56.08,1,0,0,1,0,9.1,0
CUST-02589,Midwest,66,4,70,two-year,fiber,104.49,0,1,1,0,1,7.7,0
CUST-02590,West,64,2,25,month-to-month,fiber,91.43,1,0,1,1,0,7.6,0
CUST-02591,Northeast,59,5,6,month-to-month,dsl,101.65,0,1,3,2,1,6.4,1
CUST-02592,West,39,2,28,one-year,fiber,116.86,1,1,3,4,0,6.9,0
CUST-02593,West,42,4,39,month-to-month,fiber,141.78,0,1,4,4,0,4.8,1
CUST-02594,West,46,3,7,month-to-month,dsl,65.04,1,0,2,2,0,6.1,0
CUST-02595,Midwest,67,2,23,two-year,dsl,91.75,1,0,2,0,2,7.4,0
CUST-02596,Northeast,54,4,12,one-year,dsl,88.19,1,0,2,1,2,7.9,0
CUST-02597,South,28,3,37,one-year,fiber,87.65,1,1,1,0,1,9.1,0
CUST-02598,Midwest,34,5,53,one-year,none,78.79,1,0,0,1,1,7.6,0
CUST-02599,South,36,2,70,one-year,fiber,113.96,1,0,2,0,0,9.0,0
CUST-02600,South,54,2,29,two-year,fiber,95.22,0,1,1,3,0,7.0,0
CUST-02601,South,63,1,63,one-year,none,47.65,1,0,1,0,0,8.4,0
CUST-02602,Midwest,26,3,16,month-to-month,dsl,130.62,0,1,3,3,0,6.1,1
CUST-02603,Midwest,61,3,57,month-to-month,none,68.3,1,0,0,5,0,6.0,0
CUST-02604,Midwest,55,4,41,one-year,dsl,73.41,0,1,0,0,0,9.9,0
CUST-02605,Northeast,30,1,55,one-year,dsl,102.63,1,1,1,0,2,8.8,0
CUST-02606,Northeast,26,2,55,month-to-month,fiber,101.88,1,1,2,0,0,9.2,0
CUST-02607,West,26,2,39,month-to-month,fiber,141.94,1,1,4,0,0,9.9,0
CUST-02608,West,64,3,19,month-to-month,none,80.12,0,1,2,0,0,7.2,0
CUST-02609,Midwest,32,2,38,month-to-month,dsl,104.33,1,1,1,2,0,7.6,0
CUST-02610,South,29,3,60,two-year,fiber,98.17,1,0,1,2,0,8.7,0
CUST-02611,South,43,5,70,month-to-month,fiber,85.26,0,1,1,0,0,8.7,0
CUST-02612,Midwest,56,2,67,one-year,fiber,144.92,0,1,1,3,0,6.0,0
CUST-02613,West,44,5,14,one-year,fiber,126.79,1,1,3,2,1,6.4,1
CUST-02614,South,52,1,44,two-year,dsl,83.12,1,1,3,2,0,8.8,0
CUST-02615,West,39,3,8,month-to-month,fiber,88.15,0,1,3,1,0,7.7,1
CUST-02616,South,43,1,49,two-year,fiber,107.39,1,1,1,2,0,7.6,0
CUST-02617,South,53,3,72,one-year,none,91.13,0,1,1,1,1,7.4,0
CUST-02618,Midwest,56,2,4,one-year,dsl,83.01,1,0,0,0,0,9.8,0
CUST-02619,West,62,1,48,month-to-month,fiber,119.37,1,1,3,1,0,8.4,0
CUST-02620,Midwest,68,5,69,month-to-month,fiber,147.36,0,0,4,1,0,7.1,1
CUST-02621,West,37,4,61,one-year,fiber,108.99,0,1,0,3,0,7.4,0
CUST-02622,West,25,1,29,month-to-month,fiber,79.46,1,0,0,1,2,7.2,1
CUST-02623,Northeast,23,4,8,month-to-month,fiber,86.71,0,1,1,1,2,7.6,1
CUST-02624,West,58,1,67,one-year,fiber,117.51,1,1,3,2,0,8.6,0
CUST-02625,West,43,3,67,one-year,fiber,103.15,1,1,1,3,1,7.7,0
CUST-02626,West,42,4,42,month-to-month,fiber,108.16,1,1,0,1,0,6.0,1
CUST-02627,Midwest,62,1,71,month-to-month,fiber,105.71,1,0,1,1,0,8.0,0
CUST-02628,West,58,5,1,month-to-month,none,87.83,0,1,1,1,0,8.6,0
CUST-02629,Midwest,72,1,45,two-year,fiber,98.68,0,0,1,2,0,6.5,0
CUST-02630,West,70,1,3,two-year,fiber,120.26,1,0,2,3,0,8.6,0
CUST-02631,South,62,3,68,month-to-month,dsl,87.98,1,1,1,2,1,7.3,0
CUST-02632,Northeast,57,4,49,month-to-month,fiber,88.15,0,1,0,2,0,7.6,1
CUST-02633,West,71,3,66,month-to-month,fiber,100.54,1,1,0,0,0,9.0,0
CUST-02634,Midwest,27,1,41,month-to-month,dsl,99.17,1,0,3,3,1,5.0,1
CUST-02635,West,75,1,6,two-year,dsl,108.94,1,1,3,0,1,9.1,0
CUST-02636,Northeast,42,1,2,month-to-month,fiber,112.53,1,0,1,0,0,8.5,0
CUST-02637,Northeast,32,5,25,month-to-month,dsl,102.88,0,0,4,1,0,6.9,0
CUST-02638,South,50,5,54,month-to-month,dsl,64.94,0,0,2,3,0,7.7,0
CUST-02639,Midwest,71,1,11,month-to-month,fiber,94.14,1,1,3,1,0,5.8,0
CUST-02640,West,25,4,62,two-year,fiber,106.64,0,1,3,2,0,6.5,1
CUST-02641,Midwest,28,5,18,one-year,fiber,111.65,1,0,1,1,0,9.2,0
CUST-02642,Midwest,56,3,36,one-year,dsl,63.38,1,0,2,0,0,9.4,0
CUST-02643,South,58,1,15,month-to-month,fiber,108.87,0,1,2,2,2,5.8,1
CUST-02644,Midwest,60,1,34,two-year,fiber,101.97,1,1,2,1,0,7.3,0
CUST-02645,Northeast,71,4,33,month-to-month,fiber,106.34,0,0,3,1,0,7.2,0
CUST-02646,Midwest,63,3,1,two-year,none,73.43,0,1,1,0,0,8.6,0
CUST-02647,Northeast,66,1,41,two-year,fiber,75.91,1,1,0,2,0,7.0,0
CUST-02648,Northeast,25,1,57,month-to-month,fiber,95.71,1,1,0,1,1,7.3,0
CUST-02649,Northeast,39,3,68,two-year,fiber,123.98,0,0,2,1,1,7.6,0
CUST-02650,West,60,2,24,month-to-month,dsl,101.26,1,1,4,1,0,7.3,0
CUST-02651,Northeast,67,5,64,one-year,fiber,102.33,0,1,1,0,0,7.9,0
CUST-02652,Northeast,39,4,64,month-to-month,none,76.82,1,1,2,0,0,7.2,0
CUST-02653,West,52,3,72,month-to-month,fiber,93.4,1,1,0,0,2,7.7,0
CUST-02654,Northeast,30,3,27,month-to-month,fiber,115.66,0,1,3,1,0,7.4,1
CUST-02655,Midwest,69,3,62,month-to-month,fiber,94.6,1,1,0,1,0,6.8,0
CUST-02656,Northeast,49,4,41,month-to-month,fiber,82.34,1,1,2,1,0,7.9,0
CUST-02657,South,23,3,5,month-to-month,fiber,133.34,0,0,4,0,1,8.8,1
CUST-02658,West,52,1,20,one-year,dsl,65.11,0,1,1,0,0,8.4,0
CUST-02659,South,33,3,49,month-to-month,fiber,118.73,1,0,4,0,1,8.4,0
CUST-02660,South,45,4,12,month-to-month,dsl,83.43,0,1,0,0,0,8.9,0
CUST-02661,West,38,5,32,two-year,fiber,102.16,0,1,0,1,0,7.7,0
CUST-02662,Midwest,68,5,56,two-year,dsl,56.28,0,0,0,1,2,8.1,0
CUST-02663,West,68,4,11,month-to-month,fiber,90.52,1,1,1,1,0,5.6,0
CUST-02664,South,27,5,36,month-to-month,dsl,87.09,0,1,2,1,1,6.5,1
CUST-02665,Northeast,37,1,16,one-year,fiber,106.93,1,1,4,1,0,7.0,0
CUST-02666,Northeast,42,1,39,one-year,none,111.19,0,1,1,0,0,9.6,0
CUST-02667,South,69,1,18,month-to-month,none,56.86,0,0,1,1,0,8.0,0
CUST-02668,Northeast,34,1,70,one-year,dsl,87.61,1,0,0,0,0,7.5,0
CUST-02669,Midwest,60,4,6,month-to-month,none,103.43,0,1,3,3,1,5.2,1
CUST-02670,Northeast,20,3,70,month-to-month,fiber,112.71,1,1,2,0,1,6.7,0
CUST-02671,Northeast,75,3,58,one-year,fiber,82.63,0,1,0,0,0,8.6,0
CUST-02672,Midwest,38,3,62,one-year,fiber,102.63,1,1,2,2,1,7.4,0
CUST-02673,Midwest,34,3,62,two-year,none,49.0,0,1,1,2,0,6.8,0
CUST-02674,Northeast,61,5,14,month-to-month,fiber,102.78,1,1,2,4,0,5.2,0
CUST-02675,Midwest,54,2,68,month-to-month,fiber,104.15,0,1,1,1,1,7.1,0
CUST-02676,South,49,2,43,month-to-month,dsl,87.67,1,1,3,2,1,9.2,0
CUST-02677,Northeast,73,1,70,month-to-month,fiber,107.27,0,1,0,1,0,7.1,0
CUST-02678,South,43,3,64,month-to-month,dsl,87.22,0,1,2,2,1,7.6,0
CUST-02679,West,50,2,42,month-to-month,fiber,86.12,1,0,3,2,0,6.8,0
CUST-02680,Midwest,46,2,27,month-to-month,dsl,96.83,0,1,0,1,0,8.3,0
CUST-02681,West,28,3,9,one-year,dsl,81.43,1,0,4,1,0,8.6,0
CUST-02682,West,36,5,8,month-to-month,dsl,108.81,1,1,3,2,0,7.1,1
CUST-02683,Northeast,54,4,29,month-to-month,fiber,112.71,1,1,1,0,0,8.8,0
CUST-02684,Northeast,25,1,59,one-year,fiber,107.58,1,1,2,0,0,9.6,0
CUST-02685,Midwest,61,2,37,month-to-month,fiber,129.29,1,0,3,0,0,8.3,0
CUST-02686,South,53,5,35,two-year,fiber,96.54,1,1,2,0,1,8.1,0
CUST-02687,South,56,2,18,month-to-month,dsl,90.82,0,0,3,0,0,8.6,0
CUST-02688,Northeast,66,5,41,month-to-month,fiber,91.65,1,1,4,4,0,7.5,0
CUST-02689,Northeast,47,5,46,two-year,fiber,78.36,0,1,1,1,0,6.5,0
CUST-02690,West,65,1,71,one-year,fiber,130.93,0,1,0,3,1,5.3,1
CUST-02691,Northeast,62,5,53,one-year,none,94.19,0,0,2,2,1,8.2,0
CUST-02692,West,32,4,44,one-year,fiber,125.03,0,1,2,0,0,7.8,1
CUST-02693,South,34,3,66,month-to-month,fiber,136.47,0,1,3,1,0,8.5,0
CUST-02694,Northeast,44,2,31,one-year,fiber,91.79,0,1,1,0,1,7.5,0
CUST-02695,Midwest,23,3,68,two-year,fiber,112.41,1,1,4,0,0,8.1,0
CUST-02696,Northeast,51,2,27,two-year,none,34.92,1,1,0,5,0,6.7,1
CUST-02697,South,72,4,10,month-to-month,fiber,105.64,1,1,2,1,0,8.3,0
CUST-02698,Northeast,66,3,31,month-to-month,dsl,85.48,0,0,2,0,0,6.9,0
CUST-02699,Northeast,61,3,10,one-year,dsl,87.27,0,1,3,2,0,7.7,0
CUST-02700,Northeast,29,5,9,month-to-month,dsl,94.12,1,1,1,0,1,7.4,0
CUST-02701,West,66,1,64,month-to-month,dsl,115.66,0,0,4,0,0,8.4,0
CUST-02702,Northeast,25,2,58,month-to-month,dsl,87.62,0,0,0,1,0,7.5,0
CUST-02703,Northeast,42,4,16,month-to-month,fiber,103.92,1,1,4,2,0,7.0,0
CUST-02704,Northeast,73,2,61,month-to-month,fiber,101.03,1,1,2,2,0,6.6,0
CUST-02705,Northeast,63,1,5,month-to-month,dsl,91.98,0,1,2,1,0,5.9,0
CUST-02706,Northeast,26,3,21,month-to-month,dsl,104.15,1,1,1,2,1,6.3,0
CUST-02707,Northeast,49,1,51,month-to-month,fiber,96.71,1,1,1,2,0,7.7,0
CUST-02708,Northeast,77,3,22,two-year,fiber,113.16,1,1,2,1,1,8.2,0
CUST-02709,South,44,1,53,month-to-month,fiber,110.35,0,0,1,1,0,6.7,1
CUST-02710,South,53,1,63,month-to-month,fiber,84.49,1,1,0,1,0,8.7,1
CUST-02711,Northeast,40,4,5,month-to-month,fiber,107.66,1,1,2,3,0,6.9,0
CUST-02712,South,47,1,2,month-to-month,fiber,110.42,0,1,2,1,0,8.0,0
CUST-02713,South,49,1,68,two-year,fiber,103.57,1,0,3,2,1,6.3,0
CUST-02714,South,29,1,38,two-year,dsl,84.45,1,1,2,1,0,9.6,0
CUST-02715,Northeast,74,3,37,month-to-month,dsl,85.5,0,1,2,3,0,6.8,1
CUST-02716,West,69,3,34,month-to-month,dsl,82.08,1,1,2,3,1,7.7,0
CUST-02717,South,24,3,32,month-to-month,dsl,56.15,1,1,2,2,1,6.3,1
CUST-02718,South,28,4,50,month-to-month,fiber,117.5,1,1,3,1,0,6.0,0
CUST-02719,Midwest,56,4,42,month-to-month,fiber,124.98,0,1,3,3,1,5.2,0
CUST-02720,South,42,4,12,month-to-month,dsl,86.58,1,1,4,1,0,8.6,0
CUST-02721,Midwest,58,5,46,month-to-month,dsl,79.24,0,0,2,0,0,7.0,1
CUST-02722,West,20,2,49,one-year,dsl,76.7,1,1,0,0,1,9.7,0
CUST-02723,West,63,1,9,month-to-month,dsl,113.42,1,1,2,1,0,7.0,0
CUST-02724,South,19,5,28,month-to-month,dsl,104.89,1,1,1,0,0,8.6,0
CUST-02725,Northeast,29,1,57,month-to-month,dsl,95.73,1,1,0,0,1,8.2,1
CUST-02726,Northeast,61,3,45,month-to-month,dsl,87.67,0,1,4,0,0,7.7,1
CUST-02727,Northeast,38,4,10,month-to-month,dsl,117.34,0,1,3,0,0,7.7,1
CUST-02728,Midwest,30,1,3,month-to-month,fiber,103.82,1,1,3,2,0,6.2,1
CUST-02729,South,70,5,42,month-to-month,fiber,109.44,0,0,3,1,1,8.9,0
CUST-02730,South,54,5,34,month-to-month,fiber,118.7,1,1,4,0,1,8.4,0
CUST-02731,Northeast,35,5,70,one-year,dsl,75.84,1,0,3,3,1,5.2,0
CUST-02732,Midwest,61,4,38,two-year,dsl,81.57,1,1,3,2,1,6.0,0
CUST-02733,West,26,4,68,month-to-month,fiber,101.06,0,1,3,2,1,7.1,0
CUST-02734,West,47,3,16,month-to-month,fiber,103.18,1,1,3,0,1,8.0,0
CUST-02735,South,29,4,33,one-year,dsl,94.86,0,0,3,2,1,5.3,0
CUST-02736,Midwest,57,1,11,one-year,fiber,61.4,1,1,0,1,1,10.0,0
CUST-02737,Midwest,34,2,42,month-to-month,dsl,81.12,1,1,2,4,0,3.5,1
CUST-02738,West,32,1,14,month-to-month,fiber,121.64,1,1,1,3,0,6.2,0
CUST-02739,South,33,1,36,month-to-month,fiber,118.25,1,1,4,2,2,6.6,0
CUST-02740,South,67,3,25,one-year,fiber,108.81,0,1,2,0,0,7.7,0
CUST-02741,South,69,4,14,month-to-month,fiber,108.84,1,1,2,3,1,7.1,0
CUST-02742,Northeast,30,5,7,month-to-month,fiber,99.86,1,0,2,1,0,8.1,1
CUST-02743,West,27,1,37,month-to-month,fiber,90.89,0,0,3,0,1,7.9,0
CUST-02744,South,53,4,69,month-to-month,fiber,115.51,1,1,3,0,0,8.2,0
CUST-02745,West,56,4,15,month-to-month,fiber,127.59,1,1,1,3,1,6.8,0
CUST-02746,South,68,1,30,one-year,dsl,95.28,1,0,4,2,1,7.0,0
CUST-02747,Midwest,67,2,17,month-to-month,fiber,142.91,1,0,3,2,0,5.8,0
CUST-02748,Midwest,65,4,59,month-to-month,fiber,77.86,0,1,1,1,0,8.3,0
CUST-02749,West,20,1,30,month-to-month,fiber,117.41,1,0,3,0,1,9.6,0
CUST-02750,Midwest,21,2,71,one-year,none,72.85,0,1,2,0,1,8.2,0
CUST-02751,Midwest,29,3,18,month-to-month,dsl,73.94,1,1,1,0,1,8.1,0
CUST-02752,South,40,1,6,month-to-month,none,73.21,0,1,4,1,0,7.4,0
CUST-02753,Northeast,62,1,42,month-to-month,none,73.71,1,0,1,3,0,5.4,0
CUST-02754,West,69,5,47,one-year,fiber,106.64,0,0,4,0,0,7.8,0
CUST-02755,West,61,1,72,one-year,dsl,108.66,0,0,3,1,1,8.2,0
CUST-02756,South,69,3,63,two-year,fiber,118.96,0,0,4,1,1,7.8,0
CUST-02757,Northeast,40,3,64,one-year,none,84.93,1,1,3,1,0,9.6,0
CUST-02758,West,56,4,46,month-to-month,fiber,101.48,0,1,3,0,0,8.7,0
CUST-02759,Northeast,26,5,26,month-to-month,fiber,97.88,0,0,0,4,0,5.4,1
CUST-02760,Northeast,24,1,31,month-to-month,none,88.24,0,1,4,0,0,8.6,0
CUST-02761,West,67,5,10,one-year,dsl,99.83,0,1,3,1,0,7.6,0
CUST-02762,Midwest,42,1,32,one-year,none,98.68,1,0,1,1,2,6.1,1
CUST-02763,Midwest,61,5,27,month-to-month,fiber,106.57,1,0,1,3,0,7.5,1
CUST-02764,Midwest,75,3,3,two-year,fiber,86.7,0,1,0,2,0,7.7,0
CUST-02765,Midwest,52,1,15,month-to-month,fiber,123.47,0,1,1,1,3,9.3,1
CUST-02766,Midwest,24,3,39,month-to-month,fiber,97.33,0,1,0,1,1,6.7,1
CUST-02767,Midwest,57,5,27,month-to-month,fiber,152.88,0,0,4,1,0,8.1,1
CUST-02768,West,66,3,72,two-year,fiber,73.73,0,1,2,2,1,6.3,0
CUST-02769,Northeast,34,1,35,two-year,dsl,87.3,0,0,3,0,1,7.3,0
CUST-02770,Midwest,43,4,70,month-to-month,fiber,112.37,0,0,4,1,1,9.3,0
CUST-02771,South,55,5,48,two-year,dsl,76.36,0,1,4,1,0,5.9,0
CUST-02772,Midwest,62,4,3,two-year,dsl,93.9,1,1,2,1,1,7.8,0
CUST-02773,Northeast,28,3,15,one-year,dsl,66.72,0,0,0,1,0,9.3,0
CUST-02774,West,21,4,51,two-year,fiber,79.42,1,0,3,1,0,6.6,0
CUST-02775,South,56,2,40,month-to-month,fiber,113.03,1,1,4,1,2,6.7,0
CUST-02776,Northeast,18,1,22,one-year,fiber,111.26,1,0,1,1,1,8.6,0
CUST-02777,Northeast,45,5,38,one-year,dsl,101.37,0,0,0,2,0,6.1,0
CUST-02778,Midwest,36,3,66,one-year,fiber,98.82,1,0,3,1,0,8.3,0
CUST-02779,South,44,4,28,month-to-month,fiber,98.86,1,0,3,4,0,5.3,0
CUST-02780,Midwest,70,3,4,one-year,none,76.76,1,1,0,3,1,7.9,0
CUST-02781,South,74,5,23,two-year,dsl,47.18,1,0,0,1,2,8.7,0
CUST-02782,South,58,3,68,month-to-month,dsl,93.63,0,1,2,1,0,7.0,0
CUST-02783,South,40,2,55,two-year,fiber,64.22,1,1,0,1,0,5.4,0
CUST-02784,Northeast,54,2,61,month-to-month,none,81.96,1,0,0,1,0,8.1,0
CUST-02785,Midwest,26,3,66,month-to-month,fiber,103.88,0,1,1,4,0,6.7,1
CUST-02786,Northeast,77,5,9,month-to-month,fiber,68.32,0,0,2,0,1,8.2,0
CUST-02787,West,70,1,21,one-year,none,85.0,1,1,4,0,1,8.7,0
CUST-02788,South,38,1,5,one-year,none,79.88,0,1,2,2,2,7.0,0
CUST-02789,Northeast,19,2,1,month-to-month,fiber,78.13,1,1,4,2,0,6.8,0
CUST-02790,Midwest,69,5,61,one-year,fiber,106.94,0,1,3,3,3,5.2,0
CUST-02791,Midwest,19,4,68,month-to-month,fiber,104.08,1,1,1,3,1,6.4,1
CUST-02792,Midwest,24,4,12,month-to-month,dsl,61.27,0,1,2,1,0,7.2,0
CUST-02793,South,18,3,52,two-year,dsl,78.78,1,1,0,0,1,8.9,0
CUST-02794,Northeast,28,3,39,one-year,fiber,114.62,1,0,4,1,0,7.2,0
CUST-02795,West,73,4,5,one-year,fiber,105.25,1,0,1,2,0,7.1,0
CUST-02796,South,46,1,66,one-year,dsl,102.11,0,0,4,3,0,6.7,0
CUST-02797,South,28,4,63,two-year,dsl,75.8,0,0,3,1,0,7.1,0
CUST-02798,Northeast,75,3,41,month-to-month,fiber,82.27,0,1,1,1,0,6.1,0
CUST-02799,West,42,5,51,month-to-month,dsl,81.53,0,1,2,0,0,8.5,0
CUST-02800,West,60,1,29,month-to-month,none,50.65,1,0,0,1,0,6.5,0
CUST-02801,Midwest,50,3,58,one-year,fiber,126.61,0,1,3,3,1,6.6,0
CUST-02802,Midwest,24,5,33,one-year,dsl,63.89,0,1,0,4,0,6.6,0
CUST-02803,Midwest,60,5,72,one-year,dsl,77.19,1,1,3,1,2,8.8,0
CUST-02804,Northeast,75,2,5,month-to-month,dsl,76.22,0,1,0,4,0,7.8,0
CUST-02805,South,76,4,13,month-to-month,dsl,54.33,0,1,0,2,0,8.0,0
CUST-02806,South,63,2,70,one-year,dsl,83.05,1,1,1,1,0,7.4,0
CUST-02807,South,58,4,21,two-year,fiber,98.81,0,0,0,3,2,5.9,1
CUST-02808,West,62,4,23,month-to-month,fiber,130.7,1,0,4,1,0,7.9,0
CUST-02809,West,76,3,57,month-to-month,dsl,102.89,1,1,4,2,2,6.5,0
CUST-02810,Midwest,51,1,14,month-to-month,fiber,106.56,0,0,4,2,0,7.0,0
CUST-02811,Northeast,72,4,37,month-to-month,fiber,105.38,1,0,3,0,1,9.1,0
CUST-02812,South,41,3,21,month-to-month,fiber,87.23,1,0,1,1,0,7.8,0
CUST-02813,Midwest,37,3,15,month-to-month,dsl,88.57,0,1,3,1,0,8.2,0
CUST-02814,Midwest,24,4,70,one-year,none,102.84,1,1,3,1,0,7.0,0
CUST-02815,Midwest,45,5,15,month-to-month,dsl,75.72,0,1,1,2,0,7.3,0
CUST-02816,South,55,2,7,month-to-month,dsl,95.27,1,1,4,2,0,5.6,0
CUST-02817,West,42,5,49,month-to-month,fiber,108.79,1,1,4,2,0,8.1,0
CUST-02818,West,25,1,63,two-year,fiber,89.26,0,1,1,1,0,7.6,0
CUST-02819,Midwest,44,4,10,month-to-month,none,55.74,1,1,2,2,0,5.8,0
CUST-02820,West,53,3,51,month-to-month,fiber,98.24,0,0,4,2,2,6.1,0
CUST-02821,Northeast,25,4,39,month-to-month,dsl,111.95,1,0,1,0,1,8.4,0
CUST-02822,Northeast,50,3,60,one-year,dsl,117.94,1,1,4,2,0,6.3,0
CUST-02823,Midwest,40,3,10,two-year,fiber,101.52,0,1,1,0,0,7.5,0
CUST-02824,Midwest,53,3,71,month-to-month,dsl,94.13,0,1,4,2,1,6.2,0
CUST-02825,Northeast,18,4,45,month-to-month,fiber,116.92,1,1,1,1,1,8.1,0
CUST-02826,West,67,2,61,month-to-month,fiber,91.89,0,1,3,0,0,6.1,0
CUST-02827,Midwest,41,2,27,one-year,fiber,85.02,0,0,2,0,1,8.4,0
CUST-02828,Northeast,42,3,68,two-year,fiber,92.51,0,1,1,1,1,7.3,1
CUST-02829,Midwest,24,2,46,month-to-month,fiber,96.06,1,1,2,2,0,8.0,0
CUST-02830,West,44,2,10,month-to-month,none,49.88,0,1,1,4,0,6.1,1
CUST-02831,West,41,1,67,one-year,fiber,82.45,1,0,3,1,1,9.0,0
CUST-02832,South,21,2,58,one-year,dsl,109.91,1,0,4,0,1,8.7,0
CUST-02833,West,52,3,22,month-to-month,dsl,85.65,0,1,2,2,0,5.7,1
CUST-02834,South,35,3,40,month-to-month,fiber,79.99,1,0,1,1,0,8.0,0
CUST-02835,West,39,4,28,month-to-month,fiber,116.69,0,0,3,1,0,7.8,1
CUST-02836,West,22,2,40,one-year,none,63.49,0,1,2,1,1,6.9,0
CUST-02837,South,56,4,70,one-year,dsl,77.36,1,1,4,2,0,6.9,0
CUST-02838,Midwest,26,3,65,one-year,none,42.0,0,0,1,2,0,5.0,0
CUST-02839,West,53,3,16,one-year,fiber,106.34,1,1,2,2,0,8.1,0
CUST-02840,South,43,1,70,month-to-month,dsl,74.35,1,0,2,1,0,7.5,1
CUST-02841,Midwest,62,4,32,month-to-month,dsl,111.51,0,1,4,0,0,7.4,1
CUST-02842,Midwest,42,4,51,month-to-month,none,82.99,1,1,0,1,0,6.7,0
CUST-02843,South,57,1,56,two-year,fiber,106.41,1,1,3,1,0,7.5,0
CUST-02844,Midwest,74,1,35,one-year,none,139.3,0,0,4,0,1,8.4,0
CUST-02845,South,33,4,33,month-to-month,fiber,104.82,1,1,1,2,1,7.0,0
CUST-02846,Midwest,25,2,33,month-to-month,dsl,84.62,1,1,2,1,1,7.1,1
CUST-02847,West,54,5,63,one-year,dsl,48.19,1,1,1,0,0,7.4,0
CUST-02848,Northeast,26,5,28,one-year,dsl,83.98,1,1,2,0,1,7.9,0
CUST-02849,Northeast,31,3,21,one-year,fiber,122.93,1,0,4,1,0,7.2,0
CUST-02850,Midwest,63,5,27,month-to-month,dsl,96.87,0,0,1,3,1,5.8,1
CUST-02851,West,59,3,15,two-year,fiber,85.53,0,1,1,2,0,7.7,0
CUST-02852,West,19,5,29,one-year,fiber,110.79,1,1,2,1,1,7.2,0
CUST-02853,South,53,1,9,one-year,dsl,85.85,1,0,2,1,0,9.4,0
CUST-02854,West,57,3,7,one-year,dsl,111.15,1,0,3,0,1,7.7,0
CUST-02855,West,37,5,53,two-year,fiber,103.25,0,0,0,0,0,6.7,0
CUST-02856,South,62,2,6,two-year,dsl,114.2,0,0,4,1,0,7.5,0
CUST-02857,Northeast,61,5,41,one-year,fiber,123.08,0,0,3,2,0,6.6,0
CUST-02858,West,55,5,57,month-to-month,dsl,120.14,0,1,4,1,0,10.0,1
CUST-02859,Northeast,33,4,53,month-to-month,dsl,91.92,1,0,2,1,0,7.2,0
CUST-02860,Northeast,35,4,33,one-year,dsl,90.08,0,1,2,1,1,6.1,0
CUST-02861,South,50,1,14,one-year,dsl,81.36,1,0,1,1,0,7.9,0
CUST-02862,West,24,5,68,month-to-month,dsl,133.26,1,0,4,0,0,8.0,0
CUST-02863,Midwest,42,5,61,month-to-month,fiber,89.12,1,1,0,1,0,6.5,0
CUST-02864,South,77,3,45,two-year,dsl,99.73,1,0,2,3,1,6.9,0
CUST-02865,Midwest,56,2,7,two-year,fiber,79.11,1,0,1,0,0,9.0,0
CUST-02866,West,69,3,3,two-year,fiber,127.35,1,1,3,2,0,7.4,0
CUST-02867,Northeast,37,5,23,month-to-month,dsl,107.49,1,0,4,0,0,7.9,1
CUST-02868,West,61,1,12,one-year,fiber,104.26,1,0,3,1,0,7.6,0
CUST-02869,Midwest,62,3,62,one-year,fiber,90.17,0,1,0,1,1,6.8,0
CUST-02870,West,29,1,15,month-to-month,none,75.78,0,1,1,3,1,4.8,1
CUST-02871,Northeast,31,5,21,month-to-month,fiber,79.99,1,1,0,2,1,8.1,0
CUST-02872,South,43,4,71,two-year,fiber,112.04,0,0,2,1,0,9.8,0
CUST-02873,South,56,5,59,month-to-month,fiber,89.54,1,0,0,2,0,6.1,0
CUST-02874,West,60,5,16,one-year,fiber,84.09,0,1,3,1,1,6.9,0
CUST-02875,Midwest,76,1,28,one-year,dsl,112.45,1,1,2,2,1,6.1,1
CUST-02876,South,24,3,38,one-year,dsl,90.59,0,0,1,1,1,8.2,0
CUST-02877,Northeast,56,5,48,month-to-month,dsl,105.76,1,1,4,0,1,6.9,0
CUST-02878,South,75,1,68,one-year,fiber,108.67,0,1,3,1,1,8.0,0
CUST-02879,Northeast,28,5,63,month-to-month,dsl,103.38,0,1,3,0,0,8.2,0
CUST-02880,West,75,2,71,one-year,fiber,93.54,1,1,1,0,0,8.3,0
CUST-02881,West,68,3,3,month-to-month,dsl,70.25,0,1,1,1,0,8.5,0
CUST-02882,Midwest,27,1,18,one-year,dsl,88.72,0,1,2,1,0,7.3,0
CUST-02883,South,30,2,41,one-year,fiber,125.85,1,0,3,1,0,7.9,1
CUST-02884,Midwest,29,5,4,month-to-month,dsl,99.07,1,1,4,4,0,4.8,1
CUST-02885,South,23,5,26,month-to-month,dsl,95.35,0,1,3,0,1,5.4,0
CUST-02886,Northeast,39,1,12,one-year,fiber,79.39,1,1,0,1,1,8.6,0
CUST-02887,Northeast,44,3,68,month-to-month,dsl,104.93,0,1,4,1,1,6.5,0
CUST-02888,Midwest,45,1,5,month-to-month,dsl,97.42,0,0,1,1,0,8.3,0
CUST-02889,West,67,5,11,month-to-month,fiber,77.28,1,1,0,2,0,6.7,1
CUST-02890,Northeast,44,3,15,two-year,fiber,115.08,0,1,2,0,1,7.9,0
CUST-02891,South,29,2,11,one-year,dsl,101.45,1,1,2,0,0,8.6,0
CUST-02892,Northeast,59,3,41,month-to-month,none,68.79,0,1,0,1,1,6.6,0
CUST-02893,South,56,2,27,two-year,dsl,78.3,1,0,1,4,0,4.8,0
CUST-02894,West,46,4,66,month-to-month,dsl,53.69,1,1,1,2,0,6.2,0
CUST-02895,Northeast,56,2,19,month-to-month,dsl,97.19,0,1,2,2,0,5.9,1
CUST-02896,Midwest,29,2,39,month-to-month,fiber,87.37,1,1,3,1,2,7.0,0
CUST-02897,Northeast,64,4,48,month-to-month,fiber,105.34,1,0,3,0,1,8.9,0
CUST-02898,Northeast,33,5,46,month-to-month,fiber,80.26,0,1,0,0,0,7.2,0
CUST-02899,Midwest,20,2,58,one-year,none,67.46,1,0,0,1,0,7.8,0
CUST-02900,South,42,3,15,month-to-month,dsl,71.81,0,1,3,0,0,8.1,0
CUST-02901,West,32,2,37,one-year,none,73.39,0,0,4,1,0,6.9,0
CUST-02902,South,49,1,58,month-to-month,fiber,94.15,0,1,0,1,0,7.6,0
CUST-02903,Midwest,45,2,63,month-to-month,fiber,94.88,0,0,1,0,0,8.8,1
CUST-02904,Northeast,73,1,45,month-to-month,dsl,47.29,1,0,0,0,0,8.5,0
CUST-02905,Midwest,42,4,47,one-year,fiber,105.35,1,0,2,1,2,7.4,0
CUST-02906,West,23,3,63,one-year,fiber,126.29,1,1,1,1,1,6.9,0
CUST-02907,South,48,3,45,month-to-month,dsl,86.96,0,1,0,0,0,7.7,0
CUST-02908,Northeast,66,3,69,month-to-month,dsl,82.59,0,1,4,0,1,6.9,0
CUST-02909,Midwest,33,2,10,month-to-month,dsl,89.01,0,1,3,1,0,6.8,0
CUST-02910,Northeast,36,3,26,one-year,fiber,110.02,0,1,2,2,1,6.7,0
CUST-02911,Midwest,28,1,9,month-to-month,fiber,87.62,1,0,3,2,0,6.8,0
CUST-02912,Northeast,61,1,7,one-year,fiber,93.67,1,0,1,2,1,8.0,0
CUST-02913,Midwest,28,1,34,month-to-month,fiber,140.97,1,1,4,1,0,7.0,0
CUST-02914,Midwest,33,1,17,month-to-month,fiber,95.35,1,1,2,0,3,7.7,1
CUST-02915,West,23,3,30,one-year,fiber,93.9,0,0,1,2,1,6.4,0
CUST-02916,Northeast,41,1,32,month-to-month,none,72.29,0,1,2,1,1,6.2,1
CUST-02917,West,70,2,45,month-to-month,fiber,99.5,1,1,2,1,0,8.1,0
CUST-02918,South,44,4,69,two-year,fiber,125.69,1,1,3,3,0,7.2,0
CUST-02919,Northeast,25,3,62,month-to-month,fiber,140.11,0,0,4,1,1,6.5,0
CUST-02920,West,63,4,28,month-to-month,dsl,75.61,0,1,1,3,0,3.4,0
CUST-02921,Midwest,39,2,24,month-to-month,fiber,104.16,1,1,3,2,0,8.0,0
CUST-02922,Midwest,27,1,56,month-to-month,fiber,101.09,0,1,0,1,0,8.0,0
CUST-02923,South,19,1,9,one-year,fiber,108.65,1,1,1,0,0,9.5,0
CUST-02924,Northeast,38,3,39,month-to-month,fiber,100.61,0,0,2,1,1,8.1,0
CUST-02925,Northeast,27,5,31,two-year,dsl,92.49,1,1,2,2,0,7.4,0
CUST-02926,West,49,5,14,one-year,fiber,123.83,0,1,3,3,0,6.2,0
CUST-02927,Northeast,43,1,45,two-year,fiber,75.29,1,1,0,1,0,6.3,0
CUST-02928,Midwest,57,1,24,one-year,dsl,99.74,1,1,4,3,0,6.9,0
CUST-02929,South,34,3,14,two-year,fiber,101.43,0,1,2,1,0,7.2,0
CUST-02930,West,22,1,48,one-year,dsl,57.04,1,0,2,0,0,7.7,0
CUST-02931,Midwest,24,1,13,month-to-month,fiber,115.93,1,0,3,0,0,6.9,0
CUST-02932,Northeast,23,2,49,month-to-month,dsl,76.36,1,1,3,2,1,5.8,0
CUST-02933,Northeast,34,5,12,one-year,fiber,102.65,1,1,2,1,0,6.7,0
CUST-02934,Northeast,61,2,32,month-to-month,fiber,71.66,1,1,2,5,0,6.2,1
CUST-02935,Midwest,50,1,59,one-year,fiber,101.21,0,1,1,2,0,8.1,0
CUST-02936,Northeast,39,1,17,month-to-month,none,82.79,0,1,2,1,0,6.6,0
CUST-02937,Northeast,32,4,56,one-year,fiber,97.52,0,1,1,1,0,8.8,0
CUST-02938,South,27,5,52,month-to-month,none,90.76,1,1,3,1,0,7.6,1
CUST-02939,Northeast,26,5,65,two-year,none,80.5,1,1,2,0,1,9.5,0
CUST-02940,South,33,4,13,month-to-month,fiber,92.48,1,0,1,1,1,7.8,0
CUST-02941,South,47,3,52,month-to-month,fiber,102.54,0,1,2,1,2,7.4,0
CUST-02942,South,53,4,68,one-year,fiber,107.79,1,1,4,0,0,8.7,0
CUST-02943,Northeast,74,1,55,one-year,none,66.52,1,1,2,2,0,6.7,0
CUST-02944,South,75,5,14,one-year,dsl,102.95,0,1,1,2,0,5.9,1
CUST-02945,Midwest,33,4,60,two-year,dsl,85.09,1,0,2,1,1,7.8,0
CUST-02946,South,61,1,8,month-to-month,fiber,110.34,0,1,3,4,2,5.1,0
CUST-02947,West,25,2,43,one-year,dsl,69.47,1,0,0,4,0,8.6,0
CUST-02948,South,65,5,36,month-to-month,fiber,109.97,1,0,2,0,1,8.5,0
CUST-02949,South,73,3,39,month-to-month,fiber,75.45,1,1,0,0,1,7.1,0
CUST-02950,Northeast,54,5,38,month-to-month,fiber,112.19,0,1,4,2,0,6.7,1
CUST-02951,Midwest,50,2,3,month-to-month,fiber,119.5,0,1,3,0,0,7.5,1
CUST-02952,Midwest,40,3,37,one-year,none,39.56,1,1,0,1,0,7.9,0
CUST-02953,Northeast,71,1,68,one-year,dsl,93.13,1,0,2,1,0,6.7,0
CUST-02954,West,75,5,32,month-to-month,fiber,101.06,0,1,4,0,1,8.4,0
CUST-02955,West,60,5,20,two-year,fiber,93.03,0,0,4,0,2,7.3,0
CUST-02956,West,22,5,72,month-to-month,dsl,81.72,1,1,0,4,2,6.0,0
CUST-02957,West,70,4,8,month-to-month,dsl,60.43,1,1,1,2,0,6.5,0
CUST-02958,Northeast,66,2,36,one-year,fiber,69.28,0,1,0,2,0,6.7,0
CUST-02959,West,39,1,37,month-to-month,fiber,142.0,0,1,1,0,0,8.4,0
CUST-02960,South,33,2,35,month-to-month,dsl,101.14,1,1,4,1,1,5.4,0
CUST-02961,West,64,4,67,one-year,none,91.67,1,1,3,2,1,8.0,0
CUST-02962,Northeast,54,4,31,month-to-month,dsl,78.69,1,1,1,0,1,9.2,0
CUST-02963,Midwest,63,5,71,month-to-month,fiber,83.59,1,1,1,3,0,7.8,0
CUST-02964,Midwest,76,3,5,one-year,dsl,91.29,0,1,3,0,1,7.3,0
CUST-02965,South,40,2,53,month-to-month,fiber,100.93,1,0,2,0,1,8.1,0
CUST-02966,South,68,2,43,one-year,dsl,55.02,0,1,2,2,1,6.4,0
CUST-02967,Northeast,46,5,18,one-year,fiber,135.63,1,1,2,0,1,6.9,0
CUST-02968,West,69,1,17,month-to-month,fiber,111.05,0,0,4,0,0,7.9,1
CUST-02969,Midwest,32,4,52,month-to-month,fiber,95.86,0,1,2,1,0,6.0,0
CUST-02970,West,67,1,46,month-to-month,fiber,113.23,0,0,3,1,0,7.8,0
CUST-02971,Midwest,60,3,45,one-year,fiber,85.55,0,1,4,1,1,8.1,0
CUST-02972,South,45,1,4,month-to-month,dsl,67.25,0,1,1,1,1,8.2,0
CUST-02973,Midwest,73,2,44,two-year,dsl,121.08,1,0,3,1,0,8.4,0
CUST-02974,South,41,3,71,month-to-month,dsl,88.06,1,1,4,3,1,5.8,1
CUST-02975,West,62,2,2,one-year,fiber,92.49,1,1,1,1,2,7.2,0
CUST-02976,Midwest,49,1,34,month-to-month,fiber,99.0,1,1,1,0,1,8.0,0
CUST-02977,Midwest,26,4,36,month-to-month,fiber,84.83,0,1,0,0,0,9.2,0
CUST-02978,Midwest,35,1,65,month-to-month,fiber,104.57,1,1,3,0,1,9.2,0
CUST-02979,South,66,4,21,one-year,fiber,143.99,0,1,3,5,1,5.1,0
CUST-02980,West,46,5,35,two-year,none,65.29,0,1,3,1,0,8.5,0
CUST-02981,South,69,2,52,month-to-month,none,67.23,0,1,1,2,1,6.0,0
CUST-02982,Northeast,25,3,5,month-to-month,fiber,116.66,0,0,3,3,0,6.6,0
CUST-02983,South,64,4,58,month-to-month,dsl,55.35,1,0,0,1,0,7.2,0
CUST-02984,Northeast,71,5,60,month-to-month,dsl,119.18,0,1,3,1,1,7.3,0
CUST-02985,Midwest,77,2,52,two-year,fiber,105.3,0,1,2,0,0,7.5,0
CUST-02986,Midwest,62,1,47,two-year,dsl,106.67,1,1,4,1,0,6.6,0
CUST-02987,West,46,1,54,two-year,fiber,127.72,0,1,4,2,3,5.2,1
CUST-02988,South,21,2,57,month-to-month,fiber,101.66,1,0,2,2,0,7.5,0
CUST-02989,West,30,5,66,month-to-month,none,99.49,0,1,3,1,1,6.0,0
CUST-02990,Midwest,57,4,31,one-year,dsl,114.58,1,1,4,0,0,8.1,0
CUST-02991,South,70,2,33,month-to-month,fiber,103.9,1,0,1,1,1,8.1,1
CUST-02992,South,63,5,46,one-year,fiber,72.66,0,1,0,1,0,8.7,0
CUST-02993,West,54,4,14,month-to-month,none,74.14,1,1,2,2,0,6.1,0
CUST-02994,Northeast,69,4,62,month-to-month,fiber,83.83,0,1,1,1,0,5.1,0
CUST-02995,Northeast,36,1,56,two-year,none,113.32,0,0,3,2,1,6.1,0
CUST-02996,Northeast,37,5,46,month-to-month,dsl,69.82,1,1,3,2,0,7.2,0
CUST-02997,Midwest,23,1,22,two-year,fiber,95.64,1,1,2,2,0,8.0,0
CUST-02998,West,55,1,26,month-to-month,dsl,88.86,0,1,1,0,0,6.8,0
CUST-02999,Midwest,28,4,32,month-to-month,dsl,71.0,0,0,2,2,1,4.9,0
CUST-03000,South,34,2,48,month-to-month,dsl,76.31,0,0,2,1,0,6.5,1
CUST-03001,Northeast,23,5,57,month-to-month,fiber,117.79,1,1,0,1,0,7.1,0
CUST-03002,Northeast,68,5,49,month-to-month,fiber,113.55,1,0,3,2,0,8.9,0
CUST-03003,Midwest,30,3,67,month-to-month,fiber,99.04,0,0,1,4,0,5.7,0
CUST-03004,Northeast,70,3,70,one-year,dsl,96.39,1,1,2,1,2,8.0,0
CUST-03005,West,31,1,51,two-year,dsl,101.85,0,1,4,0,2,8.7,0
CUST-03006,West,22,1,27,month-to-month,dsl,78.54,1,1,0,1,2,6.6,0
CUST-03007,West,76,1,44,month-to-month,dsl,102.04,1,0,2,1,0,7.6,0
CUST-03008,South,35,1,31,month-to-month,fiber,73.46,1,1,0,2,1,7.0,0
CUST-03009,South,61,3,46,one-year,fiber,131.4,0,1,2,1,1,7.9,0
CUST-03010,West,24,4,59,one-year,dsl,82.16,0,0,1,0,0,8.1,0
CUST-03011,Northeast,29,1,27,month-to-month,dsl,123.2,0,0,4,1,1,8.0,0
CUST-03012,West,41,1,37,month-to-month,dsl,79.04,1,0,1,0,0,9.1,0
CUST-03013,West,63,2,4,month-to-month,fiber,115.17,1,1,3,1,0,7.3,0
CUST-03014,Northeast,18,3,54,month-to-month,fiber,103.17,0,0,0,3,1,6.6,0
CUST-03015,Northeast,55,3,36,month-to-month,none,85.84,0,1,2,2,1,6.9,1
CUST-03016,West,64,1,34,two-year,fiber,83.92,0,0,4,3,1,8.7,0
CUST-03017,Midwest,24,4,39,month-to-month,fiber,107.63,1,0,3,3,1,7.0,0
CUST-03018,South,43,2,16,month-to-month,dsl,65.21,1,1,1,0,0,8.4,0
CUST-03019,West,74,1,44,month-to-month,dsl,104.0,0,1,4,3,0,5.7,0
CUST-03020,Midwest,50,2,54,one-year,none,90.52,1,1,4,0,1,7.3,0
CUST-03021,West,63,5,26,month-to-month,none,97.33,0,1,2,3,0,6.7,0
CUST-03022,South,62,1,10,month-to-month,dsl,89.88,1,0,4,1,0,6.0,0
CUST-03023,Midwest,42,1,28,month-to-month,fiber,79.08,1,1,0,0,1,9.3,0
CUST-03024,Midwest,60,4,15,one-year,fiber,84.37,0,0,1,1,1,5.5,0
CUST-03025,Northeast,74,4,27,month-to-month,none,111.01,1,1,4,0,0,7.2,0
CUST-03026,Midwest,36,1,46,two-year,fiber,159.09,1,1,4,1,0,8.8,0
CUST-03027,Midwest,20,4,9,month-to-month,none,125.56,1,1,4,2,0,7.0,0
CUST-03028,Northeast,64,4,54,month-to-month,dsl,45.74,1,0,0,3,1,6.4,0
CUST-03029,West,36,4,17,two-year,fiber,81.74,1,1,1,1,0,7.3,0
CUST-03030,South,56,3,65,one-year,fiber,98.08,0,1,3,1,0,7.5,0
CUST-03031,South,27,3,53,month-to-month,dsl,87.17,1,1,0,2,0,7.6,0
CUST-03032,Northeast,31,2,20,two-year,fiber,146.73,1,0,4,2,1,6.4,0
CUST-03033,West,63,1,41,month-to-month,fiber,133.08,0,1,4,2,1,6.3,1
CUST-03034,Northeast,19,4,8,month-to-month,dsl,113.26,1,0,4,0,3,7.4,0
CUST-03035,West,47,4,8,two-year,fiber,102.18,1,1,4,1,0,7.7,0
CUST-03036,Midwest,63,3,69,one-year,fiber,95.77,0,1,1,1,2,7.8,0
CUST-03037,Northeast,46,4,58,month-to-month,dsl,113.36,1,1,4,5,2,5.3,0
CUST-03038,Midwest,27,1,12,one-year,dsl,95.55,0,1,1,2,0,7.0,0
CUST-03039,Midwest,56,1,21,month-to-month,fiber,80.06,1,1,0,0,0,6.6,0
CUST-03040,South,24,2,15,month-to-month,none,72.51,1,0,1,1,1,8.4,0
CUST-03041,West,52,2,29,two-year,none,76.71,0,0,3,1,1,6.6,1
CUST-03042,Northeast,43,3,21,month-to-month,fiber,113.45,1,1,4,1,0,9.1,0
CUST-03043,Northeast,50,1,24,one-year,fiber,106.76,0,1,3,0,1,7.2,0
CUST-03044,West,73,1,39,one-year,dsl,87.66,1,1,1,1,0,8.1,0
CUST-03045,West,71,4,14,one-year,fiber,107.43,1,0,3,1,2,8.0,0
CUST-03046,South,61,4,64,month-to-month,dsl,81.06,0,1,2,2,0,6.6,0
CUST-03047,South,47,4,53,two-year,dsl,105.74,1,1,2,5,0,6.0,0
CUST-03048,Midwest,65,2,55,one-year,fiber,116.77,0,1,1,0,0,7.9,0
CUST-03049,Midwest,24,4,13,one-year,dsl,73.57,1,1,0,0,0,10.0,0
CUST-03050,Northeast,34,2,51,month-to-month,dsl,73.58,1,1,1,2,0,7.2,0
CUST-03051,South,45,5,61,month-to-month,none,105.1,1,0,4,2,0,6.9,0
CUST-03052,Midwest,68,1,13,month-to-month,fiber,106.8,0,1,2,0,0,8.1,1
CUST-03053,Midwest,41,4,55,month-to-month,none,83.54,1,1,0,0,0,9.1,0
CUST-03054,West,42,1,26,month-to-month,fiber,98.3,1,1,1,0,2,8.0,0
CUST-03055,West,75,5,57,one-year,dsl,92.09,1,0,2,1,1,7.8,0
CUST-03056,Northeast,76,2,35,two-year,none,105.9,1,1,2,1,0,6.6,0
CUST-03057,Midwest,20,1,58,month-to-month,fiber,120.11,1,0,3,1,0,8.6,0
CUST-03058,Midwest,52,2,11,month-to-month,fiber,99.96,0,1,2,1,1,7.4,0
CUST-03059,Northeast,59,5,29,one-year,dsl,86.35,0,1,0,2,0,6.7,0
CUST-03060,Northeast,54,1,20,month-to-month,dsl,79.61,1,0,2,1,0,7.8,0
CUST-03061,West,76,2,18,two-year,fiber,95.73,0,1,0,2,0,8.4,0
CUST-03062,Northeast,72,3,23,month-to-month,fiber,118.62,1,1,2,1,0,8.2,0
CUST-03063,South,33,5,28,month-to-month,dsl,108.05,1,1,2,1,0,9.3,0
CUST-03064,Midwest,74,1,10,month-to-month,fiber,94.33,1,1,1,2,1,7.5,1
CUST-03065,South,43,2,51,two-year,dsl,91.1,1,1,3,1,0,6.2,0
CUST-03066,Midwest,19,5,40,month-to-month,fiber,104.13,1,0,3,3,1,7.3,0
CUST-03067,Northeast,39,4,60,one-year,fiber,85.68,1,1,1,2,1,5.5,0
CUST-03068,Midwest,31,3,51,month-to-month,dsl,70.27,1,1,2,3,0,7.7,0
CUST-03069,West,73,2,11,month-to-month,fiber,102.94,0,1,2,1,2,7.6,0
CUST-03070,Midwest,54,4,6,two-year,none,63.96,0,1,2,1,0,9.2,0
CUST-03071,West,36,5,31,month-to-month,dsl,102.16,0,1,2,0,1,8.0,0
CUST-03072,South,18,3,35,month-to-month,fiber,110.82,1,0,1,1,1,7.6,0
CUST-03073,South,40,5,18,month-to-month,fiber,86.0,0,1,0,0,0,9.0,1
CUST-03074,South,37,2,57,two-year,fiber,75.34,1,1,0,3,0,5.7,0
CUST-03075,South,44,5,42,month-to-month,dsl,81.83,1,1,0,0,0,8.1,0
CUST-03076,South,29,3,54,month-to-month,dsl,85.7,0,0,4,2,1,6.3,1
CUST-03077,South,50,2,8,two-year,dsl,61.3,1,0,0,0,0,8.1,0
CUST-03078,South,49,3,59,one-year,fiber,127.18,0,1,4,1,0,7.1,0
CUST-03079,Northeast,61,3,15,two-year,fiber,90.02,1,0,4,1,0,8.0,1
CUST-03080,South,53,4,33,one-year,fiber,115.81,1,1,1,4,0,6.9,0
CUST-03081,Northeast,61,4,32,one-year,dsl,78.66,0,0,2,0,0,9.5,0
CUST-03082,West,29,5,60,month-to-month,fiber,104.38,0,1,1,3,0,5.9,1
CUST-03083,West,26,1,20,month-to-month,fiber,84.71,1,0,1,3,1,5.9,1
CUST-03084,South,50,2,18,one-year,fiber,92.18,0,0,1,1,1,4.9,1
CUST-03085,West,77,5,25,one-year,fiber,110.21,1,1,1,1,0,9.2,1
CUST-03086,South,41,1,26,two-year,dsl,100.62,1,0,3,0,0,7.2,0
CUST-03087,South,61,2,14,one-year,dsl,85.57,0,0,2,1,1,7.8,0
CUST-03088,Midwest,77,4,13,month-to-month,none,52.83,0,1,0,2,0,7.0,0
CUST-03089,West,23,3,17,month-to-month,fiber,85.73,0,0,1,1,0,8.2,0
CUST-03090,Midwest,21,1,34,one-year,dsl,91.2,1,0,4,1,0,7.1,0
CUST-03091,Midwest,57,1,25,month-to-month,fiber,116.84,1,1,4,2,0,7.5,0
CUST-03092,West,68,4,29,one-year,dsl,111.05,0,1,0,1,1,8.9,0
CUST-03093,West,58,2,52,one-year,dsl,94.99,1,1,2,3,2,6.5,0
CUST-03094,Midwest,77,4,18,month-to-month,fiber,122.59,1,1,4,1,0,6.8,0
CUST-03095,South,20,4,66,one-year,dsl,98.06,1,1,0,2,1,5.8,0
CUST-03096,South,50,5,55,one-year,fiber,83.0,0,1,0,0,0,9.5,0
CUST-03097,South,60,3,13,two-year,fiber,76.93,0,1,1,1,0,7.3,0
CUST-03098,Northeast,58,1,23,month-to-month,fiber,103.89,0,1,1,1,0,7.1,1
CUST-03099,Midwest,20,1,14,one-year,fiber,133.01,1,1,4,1,1,9.9,0
CUST-03100,West,25,2,20,month-to-month,none,92.81,1,1,1,2,0,7.8,0
CUST-03101,Northeast,77,1,27,month-to-month,dsl,63.39,0,1,1,2,0,7.8,1
CUST-03102,West,39,3,10,month-to-month,dsl,115.44,0,1,1,1,0,8.8,0
CUST-03103,Midwest,29,3,2,two-year,dsl,82.16,1,0,1,1,0,6.5,0
CUST-03104,West,28,2,32,two-year,dsl,94.88,0,1,4,0,0,9.6,0
CUST-03105,Midwest,28,3,51,month-to-month,fiber,71.95,1,1,0,2,0,8.5,0
CUST-03106,West,52,5,22,one-year,fiber,90.54,1,1,2,0,1,7.8,0
CUST-03107,West,48,2,62,month-to-month,fiber,123.12,0,1,3,2,0,7.4,0
CUST-03108,South,74,3,27,one-year,none,73.65,1,0,0,1,1,8.5,0
CUST-03109,Midwest,46,5,65,month-to-month,none,20.0,0,0,0,2,0,6.1,1
CUST-03110,Northeast,19,3,17,one-year,dsl,111.23,1,1,4,1,1,8.5,0
CUST-03111,West,49,1,39,month-to-month,fiber,87.14,0,1,1,0,0,7.3,0
CUST-03112,Midwest,47,1,55,one-year,fiber,90.61,0,1,1,3,1,8.6,0
CUST-03113,Midwest,37,2,5,month-to-month,dsl,87.09,1,0,1,1,0,7.7,0
CUST-03114,Midwest,61,3,67,one-year,fiber,112.96,0,0,0,2,0,7.6,0
CUST-03115,Midwest,74,3,27,one-year,dsl,70.56,1,0,0,3,0,5.3,0
CUST-03116,Northeast,43,2,36,month-to-month,fiber,94.28,1,0,0,0,0,8.5,0
CUST-03117,Midwest,61,5,46,month-to-month,fiber,75.59,1,1,2,1,1,8.4,0
CUST-03118,Midwest,50,3,47,two-year,dsl,96.96,0,1,2,0,0,7.4,0
CUST-03119,Midwest,61,3,2,one-year,none,56.2,0,1,1,0,1,7.5,1
CUST-03120,West,45,2,63,month-to-month,dsl,131.06,0,1,4,0,1,7.0,1
CUST-03121,South,33,3,45,month-to-month,fiber,106.7,1,0,1,3,0,5.4,1
CUST-03122,Northeast,53,4,72,month-to-month,fiber,92.03,0,1,0,0,0,6.7,1
CUST-03123,West,41,5,34,one-year,none,53.12,0,1,0,2,0,8.0,1
CUST-03124,South,22,5,45,one-year,dsl,93.7,1,1,3,2,1,6.0,0
CUST-03125,South,62,1,32,month-to-month,fiber,105.07,0,1,2,2,0,5.1,1
CUST-03126,South,50,1,65,one-year,dsl,76.84,1,0,1,1,0,7.4,0
CUST-03127,West,54,5,60,one-year,fiber,99.3,1,0,1,0,0,8.5,0
CUST-03128,Northeast,48,2,66,one-year,fiber,103.18,1,1,1,2,0,7.9,0
CUST-03129,Northeast,71,1,37,month-to-month,dsl,84.01,1,1,2,0,0,7.3,0
CUST-03130,West,28,4,57,month-to-month,dsl,117.77,0,1,3,0,0,7.3,0
CUST-03131,Midwest,22,5,26,month-to-month,fiber,81.01,1,0,3,0,1,8.3,0
CUST-03132,Midwest,50,4,34,month-to-month,fiber,127.61,1,1,3,1,0,8.4,0
CUST-03133,South,70,1,55,month-to-month,none,67.57,0,0,0,2,1,7.6,0
CUST-03134,Northeast,45,2,6,month-to-month,dsl,79.04,1,1,2,1,0,8.0,0
CUST-03135,South,43,2,52,month-to-month,dsl,104.38,1,0,3,0,0,6.6,0
CUST-03136,West,53,2,2,one-year,fiber,97.13,1,1,1,0,0,7.7,0
CUST-03137,Midwest,38,4,42,month-to-month,none,46.2,1,0,2,1,0,8.7,0
CUST-03138,South,51,4,35,one-year,none,20.0,0,0,0,0,1,9.5,0
CUST-03139,Northeast,75,2,34,month-to-month,dsl,83.52,1,0,4,2,0,6.9,0
CUST-03140,Midwest,42,3,36,one-year,fiber,104.71,0,1,3,0,0,8.0,0
CUST-03141,Northeast,47,3,36,month-to-month,dsl,100.33,0,1,3,2,1,5.6,1
CUST-03142,Midwest,64,2,30,one-year,dsl,99.26,0,1,2,1,1,8.7,0
CUST-03143,South,58,1,33,one-year,dsl,92.27,0,1,3,2,2,5.6,1
CUST-03144,West,39,1,41,month-to-month,none,65.61,0,1,2,0,2,9.1,0
CUST-03145,West,49,5,55,one-year,dsl,101.94,1,1,4,3,0,6.7,0
CUST-03146,Northeast,46,4,40,month-to-month,fiber,80.94,0,0,1,3,1,5.2,0
CUST-03147,Northeast,41,5,47,one-year,fiber,143.02,1,1,4,1,1,6.0,0
CUST-03148,Midwest,43,2,61,month-to-month,dsl,110.78,1,1,3,0,0,7.9,0
CUST-03149,Northeast,18,2,72,month-to-month,fiber,89.09,1,1,4,0,1,7.7,0
CUST-03150,Midwest,47,3,8,month-to-month,fiber,85.3,0,0,0,0,1,7.3,1
CUST-03151,West,36,4,52,two-year,dsl,98.84,1,0,2,5,1,5.5,0
CUST-03152,West,66,4,17,month-to-month,fiber,119.28,1,1,3,3,0,7.7,0
CUST-03153,West,55,3,15,one-year,dsl,65.41,1,1,3,2,2,7.4,0
CUST-03154,West,60,3,58,month-to-month,fiber,118.76,0,1,3,1,0,7.5,0
CUST-03155,South,33,3,5,month-to-month,fiber,118.98,0,1,3,0,0,8.9,0
CUST-03156,West,20,2,62,month-to-month,fiber,96.37,1,1,1,0,0,7.3,0
CUST-03157,West,41,1,56,two-year,dsl,92.51,0,1,4,1,1,8.0,0
CUST-03158,Northeast,47,2,72,one-year,dsl,104.81,1,0,2,1,1,8.3,0
CUST-03159,Midwest,43,2,49,month-to-month,fiber,90.2,1,0,4,0,0,9.4,0
CUST-03160,South,25,4,63,one-year,fiber,83.49,1,1,2,1,0,6.7,0
CUST-03161,Northeast,30,5,9,month-to-month,fiber,94.0,1,0,2,0,0,7.3,0
CUST-03162,South,61,5,65,month-to-month,dsl,91.29,1,0,2,0,1,7.1,0
CUST-03163,West,72,2,12,month-to-month,none,69.22,1,1,4,1,0,8.0,0
CUST-03164,South,77,5,23,month-to-month,dsl,91.13,1,0,4,1,1,7.5,0
CUST-03165,Northeast,48,5,10,month-to-month,fiber,95.34,0,1,2,0,1,8.1,0
CUST-03166,West,55,5,29,one-year,dsl,95.94,1,1,2,0,1,6.3,0
CUST-03167,Northeast,54,1,54,month-to-month,fiber,79.31,1,1,0,0,1,9.2,1
CUST-03168,South,40,4,20,two-year,fiber,89.35,1,1,0,2,0,7.6,0
CUST-03169,Northeast,37,2,60,one-year,fiber,99.09,0,0,3,1,0,8.1,0
CUST-03170,Northeast,22,5,44,two-year,fiber,112.82,0,1,1,4,0,6.3,0
CUST-03171,West,20,2,46,one-year,fiber,113.01,1,1,2,1,0,7.3,0
CUST-03172,Midwest,37,2,68,two-year,dsl,106.87,0,0,3,1,0,8.1,0
CUST-03173,Midwest,40,2,32,month-to-month,fiber,92.73,1,1,1,0,0,8.2,0
CUST-03174,Northeast,49,5,25,month-to-month,dsl,82.33,1,0,1,2,0,7.1,0
CUST-03175,Midwest,76,3,72,month-to-month,none,74.38,0,1,0,0,0,8.3,0
CUST-03176,Northeast,70,3,41,two-year,dsl,86.58,0,1,3,1,2,7.1,0
CUST-03177,Northeast,29,5,45,month-to-month,fiber,94.1,1,1,2,0,0,6.9,0
CUST-03178,Midwest,48,3,22,one-year,dsl,68.22,0,1,0,1,0,7.5,0
CUST-03179,Midwest,51,4,16,one-year,fiber,87.42,1,1,2,0,2,9.4,0
CUST-03180,West,77,1,13,month-to-month,fiber,88.81,1,0,0,1,0,7.1,0
CUST-03181,South,42,2,17,two-year,fiber,116.66,1,1,3,0,0,8.5,0
CUST-03182,South,40,3,15,month-to-month,dsl,80.27,0,1,1,2,0,7.5,0
CUST-03183,West,63,3,54,month-to-month,dsl,66.68,0,1,1,3,0,8.1,1
CUST-03184,Midwest,18,2,5,one-year,dsl,111.0,1,1,4,1,1,7.4,0
CUST-03185,West,23,5,46,month-to-month,dsl,90.77,0,0,3,1,0,6.2,0
CUST-03186,Midwest,55,2,69,month-to-month,dsl,116.03,0,0,3,0,1,8.2,0
CUST-03187,Northeast,37,3,56,month-to-month,dsl,101.89,1,1,3,1,0,6.8,0
CUST-03188,Northeast,31,3,30,month-to-month,dsl,77.1,0,0,2,1,1,7.3,0
CUST-03189,Northeast,67,2,5,one-year,fiber,82.86,0,1,0,2,0,7.6,0
CUST-03190,Midwest,32,5,61,two-year,none,62.7,1,1,1,4,0,5.8,0
CUST-03191,Midwest,19,1,1,month-to-month,dsl,147.18,0,1,4,1,0,7.1,0
CUST-03192,Northeast,19,5,50,month-to-month,fiber,85.98,0,0,4,1,0,8.0,0
CUST-03193,South,72,3,49,month-to-month,fiber,94.6,1,0,3,3,1,7.2,1
CUST-03194,West,49,2,14,two-year,fiber,133.17,1,1,4,2,0,7.4,0
CUST-03195,South,18,2,54,one-year,dsl,123.3,1,1,4,1,0,8.1,0
CUST-03196,Midwest,32,4,13,month-to-month,fiber,96.6,1,1,1,1,0,6.5,0
CUST-03197,South,37,3,17,month-to-month,fiber,69.79,1,1,3,1,0,7.7,1
CUST-03198,South,77,3,59,two-year,dsl,97.2,0,1,3,1,1,7.0,1
CUST-03199,Midwest,50,2,71,two-year,dsl,56.43,1,1,0,0,0,8.5,0
CUST-03200,South,68,2,20,month-to-month,dsl,100.52,0,1,4,0,0,9.1,0
CUST-03201,Midwest,44,2,67,one-year,dsl,89.44,1,1,2,2,1,6.1,0
CUST-03202,Northeast,61,5,66,month-to-month,fiber,105.24,1,1,1,0,0,9.2,0
CUST-03203,West,20,5,56,month-to-month,fiber,97.47,0,1,2,1,0,7.5,0
CUST-03204,West,39,1,11,one-year,dsl,102.04,1,1,1,1,0,7.9,0
CUST-03205,West,45,1,22,month-to-month,fiber,108.5,1,1,1,1,0,6.8,0
CUST-03206,West,22,5,49,month-to-month,dsl,79.61,0,1,2,2,0,7.0,1
CUST-03207,Northeast,33,2,72,two-year,none,78.8,1,1,4,0,0,10.0,0
CUST-03208,West,58,2,59,two-year,dsl,75.41,1,0,2,1,0,5.6,0
CUST-03209,Midwest,59,2,31,month-to-month,dsl,77.31,0,1,1,3,0,4.4,1
CUST-03210,South,19,5,17,one-year,dsl,107.7,0,1,3,1,0,7.5,1
CUST-03211,West,33,2,70,one-year,dsl,51.11,1,1,1,1,2,7.7,0
CUST-03212,West,44,4,20,one-year,fiber,76.24,0,1,2,1,0,8.5,0
CUST-03213,West,34,3,25,two-year,fiber,88.6,1,1,1,2,0,7.8,0
CUST-03214,Midwest,21,3,70,one-year,fiber,114.76,1,1,1,3,1,5.1,0
CUST-03215,Midwest,20,2,41,month-to-month,dsl,76.57,1,1,1,2,0,7.6,0
CUST-03216,South,51,1,20,month-to-month,fiber,119.53,0,0,1,3,1,5.8,1
CUST-03217,Midwest,40,1,1,one-year,fiber,111.69,0,1,4,1,0,8.4,0
CUST-03218,South,51,1,31,two-year,dsl,79.16,1,1,3,2,0,6.7,0
CUST-03219,Midwest,60,2,71,month-to-month,fiber,73.5,1,1,3,1,0,6.2,0
CUST-03220,South,49,1,32,month-to-month,dsl,53.46,1,0,0,1,0,7.1,0
CUST-03221,Northeast,51,2,51,one-year,fiber,84.7,1,0,0,0,1,8.6,0
CUST-03222,South,60,4,19,month-to-month,fiber,55.93,0,1,1,0,1,7.9,0
CUST-03223,South,28,1,56,month-to-month,fiber,111.16,1,0,4,0,1,7.9,0
CUST-03224,Northeast,31,4,56,two-year,fiber,73.67,1,0,0,2,1,6.5,0
CUST-03225,Northeast,61,3,44,one-year,none,85.76,1,1,3,0,0,8.3,0
CUST-03226,South,32,2,56,two-year,none,88.1,0,1,4,1,0,9.0,0
CUST-03227,Midwest,70,2,42,one-year,dsl,89.05,0,1,1,2,1,9.1,0
CUST-03228,Midwest,42,2,28,month-to-month,dsl,48.39,1,1,0,1,0,7.9,0
CUST-03229,Midwest,22,2,54,two-year,dsl,58.04,1,1,0,3,2,7.2,0
CUST-03230,Northeast,60,2,61,month-to-month,none,82.04,1,1,0,0,2,6.9,0
CUST-03231,Northeast,43,3,61,month-to-month,fiber,116.47,0,1,4,0,0,9.1,0
CUST-03232,Northeast,25,4,16,two-year,fiber,120.26,1,0,3,0,0,8.1,0
CUST-03233,Midwest,30,4,49,one-year,dsl,83.52,0,1,3,0,0,7.1,0
CUST-03234,Midwest,71,2,1,two-year,none,64.26,1,1,0,0,0,9.5,0
CUST-03235,Midwest,45,2,42,month-to-month,fiber,128.08,1,0,4,1,2,7.1,1
CUST-03236,Midwest,33,4,42,two-year,fiber,103.42,1,1,3,2,0,8.6,0
CUST-03237,Midwest,50,4,27,one-year,fiber,103.6,0,1,4,2,0,7.8,0
CUST-03238,South,25,4,72,one-year,fiber,87.56,1,1,1,2,0,6.2,0
CUST-03239,Midwest,41,4,64,two-year,dsl,76.13,0,1,0,3,1,6.5,0
CUST-03240,West,53,2,3,month-to-month,fiber,133.58,1,0,4,2,0,6.2,0
CUST-03241,Northeast,75,4,16,one-year,none,54.77,1,1,0,1,1,8.8,0
CUST-03242,South,34,2,15,one-year,dsl,103.61,1,1,0,0,0,8.5,0
CUST-03243,South,67,3,65,one-year,fiber,123.51,1,0,0,2,0,6.8,1
CUST-03244,South,42,3,38,two-year,dsl,61.66,1,0,0,4,1,4.2,0
CUST-03245,South,71,4,53,one-year,dsl,107.13,0,0,2,1,0,8.7,0
CUST-03246,Northeast,21,5,59,month-to-month,fiber,103.68,0,1,1,1,2,6.5,0
CUST-03247,South,26,3,56,month-to-month,fiber,118.9,1,0,4,2,2,6.3,0
CUST-03248,South,45,1,7,two-year,dsl,95.98,1,0,4,2,1,7.5,0
CUST-03249,West,65,1,11,two-year,fiber,101.85,1,1,0,1,1,6.9,0
CUST-03250,South,36,2,29,two-year,fiber,121.93,0,1,4,0,1,6.6,0
CUST-03251,Northeast,25,3,25,month-to-month,fiber,80.48,0,1,0,1,0,7.5,0
CUST-03252,West,28,3,54,month-to-month,fiber,88.96,1,1,1,1,1,6.5,0
CUST-03253,West,35,2,12,one-year,dsl,76.81,1,0,3,2,0,7.3,1
CUST-03254,West,41,2,27,one-year,fiber,81.53,1,1,1,0,2,7.2,0
CUST-03255,Northeast,52,4,18,month-to-month,dsl,99.14,1,1,0,6,1,3.3,0
CUST-03256,South,64,2,14,one-year,fiber,112.2,0,0,0,3,0,5.1,1
CUST-03257,South,25,1,13,month-to-month,dsl,83.1,0,1,3,0,2,7.4,1
CUST-03258,South,63,3,15,month-to-month,fiber,87.94,0,1,1,2,0,7.7,1
CUST-03259,West,77,4,41,month-to-month,none,85.22,1,0,1,1,1,8.2,0
CUST-03260,Northeast,39,1,30,month-to-month,none,80.93,0,0,1,3,1,6.0,1
CUST-03261,Midwest,30,1,32,month-to-month,fiber,81.58,0,0,4,4,0,6.9,1
CUST-03262,Midwest,76,4,35,two-year,dsl,143.51,1,1,4,0,0,8.0,0
CUST-03263,Northeast,72,1,54,one-year,fiber,121.32,0,0,4,0,2,8.4,0
CUST-03264,West,25,5,63,two-year,dsl,98.71,1,1,0,0,1,7.8,0
CUST-03265,Northeast,68,2,38,month-to-month,dsl,82.73,0,0,1,0,0,7.2,0
CUST-03266,South,69,5,47,month-to-month,fiber,101.84,0,1,4,0,1,8.3,1
CUST-03267,Midwest,36,1,54,month-to-month,fiber,108.78,0,1,2,1,0,7.7,1
CUST-03268,West,76,3,50,one-year,fiber,68.54,1,0,0,0,1,8.8,0
CUST-03269,West,29,3,10,month-to-month,dsl,86.9,1,0,1,1,1,6.0,1
CUST-03270,Northeast,52,2,71,one-year,dsl,80.73,1,1,4,0,0,9.4,0
CUST-03271,South,60,2,12,one-year,fiber,115.41,1,0,4,5,0,6.3,0
CUST-03272,Midwest,21,2,30,two-year,fiber,111.24,0,0,2,0,0,7.8,1
CUST-03273,South,73,1,47,month-to-month,fiber,88.21,1,1,0,0,1,8.4,1
CUST-03274,Northeast,73,2,30,month-to-month,dsl,50.38,0,1,0,3,1,6.9,1
CUST-03275,West,40,2,18,month-to-month,fiber,88.2,1,1,1,3,0,5.8,1
CUST-03276,Midwest,44,3,67,month-to-month,fiber,88.89,1,1,3,0,0,7.4,0
CUST-03277,Northeast,40,2,6,one-year,none,99.99,0,1,4,1,0,7.4,0
CUST-03278,Midwest,28,1,18,month-to-month,fiber,103.83,1,1,1,0,0,6.1,0
CUST-03279,West,71,4,72,one-year,dsl,88.49,1,0,4,2,0,7.6,0
CUST-03280,Midwest,71,2,53,month-to-month,fiber,125.31,0,1,4,1,0,8.1,0
CUST-03281,South,52,1,7,two-year,fiber,125.4,0,1,4,0,0,8.7,0
CUST-03282,West,43,1,55,two-year,dsl,91.24,1,1,3,0,1,8.6,0
CUST-03283,South,58,3,70,month-to-month,fiber,104.42,1,1,2,1,0,8.5,0
CUST-03284,Northeast,47,2,8,two-year,fiber,111.93,0,1,4,1,0,7.6,0
CUST-03285,South,63,5,30,month-to-month,none,75.54,1,1,3,2,1,5.3,1
CUST-03286,South,52,4,34,one-year,dsl,122.21,0,1,4,1,0,7.8,0
CUST-03287,South,28,2,10,two-year,dsl,92.64,1,0,2,3,0,8.0,0
CUST-03288,Midwest,72,5,15,one-year,fiber,85.44,0,0,1,1,1,7.7,0
CUST-03289,West,43,4,13,one-year,fiber,123.35,1,1,2,0,1,7.9,0
CUST-03290,Midwest,48,4,14,month-to-month,fiber,109.07,1,1,2,0,2,8.3,1
CUST-03291,Midwest,57,1,30,one-year,none,49.87,1,1,1,2,1,7.4,0
CUST-03292,West,71,2,34,one-year,dsl,129.82,1,1,3,2,1,6.9,0
CUST-03293,West,43,4,18,month-to-month,dsl,76.76,1,1,3,0,1,8.0,0
CUST-03294,West,28,3,21,month-to-month,none,60.02,0,1,1,1,1,6.8,0
CUST-03295,West,24,5,14,one-year,fiber,89.14,0,0,1,0,0,8.8,0
CUST-03296,South,55,4,58,one-year,dsl,94.18,1,1,2,0,0,7.6,0
CUST-03297,West,43,1,16,month-to-month,fiber,84.95,0,1,1,1,0,7.6,0
CUST-03298,Midwest,49,5,66,two-year,fiber,63.61,1,0,1,4,0,7.0,0
CUST-03299,Midwest,68,5,39,one-year,none,60.65,0,1,1,1,1,7.6,0
CUST-03300,Midwest,37,4,58,month-to-month,dsl,79.47,1,0,3,2,3,6.5,0
CUST-03301,Northeast,56,4,46,month-to-month,fiber,99.26,1,0,2,3,0,6.5,0
CUST-03302,Northeast,30,1,20,one-year,fiber,75.94,1,1,1,2,1,7.6,0
CUST-03303,West,59,4,44,one-year,dsl,51.99,1,1,0,1,0,7.6,0
CUST-03304,South,22,4,20,one-year,fiber,86.79,1,1,0,1,0,7.8,0
CUST-03305,Northeast,30,1,9,month-to-month,dsl,87.55,1,0,3,0,0,7.3,0
CUST-03306,Northeast,33,1,19,one-year,dsl,89.15,1,1,4,1,0,7.7,0
CUST-03307,Northeast,29,3,20,one-year,fiber,111.71,1,1,1,1,0,6.1,0
CUST-03308,Northeast,58,2,10,two-year,fiber,103.21,0,1,4,2,1,6.9,0
CUST-03309,Midwest,41,3,2,month-to-month,fiber,104.49,0,0,3,0,2,7.9,0
CUST-03310,West,34,5,68,one-year,none,67.55,0,0,1,1,2,7.1,0
CUST-03311,Northeast,34,4,37,month-to-month,fiber,71.63,1,1,2,1,0,8.4,0
CUST-03312,Midwest,61,5,29,month-to-month,dsl,54.31,1,1,0,5,0,6.6,0
CUST-03313,Midwest,50,1,67,one-year,fiber,96.19,0,0,1,0,0,8.2,0
CUST-03314,West,70,2,17,one-year,dsl,100.02,1,0,3,1,0,7.0,0
CUST-03315,West,48,5,30,month-to-month,fiber,105.57,0,1,4,2,0,7.7,0
CUST-03316,West,59,4,61,one-year,fiber,106.92,1,1,1,0,1,9.0,0
CUST-03317,Midwest,73,2,46,month-to-month,dsl,115.67,1,1,4,1,1,7.7,0
CUST-03318,West,66,2,29,month-to-month,dsl,104.15,0,1,3,2,1,6.0,1
CUST-03319,Midwest,63,4,19,month-to-month,fiber,104.93,0,1,1,0,1,7.9,0
CUST-03320,West,52,1,3,month-to-month,fiber,140.47,1,1,3,1,0,7.3,0
CUST-03321,West,70,1,7,one-year,none,95.34,1,1,4,2,1,6.4,0
CUST-03322,Northeast,74,5,12,two-year,fiber,78.36,0,0,1,2,1,7.2,0
CUST-03323,Northeast,25,4,57,one-year,fiber,81.96,1,1,0,1,0,7.0,0
CUST-03324,South,63,5,47,month-to-month,fiber,75.83,1,1,1,0,0,8.8,0
CUST-03325,West,18,3,32,month-to-month,fiber,118.67,0,1,3,3,1,6.2,0
CUST-03326,Midwest,37,2,57,month-to-month,dsl,102.04,1,0,0,1,0,7.4,0
CUST-03327,South,66,2,12,one-year,dsl,83.42,1,1,1,4,0,6.2,1
CUST-03328,South,61,4,16,month-to-month,dsl,96.88,1,1,1,1,0,6.6,0
CUST-03329,Northeast,54,2,29,month-to-month,dsl,88.05,1,1,0,1,0,6.6,0
CUST-03330,South,58,1,67,one-year,fiber,103.6,0,1,2,1,0,9.2,0
CUST-03331,West,27,3,45,one-year,dsl,109.55,1,1,4,1,0,7.8,0
CUST-03332,West,63,3,62,month-to-month,fiber,105.08,0,0,0,1,0,6.0,1
CUST-03333,West,24,3,18,month-to-month,fiber,85.68,1,0,4,0,0,8.9,0
CUST-03334,Midwest,37,5,62,one-year,dsl,100.9,1,1,4,0,0,7.5,0
CUST-03335,Midwest,23,4,6,month-to-month,fiber,122.93,0,0,4,0,0,8.4,0
CUST-03336,Northeast,48,4,17,month-to-month,fiber,94.91,1,1,3,2,2,7.8,0
CUST-03337,Midwest,69,2,38,two-year,fiber,129.91,0,1,2,1,1,7.2,0
CUST-03338,Midwest,70,3,4,month-to-month,dsl,88.42,1,1,1,1,1,8.3,0
CUST-03339,South,18,2,62,month-to-month,fiber,129.01,1,1,4,3,0,7.1,0
CUST-03340,West,76,2,63,month-to-month,dsl,102.76,1,1,2,1,2,8.5,0
CUST-03341,Midwest,30,1,39,month-to-month,dsl,71.91,1,1,2,2,1,7.3,0
CUST-03342,West,39,4,23,month-to-month,dsl,56.78,1,0,1,3,0,6.0,0
CUST-03343,Northeast,34,3,8,month-to-month,fiber,87.14,1,0,1,1,1,5.4,0
CUST-03344,Midwest,47,5,45,one-year,dsl,91.57,0,1,1,2,2,5.9,0
CUST-03345,South,18,3,39,month-to-month,fiber,119.79,1,1,3,1,1,6.8,0
CUST-03346,Northeast,37,1,55,two-year,none,103.86,0,1,2,2,1,7.7,0
CUST-03347,South,36,4,44,two-year,dsl,89.97,0,1,1,0,2,8.8,0
CUST-03348,West,61,1,10,month-to-month,fiber,78.42,0,1,0,1,0,6.3,1
CUST-03349,Northeast,69,4,9,month-to-month,dsl,86.27,1,0,2,2,0,8.1,0
CUST-03350,Midwest,20,2,57,one-year,fiber,81.12,1,0,1,4,1,5.3,0
CUST-03351,Northeast,42,1,12,two-year,fiber,117.34,0,1,1,0,0,7.4,0
CUST-03352,South,75,3,68,two-year,fiber,75.92,0,1,0,2,0,5.9,0
CUST-03353,Northeast,73,3,8,month-to-month,dsl,108.36,1,1,4,1,1,7.6,0
CUST-03354,West,50,2,53,month-to-month,dsl,83.06,1,1,0,0,1,7.3,0
CUST-03355,West,63,1,71,month-to-month,none,45.39,1,1,0,3,2,7.1,1
CUST-03356,Midwest,34,4,32,one-year,fiber,110.69,1,1,3,1,0,7.1,0
CUST-03357,South,66,3,5,one-year,dsl,88.64,1,0,1,2,2,7.5,1
CUST-03358,West,20,2,64,month-to-month,dsl,123.13,0,0,4,3,2,4.6,1
CUST-03359,West,48,3,14,one-year,dsl,82.67,1,0,2,1,0,8.8,0
CUST-03360,West,51,5,38,month-to-month,fiber,59.49,1,0,3,2,1,6.9,1
CUST-03361,West,28,5,71,one-year,fiber,108.48,0,0,4,1,1,7.7,0
CUST-03362,Northeast,53,2,54,month-to-month,dsl,89.79,1,1,4,3,0,6.1,0
CUST-03363,Northeast,74,2,4,one-year,fiber,158.57,0,0,4,1,0,7.3,0
CUST-03364,South,59,5,60,one-year,fiber,118.14,1,0,2,0,1,8.6,0
CUST-03365,Midwest,26,1,12,one-year,dsl,76.53,1,0,4,2,0,9.0,0
CUST-03366,Northeast,49,5,54,month-to-month,fiber,81.82,0,0,1,2,0,5.8,1
CUST-03367,Northeast,60,3,45,one-year,fiber,87.58,1,0,4,1,0,7.6,0
CUST-03368,South,48,3,21,one-year,fiber,116.95,0,0,4,0,1,7.4,1
CUST-03369,South,27,5,31,month-to-month,dsl,62.73,0,0,1,1,0,5.9,0
CUST-03370,Northeast,36,1,9,month-to-month,none,60.4,1,1,0,0,0,6.7,0
CUST-03371,South,45,1,72,one-year,fiber,83.51,0,0,3,2,0,6.4,0
CUST-03372,Midwest,29,5,18,month-to-month,fiber,101.17,1,0,0,1,0,7.2,0
CUST-03373,Northeast,43,4,23,month-to-month,dsl,51.19,0,1,0,2,0,8.0,1
CUST-03374,Northeast,33,3,37,month-to-month,fiber,160.65,1,0,4,4,1,6.5,0
CUST-03375,Northeast,26,1,49,month-to-month,none,95.26,1,1,2,1,0,6.8,0
CUST-03376,West,40,3,37,month-to-month,dsl,134.21,1,1,3,3,0,7.1,1
CUST-03377,West,19,4,37,one-year,fiber,121.92,1,1,4,1,1,6.9,0
CUST-03378,Northeast,64,1,42,month-to-month,fiber,144.74,1,1,4,2,2,6.4,0
CUST-03379,West,20,2,62,one-year,fiber,130.21,1,1,4,0,0,8.7,0
CUST-03380,South,25,2,29,month-to-month,dsl,58.24,1,0,0,1,2,8.9,0
CUST-03381,West,36,2,60,month-to-month,fiber,91.25,0,1,1,1,1,7.3,0
CUST-03382,Northeast,56,3,57,month-to-month,dsl,92.65,1,0,3,3,0,5.1,1
CUST-03383,West,44,5,70,one-year,dsl,97.23,0,1,0,2,1,7.5,0
CUST-03384,South,20,4,66,two-year,dsl,81.32,1,0,1,2,1,8.1,0
CUST-03385,West,38,3,58,month-to-month,none,90.29,1,1,2,2,0,7.8,0
CUST-03386,Northeast,20,5,18,month-to-month,fiber,97.61,1,0,1,1,1,6.4,0
CUST-03387,Midwest,43,5,56,month-to-month,dsl,63.75,1,1,0,1,0,7.7,0
CUST-03388,West,34,3,54,month-to-month,dsl,78.58,0,0,4,0,0,7.8,0
CUST-03389,Northeast,71,1,21,two-year,fiber,102.89,1,1,2,1,0,9.5,0
CUST-03390,South,39,2,49,month-to-month,fiber,102.75,0,1,2,1,0,7.9,0
CUST-03391,West,53,5,19,two-year,fiber,93.35,0,1,3,0,2,9.2,1
CUST-03392,West,29,3,38,one-year,fiber,103.11,1,0,3,0,1,7.6,0
CUST-03393,Midwest,46,5,58,month-to-month,dsl,90.9,0,0,2,1,0,7.1,0
CUST-03394,Northeast,71,1,14,two-year,fiber,123.17,1,1,4,1,0,7.4,0
CUST-03395,West,19,1,25,month-to-month,dsl,84.65,1,1,1,0,0,9.0,0
CUST-03396,Northeast,36,1,58,one-year,none,116.05,1,1,4,3,2,7.3,0
CUST-03397,South,39,1,33,month-to-month,fiber,146.96,0,1,4,1,0,7.7,1
CUST-03398,West,46,2,70,two-year,dsl,68.86,0,1,0,3,0,6.6,0
CUST-03399,Northeast,42,5,1,month-to-month,fiber,127.56,0,1,3,1,0,7.7,0
CUST-03400,South,77,1,52,month-to-month,fiber,85.34,1,0,0,1,1,6.1,0
CUST-03401,Midwest,26,5,59,two-year,fiber,84.97,0,1,2,4,1,5.4,0
CUST-03402,Northeast,33,1,67,month-to-month,fiber,113.55,0,1,4,0,0,7.6,0
CUST-03403,South,46,1,12,month-to-month,fiber,83.27,1,0,0,2,1,6.7,0
CUST-03404,Northeast,55,1,71,one-year,fiber,111.36,1,1,2,0,1,7.6,0
CUST-03405,Midwest,22,4,29,month-to-month,fiber,141.7,1,0,3,1,0,6.8,0
CUST-03406,West,62,1,26,two-year,fiber,84.07,0,0,2,2,0,5.7,0
CUST-03407,Northeast,49,1,26,one-year,dsl,68.71,1,1,0,1,0,8.3,0
CUST-03408,South,34,5,46,one-year,fiber,90.41,0,1,0,2,2,5.4,1
CUST-03409,Northeast,40,4,48,month-to-month,dsl,69.05,0,0,2,3,1,6.8,0
CUST-03410,South,21,2,35,month-to-month,none,73.1,1,1,0,0,1,8.1,0
CUST-03411,Northeast,57,4,6,two-year,dsl,81.14,1,0,0,2,2,7.6,0
CUST-03412,West,65,5,72,month-to-month,dsl,120.08,1,1,4,0,0,7.3,0
CUST-03413,Northeast,77,3,16,month-to-month,dsl,104.47,0,1,2,2,0,8.4,0
CUST-03414,Midwest,35,5,7,month-to-month,dsl,104.22,1,1,2,2,0,9.0,0
CUST-03415,South,34,2,44,month-to-month,none,56.35,1,1,0,0,2,7.6,1
CUST-03416,West,37,5,30,one-year,none,81.81,0,1,3,0,0,8.6,0
CUST-03417,Northeast,25,4,45,one-year,fiber,119.35,1,1,2,4,2,5.7,1
CUST-03418,South,42,2,64,one-year,dsl,83.62,0,0,1,1,0,8.6,0
CUST-03419,Northeast,25,4,8,two-year,dsl,82.37,0,0,3,1,1,8.1,1
CUST-03420,Midwest,20,2,21,month-to-month,fiber,80.57,1,1,1,0,0,6.5,0
CUST-03421,Northeast,38,1,38,month-to-month,dsl,94.8,0,1,2,1,1,6.3,1
CUST-03422,Midwest,69,3,57,month-to-month,dsl,83.75,1,0,2,0,0,8.5,1
CUST-03423,South,76,1,44,one-year,dsl,67.27,0,1,1,1,1,8.1,0
CUST-03424,Northeast,69,3,28,month-to-month,fiber,126.72,1,1,4,1,0,7.7,0
CUST-03425,Northeast,75,5,44,one-year,fiber,115.75,1,1,3,2,1,5.6,0
CUST-03426,Midwest,70,1,71,month-to-month,fiber,75.68,1,1,1,0,0,8.6,0
CUST-03427,Northeast,57,4,35,one-year,dsl,84.63,1,1,0,2,0,9.0,0
CUST-03428,West,28,2,64,one-year,none,49.86,1,1,1,0,0,6.4,0
CUST-03429,West,66,3,57,two-year,none,76.83,0,1,2,2,1,7.7,0
CUST-03430,South,76,4,22,month-to-month,fiber,98.35,0,0,2,0,0,9.5,0
CUST-03431,South,47,4,18,two-year,fiber,122.44,1,1,2,1,0,8.7,0
CUST-03432,South,57,4,56,month-to-month,dsl,72.51,1,1,0,1,0,7.5,0
CUST-03433,West,41,2,15,month-to-month,dsl,111.57,0,1,3,5,0,5.9,1
CUST-03434,South,53,2,25,month-to-month,fiber,76.32,1,1,1,2,0,6.9,0
CUST-03435,South,19,3,17,month-to-month,fiber,81.01,0,1,1,3,2,6.2,1
CUST-03436,Midwest,61,2,44,one-year,fiber,100.28,0,1,2,4,1,5.8,0
CUST-03437,South,49,5,22,month-to-month,dsl,97.62,1,0,4,0,1,8.0,0
CUST-03438,Midwest,63,3,48,month-to-month,dsl,69.91,1,1,0,1,0,6.9,0
CUST-03439,South,40,4,68,one-year,fiber,125.11,1,1,4,2,1,6.7,0
CUST-03440,South,42,4,60,two-year,none,70.17,0,0,3,3,1,7.8,0
CUST-03441,West,26,2,69,one-year,dsl,76.74,0,1,2,2,0,6.5,0
CUST-03442,Northeast,53,4,2,one-year,none,68.02,1,1,0,2,0,5.6,0
CUST-03443,Midwest,73,4,33,month-to-month,fiber,69.69,0,1,3,2,0,9.9,1
CUST-03444,South,53,5,16,one-year,fiber,138.03,1,1,3,4,0,5.9,0
CUST-03445,Northeast,71,2,67,month-to-month,none,80.27,0,1,2,2,1,6.3,0
CUST-03446,South,18,3,52,month-to-month,none,91.32,0,1,4,1,0,6.9,0
CUST-03447,West,62,5,24,month-to-month,none,84.13,0,1,4,1,0,7.3,0
CUST-03448,Midwest,18,2,41,one-year,dsl,104.68,0,1,4,2,0,6.4,0
CUST-03449,South,43,5,44,month-to-month,fiber,95.2,0,0,1,0,0,9.2,0
CUST-03450,South,46,2,36,one-year,fiber,132.64,1,0,3,2,0,7.2,0
CUST-03451,West,46,1,35,month-to-month,fiber,62.86,1,1,0,0,0,7.2,0
CUST-03452,South,51,1,4,month-to-month,none,79.57,0,1,2,1,1,4.5,0
CUST-03453,South,64,3,33,month-to-month,fiber,94.6,1,1,0,0,0,9.1,1
CUST-03454,South,60,3,26,month-to-month,dsl,82.03,0,0,1,3,1,5.6,0
CUST-03455,West,21,2,59,month-to-month,none,110.3,1,0,3,1,1,7.6,0
CUST-03456,South,63,5,63,one-year,none,55.24,1,1,2,2,0,6.5,0
CUST-03457,Midwest,41,5,55,month-to-month,none,78.61,1,0,4,0,1,7.9,0
CUST-03458,Midwest,53,4,3,month-to-month,dsl,75.25,1,1,0,0,1,7.8,0
CUST-03459,West,73,4,61,one-year,fiber,91.64,0,0,4,0,0,9.0,0
CUST-03460,Midwest,35,3,29,month-to-month,none,113.54,0,1,3,0,0,8.0,0
CUST-03461,South,54,4,30,month-to-month,fiber,117.44,1,1,2,2,0,6.0,0
CUST-03462,West,55,2,69,month-to-month,fiber,102.8,1,0,0,2,1,8.9,0
CUST-03463,West,48,1,63,month-to-month,none,70.95,1,1,0,2,0,7.4,0
CUST-03464,Northeast,33,3,4,month-to-month,dsl,109.23,1,0,2,0,0,7.2,1
CUST-03465,Midwest,62,1,26,one-year,dsl,81.51,0,1,2,3,0,6.7,1
CUST-03466,Midwest,67,1,54,month-to-month,fiber,98.02,1,1,2,1,0,7.9,1
CUST-03467,South,74,3,39,one-year,fiber,98.03,1,1,1,0,0,8.9,0
CUST-03468,South,43,2,19,month-to-month,none,83.42,0,1,3,1,0,7.6,0
CUST-03469,Midwest,25,2,38,one-year,dsl,83.46,0,0,3,1,2,7.4,0
CUST-03470,Northeast,71,3,63,one-year,fiber,87.55,1,0,1,2,0,8.2,0
CUST-03471,South,54,5,17,month-to-month,dsl,82.77,0,1,1,1,0,8.0,1
CUST-03472,Midwest,25,1,54,month-to-month,none,94.16,1,1,2,0,0,8.8,0
CUST-03473,South,64,2,53,month-to-month,none,63.59,1,1,3,2,0,5.4,1
CUST-03474,Northeast,60,2,64,two-year,fiber,106.04,1,1,2,1,0,6.3,0
CUST-03475,Northeast,67,2,22,two-year,dsl,68.58,1,1,0,0,0,7.7,0
CUST-03476,Northeast,43,1,16,month-to-month,fiber,98.65,1,1,4,3,0,6.2,0
CUST-03477,Midwest,46,2,40,one-year,fiber,101.33,1,0,1,2,0,6.7,0
CUST-03478,Northeast,25,1,39,month-to-month,fiber,118.1,1,1,3,1,2,6.1,1
CUST-03479,West,43,5,30,month-to-month,dsl,61.76,0,1,0,2,0,7.0,0
CUST-03480,Midwest,51,2,57,one-year,dsl,68.79,1,1,1,3,0,6.0,0
CUST-03481,Midwest,70,2,58,month-to-month,fiber,116.7,0,1,2,3,0,4.0,1
CUST-03482,Northeast,30,4,18,month-to-month,fiber,138.84,0,1,4,2,1,5.3,0
CUST-03483,Northeast,20,3,58,one-year,fiber,107.41,1,1,2,1,0,7.4,0
CUST-03484,West,35,2,17,month-to-month,fiber,114.54,0,1,0,1,0,7.1,0
CUST-03485,Midwest,30,2,30,one-year,dsl,107.72,0,1,4,0,0,9.0,0
CUST-03486,South,45,1,2,month-to-month,fiber,110.77,0,1,1,1,1,7.4,0
CUST-03487,Northeast,60,2,25,month-to-month,fiber,77.69,1,1,1,1,1,5.5,0
CUST-03488,South,39,2,70,month-to-month,none,78.73,1,0,0,2,0,8.3,0
CUST-03489,South,38,3,32,two-year,fiber,90.84,0,1,3,0,2,7.5,1
CUST-03490,Midwest,41,2,52,month-to-month,none,96.21,1,0,2,1,0,7.6,1
CUST-03491,South,76,5,8,month-to-month,dsl,51.01,0,0,1,0,0,8.0,0
CUST-03492,West,41,4,46,one-year,dsl,89.09,1,1,3,1,0,7.1,0
CUST-03493,Northeast,60,3,27,two-year,dsl,58.27,0,0,0,2,0,7.6,0
CUST-03494,Midwest,19,5,54,two-year,fiber,99.05,1,1,2,1,0,6.1,0
CUST-03495,Northeast,24,2,67,one-year,dsl,67.79,1,1,3,2,1,8.3,0
CUST-03496,Northeast,40,4,39,month-to-month,dsl,94.05,1,1,4,1,0,7.7,0
CUST-03497,West,49,4,8,one-year,fiber,121.97,1,1,3,1,1,8.0,0
CUST-03498,West,41,4,35,one-year,dsl,73.2,0,1,2,1,0,8.1,0
CUST-03499,West,34,2,9,two-year,dsl,81.83,1,1,0,0,1,7.8,0
CUST-03500,Midwest,53,4,33,one-year,none,66.73,1,0,1,0,0,9.6,0
CUST-03501,Northeast,33,1,5,month-to-month,dsl,92.35,1,1,2,6,0,4.1,1
CUST-03502,West,46,2,47,month-to-month,fiber,130.6,0,1,2,0,1,6.7,0
CUST-03503,West,24,5,23,one-year,dsl,71.02,0,1,2,1,0,7.8,0
CUST-03504,Midwest,28,4,15,month-to-month,none,88.81,0,1,3,2,0,5.5,0
CUST-03505,West,72,2,2,month-to-month,dsl,104.75,0,1,4,1,1,6.5,0
CUST-03506,South,53,3,64,month-to-month,fiber,97.58,1,0,2,4,1,5.9,1
CUST-03507,West,36,3,61,one-year,dsl,74.08,1,0,0,2,0,8.0,0
CUST-03508,West,20,3,59,two-year,dsl,81.01,0,1,2,1,2,7.1,0
CUST-03509,Northeast,64,2,5,one-year,fiber,92.07,1,1,1,2,1,6.3,0
CUST-03510,Northeast,37,4,26,two-year,none,97.38,1,1,2,0,0,8.1,0
CUST-03511,West,45,1,70,one-year,dsl,106.97,0,1,2,1,0,7.0,0
CUST-03512,Midwest,55,4,42,one-year,dsl,74.29,1,1,2,1,0,7.8,0
CUST-03513,South,22,3,10,month-to-month,dsl,100.12,1,1,2,1,0,7.0,0
CUST-03514,Midwest,55,3,11,one-year,fiber,105.35,0,0,1,1,0,6.8,0
CUST-03515,Northeast,77,4,19,month-to-month,none,60.71,1,1,0,0,1,6.9,0
CUST-03516,Northeast,28,5,71,month-to-month,dsl,90.92,0,0,4,3,0,4.5,1
CUST-03517,Northeast,74,3,13,month-to-month,fiber,91.16,0,1,2,0,0,8.8,1
CUST-03518,Northeast,38,3,66,one-year,fiber,105.06,1,1,1,1,3,7.8,1
CUST-03519,Northeast,18,3,49,one-year,fiber,115.98,1,0,4,1,1,6.5,0
CUST-03520,Northeast,45,3,67,two-year,dsl,72.83,1,0,0,1,2,8.0,0
CUST-03521,West,30,2,60,two-year,fiber,114.38,0,1,1,1,0,7.7,0
CUST-03522,Northeast,42,3,24,two-year,none,106.79,1,1,3,0,0,7.3,0
CUST-03523,Northeast,28,1,60,month-to-month,none,89.0,1,0,2,1,0,6.6,0
CUST-03524,South,59,4,13,two-year,dsl,125.67,1,1,4,2,1,7.0,0
CUST-03525,Midwest,39,1,21,two-year,fiber,97.73,1,1,1,1,0,8.6,0
CUST-03526,Midwest,62,5,16,two-year,dsl,73.83,1,1,3,1,0,8.4,0
CUST-03527,Northeast,30,2,10,month-to-month,fiber,94.73,1,1,2,2,0,6.5,0
CUST-03528,Northeast,20,4,7,month-to-month,dsl,92.11,1,1,2,1,1,7.7,0
CUST-03529,Northeast,37,1,14,two-year,fiber,90.82,1,1,2,1,0,7.8,0
CUST-03530,Northeast,62,2,9,month-to-month,none,88.84,1,1,4,2,1,6.1,1
CUST-03531,Northeast,76,5,28,month-to-month,fiber,98.9,1,1,3,2,0,7.9,0
CUST-03532,West,70,3,6,month-to-month,fiber,103.56,1,1,1,1,0,7.7,0
CUST-03533,Midwest,18,3,5,month-to-month,none,104.16,0,0,2,0,0,8.3,0
CUST-03534,Northeast,72,2,72,month-to-month,dsl,121.58,0,1,2,1,0,6.3,0
CUST-03535,Northeast,41,4,7,two-year,dsl,101.92,0,1,3,1,0,7.2,0
CUST-03536,West,21,4,6,two-year,none,68.75,1,0,2,1,0,8.6,0
CUST-03537,Midwest,32,3,3,two-year,fiber,102.87,0,1,2,0,1,7.7,0
CUST-03538,Northeast,71,5,10,month-to-month,fiber,124.8,0,1,2,1,0,7.1,0
CUST-03539,Midwest,53,3,39,month-to-month,dsl,101.02,1,0,1,0,1,6.9,0
CUST-03540,West,27,5,60,month-to-month,dsl,86.3,0,1,2,0,1,7.8,0
CUST-03541,South,65,3,53,month-to-month,none,104.01,1,1,4,1,0,6.6,0
CUST-03542,Midwest,38,3,42,month-to-month,fiber,117.66,1,1,4,1,1,7.6,0
CUST-03543,South,25,3,7,one-year,dsl,66.54,0,1,0,1,1,6.5,0
CUST-03544,Northeast,40,2,56,two-year,fiber,92.62,0,0,1,0,0,8.0,0
CUST-03545,South,64,4,3,month-to-month,dsl,118.06,1,1,3,2,4,7.4,1
CUST-03546,South,35,3,46,month-to-month,dsl,80.62,1,1,0,1,0,7.9,0
CUST-03547,Northeast,27,2,30,month-to-month,none,73.1,1,1,3,0,0,7.8,0
CUST-03548,South,35,2,64,month-to-month,fiber,112.92,0,1,2,2,1,7.3,0
CUST-03549,West,65,2,23,month-to-month,fiber,104.36,1,0,0,2,1,6.1,0
CUST-03550,Northeast,28,5,46,month-to-month,fiber,97.11,1,0,2,0,0,7.2,1
CUST-03551,Northeast,45,2,32,month-to-month,fiber,87.38,1,1,2,0,2,7.3,0
CUST-03552,South,57,2,38,month-to-month,fiber,93.32,1,0,3,0,0,9.1,0
CUST-03553,West,21,4,68,two-year,dsl,70.35,1,1,4,0,1,9.1,0
CUST-03554,Midwest,52,5,52,month-to-month,fiber,103.91,1,1,4,1,1,6.9,0
CUST-03555,Midwest,64,3,30,month-to-month,fiber,108.11,1,0,2,0,1,7.6,1
CUST-03556,Midwest,54,3,33,month-to-month,dsl,108.46,1,1,3,0,1,8.2,0
CUST-03557,Northeast,29,4,51,month-to-month,fiber,122.65,1,1,3,1,0,9.7,0
CUST-03558,Northeast,49,4,25,one-year,fiber,131.98,1,0,4,0,0,8.2,0
CUST-03559,West,72,1,13,one-year,none,56.14,1,1,3,1,1,8.9,0
CUST-03560,Midwest,31,5,34,two-year,fiber,98.88,1,0,1,0,1,8.4,0
CUST-03561,South,27,2,5,one-year,fiber,62.38,1,1,1,0,0,9.2,0
CUST-03562,South,53,3,13,month-to-month,dsl,94.93,0,1,1,4,0,6.6,0
CUST-03563,Northeast,43,1,31,month-to-month,fiber,99.68,1,1,0,0,0,8.3,0
CUST-03564,Northeast,57,4,58,month-to-month,fiber,100.55,0,1,1,1,0,7.3,0
CUST-03565,West,54,1,57,month-to-month,fiber,112.87,0,1,2,2,1,6.3,0
CUST-03566,Northeast,21,1,19,two-year,fiber,127.6,1,1,3,0,0,8.8,0
CUST-03567,West,61,5,31,month-to-month,none,77.88,0,0,1,1,1,8.1,1
CUST-03568,South,77,1,12,month-to-month,fiber,91.18,1,0,0,2,1,7.9,0
CUST-03569,West,26,4,55,month-to-month,fiber,63.48,0,0,0,2,1,7.6,0
CUST-03570,Northeast,52,3,18,month-to-month,fiber,85.12,0,1,0,2,0,6.3,1
CUST-03571,Midwest,40,2,58,two-year,none,65.87,0,1,2,3,0,6.0,0
CUST-03572,Northeast,56,2,61,month-to-month,fiber,81.3,1,0,2,1,0,6.8,1
CUST-03573,Northeast,53,1,50,month-to-month,dsl,78.44,1,1,1,2,0,7.1,0
CUST-03574,South,52,4,24,month-to-month,fiber,68.28,0,1,1,3,1,6.8,1
CUST-03575,Midwest,26,5,69,one-year,none,93.57,1,0,2,0,0,7.9,0
CUST-03576,West,59,2,50,month-to-month,fiber,112.57,1,0,3,2,1,6.6,0
CUST-03577,Northeast,58,5,47,one-year,fiber,107.64,0,1,0,1,0,8.2,0
CUST-03578,Midwest,57,1,62,month-to-month,dsl,109.56,0,0,4,0,0,7.6,0
CUST-03579,West,29,5,64,month-to-month,fiber,112.22,0,1,1,2,1,6.3,0
CUST-03580,West,65,4,6,two-year,dsl,94.88,0,1,0,2,0,8.1,0
CUST-03581,South,30,1,64,month-to-month,dsl,87.0,0,1,0,1,1,7.1,0
CUST-03582,Northeast,27,5,56,month-to-month,dsl,98.75,1,1,2,3,0,5.8,0
CUST-03583,West,37,1,15,one-year,fiber,98.0,1,0,2,2,0,7.4,0
CUST-03584,West,27,5,23,month-to-month,dsl,75.86,1,1,0,0,0,8.5,0
CUST-03585,South,38,4,55,month-to-month,fiber,96.28,1,1,2,1,0,9.8,0
CUST-03586,Northeast,31,2,16,one-year,none,101.12,1,0,1,2,0,8.7,0
CUST-03587,Midwest,22,5,33,month-to-month,dsl,85.34,0,1,4,1,0,10.0,1
CUST-03588,Northeast,75,2,50,month-to-month,dsl,107.67,0,0,1,2,1,5.5,0
CUST-03589,Midwest,58,1,47,month-to-month,dsl,73.88,1,1,4,0,0,9.4,0
CUST-03590,Northeast,39,2,66,one-year,dsl,90.76,0,1,2,0,0,9.6,1
CUST-03591,West,40,5,9,month-to-month,dsl,103.22,0,1,4,1,1,7.1,1
CUST-03592,South,36,5,22,month-to-month,fiber,85.69,1,1,2,0,1,7.5,0
CUST-03593,Northeast,62,5,71,one-year,dsl,70.9,0,1,0,3,0,7.2,0
CUST-03594,Northeast,31,3,41,one-year,fiber,109.42,0,1,3,0,0,7.9,0
CUST-03595,Midwest,23,1,18,two-year,fiber,98.8,1,1,2,0,1,7.2,0
CUST-03596,Midwest,46,5,21,month-to-month,dsl,79.09,0,0,4,2,0,5.5,0
CUST-03597,Northeast,31,3,25,month-to-month,fiber,106.6,0,1,1,3,0,4.9,0
CUST-03598,West,72,5,40,month-to-month,dsl,71.21,0,1,0,1,0,7.5,0
CUST-03599,West,39,1,21,one-year,fiber,92.19,0,1,0,0,0,8.8,1
CUST-03600,South,58,2,45,month-to-month,fiber,133.75,1,1,3,2,0,6.1,1
CUST-03601,Midwest,41,2,33,one-year,dsl,98.33,1,0,1,2,2,7.3,1
CUST-03602,West,29,3,44,month-to-month,fiber,68.94,1,1,3,2,0,7.4,0
CUST-03603,West,37,5,12,two-year,dsl,70.23,0,0,0,1,0,8.0,0
CUST-03604,Northeast,68,3,45,two-year,dsl,49.41,0,0,0,1,1,8.0,0
CUST-03605,West,22,4,67,month-to-month,dsl,138.41,1,1,3,0,0,8.3,0
CUST-03606,Northeast,74,3,10,two-year,fiber,105.03,0,0,1,1,0,8.8,0
CUST-03607,Midwest,19,5,24,two-year,dsl,91.85,0,1,2,1,0,8.2,0
CUST-03608,Northeast,60,5,50,month-to-month,fiber,89.04,1,1,0,2,0,5.9,1
CUST-03609,Northeast,59,5,45,month-to-month,fiber,80.58,1,1,0,1,1,9.0,0
CUST-03610,Northeast,53,1,49,one-year,fiber,105.1,1,0,0,3,0,5.9,0
CUST-03611,Northeast,22,5,41,month-to-month,fiber,104.84,1,0,1,2,1,6.7,0
CUST-03612,Northeast,58,4,50,month-to-month,fiber,111.31,1,1,1,1,0,9.8,1
CUST-03613,South,22,2,44,month-to-month,fiber,82.32,1,0,1,3,0,6.9,0
CUST-03614,Northeast,62,2,6,two-year,fiber,98.69,1,1,1,1,1,6.9,0
CUST-03615,South,64,5,55,month-to-month,dsl,98.85,0,1,2,1,0,7.6,0
CUST-03616,South,69,4,33,one-year,fiber,125.48,0,0,4,1,0,8.1,0
CUST-03617,Midwest,41,2,4,month-to-month,fiber,97.35,0,1,0,0,2,7.5,1
CUST-03618,West,57,2,30,month-to-month,fiber,100.46,1,0,4,4,1,5.2,1
CUST-03619,Northeast,29,3,32,two-year,fiber,88.57,1,0,2,3,1,5.4,0
CUST-03620,West,49,3,7,month-to-month,dsl,95.59,1,1,2,5,1,4.1,0
CUST-03621,Midwest,61,5,72,month-to-month,none,55.85,0,0,3,0,1,6.9,0
CUST-03622,West,28,4,17,month-to-month,dsl,76.98,1,0,3,2,0,8.2,0
CUST-03623,South,67,5,24,one-year,dsl,101.07,0,1,4,1,0,6.6,0
CUST-03624,Northeast,40,3,32,month-to-month,fiber,94.29,0,1,4,1,1,7.2,1
CUST-03625,Northeast,73,5,60,month-to-month,none,68.91,1,1,0,0,0,9.4,0
CUST-03626,Northeast,23,5,54,month-to-month,fiber,103.07,1,1,2,1,0,8.1,0
CUST-03627,West,31,5,56,month-to-month,fiber,91.07,1,1,2,5,0,6.6,0
CUST-03628,Midwest,61,4,18,month-to-month,fiber,96.52,0,1,2,0,0,7.3,0
CUST-03629,West,29,2,61,month-to-month,fiber,139.1,0,1,4,1,0,7.9,0
CUST-03630,Midwest,77,1,60,month-to-month,dsl,106.08,1,0,3,0,1,8.9,1
CUST-03631,West,74,3,34,month-to-month,fiber,115.61,0,1,2,0,0,8.7,0
CUST-03632,Northeast,23,2,40,one-year,fiber,120.48,1,1,4,1,0,8.7,0
CUST-03633,South,68,1,3,one-year,fiber,93.79,0,0,3,2,0,6.0,0
CUST-03634,West,44,2,55,month-to-month,none,78.16,0,1,3,0,0,8.5,0
CUST-03635,West,68,5,70,month-to-month,dsl,55.41,0,1,3,1,1,7.5,0
CUST-03636,West,60,2,35,month-to-month,none,48.64,1,1,0,2,0,6.9,0
CUST-03637,West,36,1,39,two-year,dsl,91.24,1,0,4,2,0,6.8,0
CUST-03638,South,19,2,36,month-to-month,none,97.02,0,1,3,0,0,8.3,0
CUST-03639,Midwest,37,1,6,month-to-month,fiber,84.7,0,0,0,1,2,5.9,1
CUST-03640,West,44,1,45,month-to-month,fiber,113.22,1,1,1,1,0,7.2,0
CUST-03641,South,50,3,52,month-to-month,fiber,93.72,1,1,1,0,0,8.9,0
CUST-03642,Northeast,65,5,67,month-to-month,fiber,102.08,0,1,1,2,0,7.7,1
CUST-03643,Midwest,67,2,67,month-to-month,dsl,97.54,0,1,3,3,0,6.6,1
CUST-03644,South,35,5,36,one-year,fiber,111.06,1,1,2,1,0,7.5,0
CUST-03645,Midwest,29,5,70,one-year,fiber,118.03,1,1,1,1,2,6.4,0
CUST-03646,Northeast,57,1,39,one-year,dsl,80.18,0,0,3,0,0,7.5,1
CUST-03647,South,62,4,47,one-year,fiber,121.37,0,0,1,2,1,8.0,0
CUST-03648,Midwest,54,4,44,month-to-month,fiber,75.36,0,1,0,0,1,7.8,0
CUST-03649,Midwest,55,4,72,two-year,fiber,112.47,0,1,4,0,1,7.9,0
CUST-03650,Northeast,60,2,54,one-year,dsl,71.66,0,0,1,1,0,7.8,0
CUST-03651,Northeast,42,4,9,one-year,fiber,119.58,0,1,1,1,0,8.3,0
CUST-03652,Midwest,32,3,6,one-year,fiber,98.41,0,1,3,2,0,6.2,1
CUST-03653,South,65,2,30,month-to-month,fiber,129.31,0,1,3,3,0,5.8,1
CUST-03654,Northeast,28,1,38,month-to-month,dsl,43.72,1,0,0,1,0,8.1,1
CUST-03655,West,21,2,49,month-to-month,fiber,102.79,1,1,0,3,0,6.7,0
CUST-03656,South,19,2,35,month-to-month,fiber,105.13,1,0,4,1,1,8.3,1
CUST-03657,Midwest,41,3,38,month-to-month,none,82.48,0,0,2,2,0,7.4,0
CUST-03658,Midwest,46,3,67,month-to-month,dsl,74.08,1,1,2,3,0,5.8,1
CUST-03659,Midwest,50,1,25,month-to-month,fiber,99.62,1,1,2,2,2,3.5,0
CUST-03660,South,29,4,36,two-year,fiber,105.0,1,0,2,0,1,8.4,0
CUST-03661,Northeast,43,1,41,one-year,fiber,83.13,0,0,3,1,0,6.7,0
CUST-03662,Midwest,57,3,34,one-year,dsl,64.09,0,1,0,1,0,8.1,0
CUST-03663,Northeast,35,1,70,month-to-month,fiber,106.66,1,1,1,2,2,7.9,0
CUST-03664,West,50,5,70,one-year,none,82.7,0,0,4,4,0,5.1,1
CUST-03665,West,34,2,37,two-year,dsl,62.39,0,0,0,2,0,7.7,0
CUST-03666,West,68,1,33,one-year,dsl,96.73,0,1,4,2,0,7.9,0
CUST-03667,West,44,2,43,one-year,fiber,110.71,1,0,2,2,0,7.7,0
CUST-03668,West,66,3,14,month-to-month,none,76.88,1,1,0,1,2,7.3,0
CUST-03669,West,38,4,31,month-to-month,dsl,92.7,0,1,2,0,0,6.0,0
CUST-03670,Northeast,39,1,16,one-year,dsl,130.63,1,1,3,1,0,8.0,0
CUST-03671,Midwest,63,2,11,two-year,fiber,98.2,1,1,1,1,3,7.1,0
CUST-03672,South,35,1,7,month-to-month,dsl,85.48,0,1,3,2,0,7.7,0
CUST-03673,Northeast,61,2,43,month-to-month,dsl,84.49,0,0,0,0,0,8.7,0
CUST-03674,West,22,2,1,month-to-month,none,41.7,0,1,0,0,1,7.1,0
CUST-03675,Northeast,68,3,47,month-to-month,dsl,94.33,1,0,3,0,1,6.1,0
CUST-03676,West,63,1,32,two-year,fiber,88.13,1,1,2,2,0,5.9,0
CUST-03677,Midwest,51,4,27,one-year,fiber,142.42,1,0,3,3,0,8.1,0
CUST-03678,Northeast,47,4,56,month-to-month,dsl,129.08,1,1,4,2,1,6.7,1
CUST-03679,Northeast,40,5,39,month-to-month,none,83.01,0,0,4,1,0,6.0,0
CUST-03680,West,38,3,53,month-to-month,dsl,103.14,1,1,2,0,1,6.7,0
CUST-03681,West,36,3,52,month-to-month,fiber,111.89,1,1,2,2,1,7.0,1
CUST-03682,South,60,4,3,month-to-month,fiber,116.54,1,0,4,3,2,6.1,1
CUST-03683,West,30,5,16,one-year,dsl,115.37,1,1,4,1,2,8.9,0
CUST-03684,West,34,1,42,one-year,dsl,64.37,0,0,0,0,1,7.9,0
CUST-03685,Midwest,41,1,71,month-to-month,fiber,98.91,0,1,2,0,0,8.2,0
CUST-03686,Midwest,46,2,12,one-year,fiber,90.86,0,0,4,1,0,7.6,0
CUST-03687,Northeast,34,1,8,one-year,none,49.58,1,1,0,0,1,8.9,0
CUST-03688,South,44,3,68,month-to-month,fiber,89.37,1,1,4,0,0,9.7,0
CUST-03689,South,66,1,70,one-year,fiber,83.64,1,1,3,2,2,7.7,0
CUST-03690,Northeast,34,1,13,one-year,fiber,77.56,0,1,0,0,0,10.0,0
CUST-03691,Midwest,28,4,29,two-year,fiber,123.71,0,1,3,2,2,7.1,0
CUST-03692,Northeast,65,1,46,month-to-month,fiber,89.47,0,1,2,1,0,5.9,0
CUST-03693,South,34,2,15,month-to-month,dsl,74.65,1,0,1,3,1,5.5,1
CUST-03694,Midwest,60,1,24,month-to-month,dsl,81.51,1,1,3,2,1,7.5,0
CUST-03695,Midwest,75,4,29,month-to-month,dsl,92.48,1,0,3,2,0,6.8,0
CUST-03696,Midwest,49,5,47,month-to-month,dsl,98.32,1,1,4,1,0,7.6,0
CUST-03697,West,50,4,23,one-year,fiber,86.3,1,0,2,1,1,6.9,0
CUST-03698,South,59,3,30,month-to-month,fiber,94.84,0,1,0,2,1,7.8,1
CUST-03699,Midwest,25,2,21,month-to-month,fiber,107.04,0,1,4,1,1,8.4,0
CUST-03700,Midwest,23,1,55,two-year,fiber,74.39,0,1,1,0,0,8.0,0
CUST-03701,Northeast,28,2,12,month-to-month,dsl,106.89,0,0,3,0,1,7.4,0
CUST-03702,Midwest,43,3,17,month-to-month,fiber,90.02,1,0,3,1,0,8.7,0
CUST-03703,Midwest,68,1,18,one-year,dsl,94.22,0,1,0,1,0,8.6,0
CUST-03704,Northeast,54,5,66,month-to-month,fiber,93.05,1,1,2,3,1,4.7,1
CUST-03705,Northeast,69,4,69,month-to-month,fiber,84.71,1,1,0,1,1,7.9,0
CUST-03706,South,41,1,37,one-year,fiber,102.07,1,1,3,2,0,7.8,0
CUST-03707,South,66,5,12,month-to-month,fiber,109.71,1,0,3,1,0,7.7,0
CUST-03708,South,60,2,55,month-to-month,dsl,73.05,0,1,2,1,1,6.3,0
CUST-03709,Northeast,24,4,36,month-to-month,dsl,53.99,1,1,1,1,0,6.8,0
CUST-03710,South,49,5,62,two-year,fiber,92.4,0,0,4,0,0,5.4,0
CUST-03711,South,56,2,26,month-to-month,dsl,61.96,1,1,0,3,0,5.9,0
CUST-03712,West,40,5,72,one-year,dsl,77.27,1,0,0,1,1,5.9,0
CUST-03713,Midwest,64,5,59,month-to-month,fiber,108.79,0,0,1,4,0,5.2,0
CUST-03714,West,42,3,17,one-year,fiber,115.82,0,0,4,3,0,6.9,0
CUST-03715,Midwest,60,4,53,month-to-month,fiber,102.75,1,1,4,2,0,5.9,1
CUST-03716,Midwest,60,1,21,month-to-month,fiber,101.85,1,1,2,0,1,9.0,1
CUST-03717,South,31,5,26,month-to-month,none,87.18,1,0,4,3,0,8.2,0
CUST-03718,South,21,2,19,one-year,fiber,113.02,1,1,4,0,1,8.4,0
CUST-03719,Northeast,70,2,50,month-to-month,dsl,76.41,1,1,2,0,0,8.6,0
CUST-03720,West,68,5,19,month-to-month,dsl,76.73,1,1,0,0,1,6.4,0
CUST-03721,South,75,2,46,month-to-month,fiber,113.76,0,0,4,4,0,5.8,1
CUST-03722,Northeast,21,4,42,month-to-month,dsl,57.82,1,0,3,2,0,5.7,1
CUST-03723,South,59,2,55,one-year,fiber,80.49,1,0,0,1,0,6.3,0
CUST-03724,South,25,2,72,month-to-month,fiber,130.07,1,1,4,0,0,7.0,0
CUST-03725,Midwest,47,5,1,month-to-month,fiber,114.71,1,1,1,1,1,7.2,0
CUST-03726,West,66,1,72,month-to-month,fiber,138.3,1,0,3,1,0,7.5,0
CUST-03727,West,33,4,8,month-to-month,fiber,99.61,1,1,1,1,2,7.0,1
CUST-03728,West,40,1,38,month-to-month,dsl,56.86,1,0,0,3,0,5.4,0
CUST-03729,West,47,5,25,month-to-month,dsl,80.37,0,0,2,0,0,7.9,0
CUST-03730,West,45,4,47,month-to-month,dsl,83.11,1,0,2,1,1,6.7,0
CUST-03731,Midwest,19,4,52,two-year,fiber,96.75,0,0,4,1,2,7.3,0
CUST-03732,Northeast,40,4,62,month-to-month,none,45.49,1,0,0,2,1,6.5,0
CUST-03733,Northeast,68,1,29,one-year,fiber,107.87,0,0,4,2,0,5.5,0
CUST-03734,South,23,2,68,month-to-month,dsl,57.04,1,1,0,2,0,6.4,0
CUST-03735,West,38,4,24,month-to-month,dsl,121.91,1,1,4,3,1,6.7,0
CUST-03736,West,54,3,15,month-to-month,dsl,105.21,0,1,3,1,0,8.1,0
CUST-03737,West,41,1,28,month-to-month,fiber,97.41,1,1,1,1,1,6.2,0
CUST-03738,Northeast,59,4,39,one-year,dsl,112.69,1,1,4,4,0,5.6,1
CUST-03739,Midwest,34,2,49,two-year,dsl,71.92,0,1,1,0,0,7.8,0
CUST-03740,West,29,4,60,one-year,fiber,100.44,1,1,3,1,0,9.0,0
CUST-03741,South,73,4,17,one-year,dsl,98.06,1,0,0,0,0,8.9,0
CUST-03742,South,63,2,22,month-to-month,fiber,78.76,1,1,0,2,1,5.6,0
CUST-03743,Midwest,35,1,68,month-to-month,fiber,73.76,1,0,1,0,0,8.5,0
CUST-03744,West,23,5,32,one-year,dsl,89.64,0,1,1,1,1,8.5,0
CUST-03745,South,44,4,18,month-to-month,dsl,82.54,0,1,1,2,0,6.9,0
CUST-03746,South,64,1,71,month-to-month,fiber,88.88,0,1,1,1,0,6.6,0
CUST-03747,Northeast,54,1,33,two-year,fiber,125.22,1,1,3,1,2,8.2,0
CUST-03748,South,60,3,71,two-year,fiber,89.68,0,1,0,2,1,7.0,0
CUST-03749,Northeast,49,5,67,one-year,fiber,91.84,0,0,3,1,0,7.4,0
CUST-03750,West,72,2,66,month-to-month,dsl,103.78,1,1,4,1,0,8.4,0
CUST-03751,West,25,3,42,two-year,fiber,124.58,0,0,4,2,2,6.6,1
CUST-03752,Midwest,66,4,58,month-to-month,dsl,71.33,1,1,0,2,0,7.1,0
CUST-03753,Northeast,76,5,70,month-to-month,fiber,136.28,1,1,4,3,0,7.2,0
CUST-03754,South,68,3,20,month-to-month,fiber,100.35,0,1,0,1,0,6.8,0
CUST-03755,Northeast,34,3,3,two-year,fiber,67.27,0,1,0,0,0,7.2,0
CUST-03756,West,75,1,24,two-year,fiber,104.63,0,0,3,1,4,6.9,0
CUST-03757,Northeast,75,3,46,one-year,fiber,84.74,1,0,3,0,0,9.9,0
CUST-03758,Midwest,68,3,40,month-to-month,fiber,109.02,0,1,0,0,1,5.6,0
CUST-03759,South,37,5,6,month-to-month,fiber,96.3,1,0,2,2,0,7.7,0
CUST-03760,Midwest,65,3,41,month-to-month,fiber,99.61,1,0,2,0,0,8.1,0
CUST-03761,Northeast,69,4,13,two-year,dsl,90.02,0,1,3,1,1,6.9,0
CUST-03762,South,29,3,37,month-to-month,dsl,61.12,1,1,2,0,1,7.3,0
CUST-03763,West,33,3,42,month-to-month,dsl,74.17,1,0,3,1,0,8.4,0
CUST-03764,West,63,1,46,one-year,fiber,90.01,0,0,0,3,2,6.7,0
CUST-03765,South,66,3,30,month-to-month,fiber,127.57,1,1,4,1,0,6.6,1
CUST-03766,Midwest,55,2,30,two-year,fiber,101.28,0,1,2,1,0,7.9,0
CUST-03767,West,50,2,49,month-to-month,dsl,73.02,1,1,3,2,0,8.2,0
CUST-03768,Midwest,75,5,54,one-year,dsl,90.82,0,0,2,3,0,7.2,0
CUST-03769,South,38,4,59,month-to-month,fiber,118.47,1,1,1,1,1,5.8,1
CUST-03770,West,61,1,25,month-to-month,fiber,116.69,1,0,3,0,0,8.7,0
CUST-03771,West,75,3,31,month-to-month,fiber,90.52,1,0,1,4,0,4.8,0
CUST-03772,South,33,3,24,month-to-month,fiber,91.92,1,1,1,1,0,7.7,0
CUST-03773,Northeast,22,4,38,one-year,none,77.97,0,1,2,2,0,6.4,0
CUST-03774,West,27,2,10,month-to-month,fiber,112.01,1,0,1,1,0,7.9,0
CUST-03775,Northeast,58,4,31,month-to-month,fiber,148.95,0,1,4,1,1,6.4,1
CUST-03776,West,34,4,14,one-year,fiber,118.57,0,1,3,3,0,5.6,1
CUST-03777,West,60,4,39,month-to-month,fiber,91.84,0,0,1,2,1,6.8,1
CUST-03778,Northeast,46,3,62,one-year,fiber,95.66,1,0,0,1,0,8.0,0
CUST-03779,Midwest,69,1,71,one-year,fiber,91.56,1,1,1,0,1,8.9,0
CUST-03780,Midwest,57,4,33,month-to-month,fiber,94.36,0,1,0,1,1,6.6,1
CUST-03781,Northeast,53,5,5,one-year,fiber,81.82,1,1,1,2,1,5.7,0
CUST-03782,West,30,4,17,month-to-month,dsl,111.99,1,1,1,5,0,6.0,1
CUST-03783,Northeast,37,3,8,month-to-month,fiber,104.46,0,1,3,1,0,8.6,1
CUST-03784,Midwest,31,3,55,month-to-month,fiber,106.19,1,0,0,1,1,6.8,0
CUST-03785,Northeast,21,1,71,two-year,dsl,35.13,1,1,0,1,0,8.3,0
CUST-03786,Northeast,36,5,40,one-year,fiber,80.13,1,0,0,2,1,6.8,0
CUST-03787,Midwest,74,2,13,month-to-month,none,84.64,1,1,4,1,0,9.3,0
CUST-03788,Northeast,66,4,2,two-year,none,103.07,1,1,4,1,0,7.4,0
CUST-03789,West,32,3,71,month-to-month,fiber,96.87,0,0,1,1,2,6.8,0
CUST-03790,Northeast,39,4,23,two-year,fiber,130.64,1,1,2,1,0,6.1,0
CUST-03791,Midwest,61,1,9,one-year,dsl,72.02,0,1,1,2,0,8.5,0
CUST-03792,South,22,4,13,two-year,fiber,94.05,0,1,2,0,0,7.7,0
CUST-03793,Midwest,61,3,19,two-year,fiber,94.45,0,0,2,0,2,8.9,0
CUST-03794,Midwest,50,3,48,two-year,dsl,75.43,1,0,1,1,0,7.3,0
CUST-03795,Midwest,60,4,65,month-to-month,fiber,118.71,1,1,3,3,0,6.4,1
CUST-03796,Midwest,18,4,20,one-year,dsl,92.44,1,1,0,3,1,5.8,0
CUST-03797,West,74,4,50,one-year,dsl,73.58,0,1,3,5,0,4.6,0
CUST-03798,Midwest,58,4,5,one-year,dsl,86.28,1,0,3,0,1,7.9,0
CUST-03799,West,28,4,1,month-to-month,dsl,56.11,0,1,0,1,1,6.9,0
CUST-03800,South,68,5,4,two-year,dsl,85.79,0,0,3,2,0,6.8,0
CUST-03801,Midwest,19,5,67,month-to-month,fiber,123.4,0,0,3,2,1,5.1,1
CUST-03802,Midwest,27,5,42,month-to-month,none,102.41,1,1,4,1,0,7.8,0
CUST-03803,South,65,3,58,month-to-month,none,92.42,1,1,4,0,2,5.8,0
CUST-03804,West,68,3,2,month-to-month,dsl,90.16,0,1,0,4,1,5.1,0
CUST-03805,South,23,1,2,one-year,dsl,69.4,1,1,0,0,1,6.8,0
CUST-03806,West,58,4,62,month-to-month,dsl,53.86,1,0,0,0,0,8.9,0
CUST-03807,Northeast,66,4,8,one-year,fiber,92.43,1,1,2,3,0,7.9,0
CUST-03808,Midwest,23,2,12,two-year,dsl,101.08,1,0,3,1,2,7.9,0
CUST-03809,West,22,1,38,month-to-month,fiber,126.49,1,1,3,1,0,7.1,1
CUST-03810,South,31,5,44,one-year,fiber,92.24,1,0,1,1,0,7.2,0
CUST-03811,South,31,1,17,month-to-month,fiber,97.29,1,1,1,0,0,7.9,0
CUST-03812,West,31,4,33,two-year,dsl,77.72,1,1,0,1,0,7.9,0
CUST-03813,Midwest,65,5,49,two-year,dsl,69.27,1,1,1,1,1,8.1,0
CUST-03814,West,30,5,32,month-to-month,fiber,72.92,1,0,1,1,0,7.9,0
CUST-03815,West,49,2,28,one-year,fiber,109.35,0,1,1,0,1,6.1,0
CUST-03816,West,38,4,6,month-to-month,fiber,85.65,1,1,0,3,0,7.0,0
CUST-03817,West,37,5,33,month-to-month,fiber,90.58,1,0,1,2,2,6.8,1
CUST-03818,Midwest,72,4,58,one-year,fiber,117.82,1,1,4,1,0,7.2,0
CUST-03819,West,37,2,46,month-to-month,dsl,110.18,0,1,1,0,1,6.7,0
CUST-03820,South,31,1,65,one-year,fiber,132.9,0,1,4,0,0,8.3,0
CUST-03821,Midwest,31,3,10,month-to-month,fiber,85.14,1,1,0,1,0,7.7,0
CUST-03822,South,73,4,1,month-to-month,fiber,116.85,1,1,3,0,1,6.9,1
CUST-03823,South,68,1,40,two-year,fiber,113.03,0,1,0,0,0,8.3,0
CUST-03824,South,50,2,13,month-to-month,dsl,80.56,1,0,1,1,1,7.5,0
CUST-03825,West,51,3,43,one-year,fiber,117.62,0,1,4,1,0,8.4,0
CUST-03826,South,49,3,66,month-to-month,fiber,79.64,1,1,3,4,1,5.6,0
CUST-03827,Northeast,53,1,25,two-year,dsl,102.16,1,1,2,4,0,4.4,0
CUST-03828,South,58,2,40,one-year,fiber,102.55,1,1,3,1,1,7.9,0
CUST-03829,South,21,5,50,month-to-month,dsl,68.53,0,1,3,3,0,4.7,1
CUST-03830,West,66,2,11,month-to-month,none,49.81,0,1,3,2,0,6.0,1
CUST-03831,West,63,5,65,month-to-month,dsl,77.22,0,1,2,0,1,6.4,1
CUST-03832,South,75,5,15,two-year,none,89.84,1,0,2,0,0,8.9,0
CUST-03833,West,43,5,59,month-to-month,fiber,103.81,1,1,0,1,0,6.6,1
CUST-03834,South,18,3,48,month-to-month,fiber,129.93,1,1,4,0,0,9.0,0
CUST-03835,Northeast,40,2,11,one-year,fiber,131.32,1,1,2,0,1,7.2,0
CUST-03836,Midwest,41,2,53,month-to-month,fiber,91.96,0,1,1,0,0,6.0,1
CUST-03837,Midwest,54,3,15,month-to-month,fiber,92.51,0,1,0,2,0,6.4,0
CUST-03838,South,28,4,44,month-to-month,fiber,84.02,1,1,3,2,1,5.6,1
CUST-03839,Northeast,22,5,70,month-to-month,fiber,104.31,1,1,3,1,0,8.7,0
CUST-03840,Northeast,27,1,69,one-year,fiber,87.83,0,0,4,0,0,7.6,0
CUST-03841,South,59,5,63,two-year,dsl,73.11,1,1,4,0,1,9.2,0
CUST-03842,Midwest,26,2,36,two-year,fiber,129.51,1,0,4,2,0,7.1,0
CUST-03843,West,56,2,41,two-year,fiber,86.95,0,1,3,0,0,8.5,0
CUST-03844,South,60,2,22,month-to-month,fiber,92.28,0,1,4,1,0,6.8,0
CUST-03845,Midwest,52,2,67,month-to-month,dsl,34.89,1,1,0,1,0,9.7,0
CUST-03846,Northeast,21,1,35,one-year,fiber,111.76,0,1,1,0,0,7.2,0
CUST-03847,Northeast,24,2,56,two-year,dsl,108.28,1,1,2,1,0,5.2,0
CUST-03848,Midwest,68,5,26,one-year,fiber,104.25,1,1,3,1,0,8.1,0
CUST-03849,South,55,1,54,month-to-month,fiber,105.03,1,1,1,2,1,5.8,0
CUST-03850,Northeast,63,4,17,one-year,none,41.74,0,0,1,0,0,8.4,0
CUST-03851,Northeast,74,5,53,one-year,fiber,138.76,0,0,4,2,0,7.0,0
CUST-03852,South,42,4,4,two-year,fiber,112.04,1,1,3,0,2,7.5,0
CUST-03853,South,71,3,8,one-year,fiber,118.11,0,1,3,1,1,7.0,0
CUST-03854,Midwest,43,3,26,month-to-month,fiber,93.7,1,1,0,0,0,8.5,0
CUST-03855,West,72,3,35,month-to-month,fiber,74.76,1,0,2,1,0,7.2,0
CUST-03856,West,58,2,52,month-to-month,fiber,92.1,0,0,2,1,0,7.2,0
CUST-03857,Midwest,31,5,26,month-to-month,fiber,113.23,1,1,3,0,1,7.4,1
CUST-03858,Northeast,18,4,2,two-year,none,66.17,0,1,4,2,0,8.6,0
CUST-03859,Northeast,72,1,24,month-to-month,fiber,95.41,1,0,1,2,0,8.2,0
CUST-03860,South,41,4,32,month-to-month,fiber,97.25,1,0,4,3,2,4.6,0
CUST-03861,Midwest,69,2,40,month-to-month,dsl,108.78,0,0,3,0,0,7.9,0
CUST-03862,Midwest,28,3,47,one-year,fiber,87.1,0,1,2,0,2,7.0,0
CUST-03863,Northeast,45,1,18,month-to-month,none,98.28,1,1,4,1,0,6.4,0
CUST-03864,Midwest,28,3,44,month-to-month,fiber,102.74,1,1,0,3,0,3.6,1
CUST-03865,South,25,1,46,two-year,dsl,90.67,0,1,3,1,2,6.9,1
CUST-03866,Midwest,51,2,56,month-to-month,none,66.03,0,1,1,1,0,7.1,0
CUST-03867,West,44,5,38,month-to-month,fiber,125.52,0,0,3,0,0,9.1,0
CUST-03868,Midwest,32,1,59,month-to-month,dsl,64.77,1,0,0,1,1,8.2,0
CUST-03869,Midwest,38,2,16,one-year,dsl,93.81,0,1,3,0,1,8.4,0
CUST-03870,West,40,1,52,one-year,dsl,85.08,0,1,0,2,0,7.8,0
CUST-03871,Northeast,31,1,4,two-year,fiber,103.42,0,1,1,2,0,7.9,0
CUST-03872,South,61,4,8,month-to-month,fiber,117.35,1,1,4,2,0,7.4,1
CUST-03873,South,35,3,63,two-year,fiber,82.18,1,1,3,2,0,8.6,0
CUST-03874,West,55,2,35,one-year,none,88.07,1,0,2,3,0,5.7,0
CUST-03875,West,62,1,45,month-to-month,fiber,78.06,1,1,1,3,0,6.0,0
CUST-03876,South,37,4,44,month-to-month,fiber,115.64,1,1,0,0,0,7.5,0
CUST-03877,Northeast,21,2,51,month-to-month,none,44.87,0,1,0,1,0,6.8,0
CUST-03878,West,20,3,18,two-year,fiber,85.17,0,0,3,1,1,7.3,0
CUST-03879,South,53,1,13,month-to-month,dsl,89.58,0,1,1,2,1,8.0,0
CUST-03880,Midwest,19,3,4,month-to-month,fiber,99.37,0,1,0,0,0,8.7,1
CUST-03881,Northeast,25,5,63,one-year,dsl,72.44,1,1,2,1,0,9.0,0
CUST-03882,Midwest,47,4,17,two-year,fiber,126.19,0,1,1,2,0,7.0,0
CUST-03883,Midwest,35,3,42,one-year,fiber,123.68,1,0,4,2,2,6.7,0
CUST-03884,South,43,1,33,one-year,dsl,79.66,0,0,1,2,0,7.6,0
CUST-03885,West,60,2,12,month-to-month,fiber,104.21,1,1,1,2,2,6.9,1
CUST-03886,Midwest,65,5,30,two-year,fiber,103.86,0,0,0,0,0,8.6,0
CUST-03887,Midwest,41,5,6,month-to-month,fiber,121.98,0,1,0,1,0,9.4,0
CUST-03888,Northeast,22,2,13,month-to-month,dsl,97.12,0,1,2,3,1,6.5,0
CUST-03889,Midwest,29,4,11,two-year,fiber,80.03,1,1,1,2,0,6.6,0
CUST-03890,South,68,4,60,month-to-month,fiber,92.87,1,0,3,2,1,6.1,0
CUST-03891,Midwest,18,3,41,month-to-month,fiber,100.53,1,0,4,0,0,8.9,0
CUST-03892,Midwest,30,2,67,one-year,fiber,100.66,1,1,2,2,0,8.0,0
CUST-03893,South,76,2,32,month-to-month,dsl,91.09,1,0,1,1,2,7.9,0
CUST-03894,South,39,3,15,month-to-month,fiber,118.5,1,0,4,1,1,7.8,0
CUST-03895,South,20,2,44,one-year,dsl,124.13,0,1,4,2,0,6.2,0
CUST-03896,South,69,3,67,one-year,dsl,70.46,0,0,4,0,0,9.6,0
CUST-03897,West,62,1,39,one-year,dsl,93.79,0,0,4,4,1,7.0,0
CUST-03898,South,68,2,2,month-to-month,dsl,113.1,1,0,4,2,0,6.7,1
CUST-03899,Northeast,58,1,22,one-year,fiber,76.22,1,1,3,2,1,7.4,0
CUST-03900,West,48,2,67,one-year,none,101.67,1,0,4,1,0,8.1,0
CUST-03901,Northeast,60,2,38,month-to-month,dsl,121.11,1,1,1,1,1,7.0,0
CUST-03902,South,22,3,69,month-to-month,dsl,115.54,0,1,4,0,1,6.6,0
CUST-03903,Northeast,24,5,37,month-to-month,fiber,98.11,1,1,0,2,0,7.5,0
CUST-03904,Midwest,53,5,1,month-to-month,fiber,116.76,1,1,4,2,1,5.4,1
CUST-03905,South,46,4,63,month-to-month,dsl,90.64,1,0,1,1,0,7.0,0
CUST-03906,West,63,3,55,one-year,fiber,124.77,0,0,1,2,0,8.6,0
CUST-03907,South,74,2,52,two-year,dsl,86.9,0,1,3,2,0,7.5,0
CUST-03908,Northeast,33,1,70,month-to-month,fiber,108.04,0,1,0,2,0,7.1,1
CUST-03909,Midwest,37,4,15,one-year,fiber,122.44,1,1,4,0,0,8.2,0
CUST-03910,Northeast,28,2,66,month-to-month,fiber,136.2,1,1,3,1,0,6.1,0
CUST-03911,South,66,1,17,month-to-month,fiber,96.99,0,1,0,1,1,7.4,0
CUST-03912,West,47,5,70,one-year,fiber,130.48,1,1,4,1,0,8.3,0
CUST-03913,Northeast,38,2,14,month-to-month,dsl,71.98,1,1,0,0,1,8.6,0
CUST-03914,Midwest,62,1,40,two-year,dsl,94.74,1,1,4,1,1,7.3,0
CUST-03915,Midwest,45,3,57,month-to-month,none,105.07,1,1,4,1,1,6.9,0
CUST-03916,South,48,4,6,month-to-month,dsl,79.26,1,1,3,1,2,7.6,0
CUST-03917,South,67,2,5,month-to-month,dsl,95.03,1,1,3,1,1,6.2,1
CUST-03918,Northeast,32,2,62,month-to-month,fiber,115.94,1,1,4,2,1,7.5,0
CUST-03919,South,57,1,5,two-year,dsl,90.12,1,1,4,0,0,8.3,0
CUST-03920,Midwest,70,3,45,one-year,none,87.02,0,1,3,1,0,7.9,0
CUST-03921,Midwest,70,3,68,month-to-month,dsl,49.09,1,1,0,2,0,9.1,0
CUST-03922,West,70,2,45,month-to-month,fiber,98.65,1,1,3,0,2,7.4,0
CUST-03923,West,30,5,35,one-year,dsl,101.7,1,0,1,1,0,8.0,0
CUST-03924,South,57,5,31,one-year,fiber,92.92,1,1,0,2,2,6.9,0
CUST-03925,West,52,5,46,month-to-month,fiber,92.71,1,0,0,0,0,6.3,0
CUST-03926,West,22,3,42,month-to-month,dsl,68.17,0,1,2,1,0,7.9,0
CUST-03927,South,50,5,37,month-to-month,dsl,120.36,0,0,4,0,0,5.7,0
CUST-03928,South,31,2,12,month-to-month,fiber,73.77,0,1,0,2,1,7.2,0
CUST-03929,Midwest,49,4,48,month-to-month,fiber,107.95,0,1,0,1,0,6.7,0
CUST-03930,South,55,4,54,month-to-month,none,83.8,0,0,0,0,0,7.2,0
CUST-03931,South,59,4,52,month-to-month,fiber,67.67,1,1,0,1,0,7.5,0
CUST-03932,Northeast,64,1,6,month-to-month,fiber,91.29,0,1,2,0,0,6.7,1
CUST-03933,West,53,1,51,month-to-month,dsl,94.03,1,0,4,2,2,6.4,1
CUST-03934,Midwest,46,5,53,two-year,dsl,77.02,1,0,0,1,0,6.9,0
CUST-03935,Northeast,76,2,14,one-year,fiber,104.46,0,1,4,2,0,5.9,0
CUST-03936,West,36,2,62,month-to-month,dsl,74.67,1,1,4,1,2,6.9,0
CUST-03937,West,35,4,38,month-to-month,fiber,84.65,1,1,0,1,0,8.7,0
CUST-03938,Northeast,71,5,35,month-to-month,fiber,93.1,1,0,2,1,1,8.0,0
CUST-03939,Midwest,75,2,53,two-year,dsl,102.31,1,0,4,0,0,8.0,0
CUST-03940,Midwest,40,5,37,one-year,dsl,98.74,0,1,3,0,0,8.1,0
CUST-03941,Northeast,69,4,40,month-to-month,fiber,72.65,0,0,0,1,0,6.8,0
CUST-03942,South,72,1,23,two-year,fiber,94.5,1,1,0,3,0,5.7,0
CUST-03943,South,69,3,67,two-year,fiber,90.16,0,0,2,1,1,6.5,1
CUST-03944,South,49,5,70,one-year,fiber,130.7,1,1,4,2,0,7.6,0
CUST-03945,Midwest,63,5,10,month-to-month,fiber,110.39,0,1,4,1,0,6.6,1
CUST-03946,Northeast,54,5,53,month-to-month,fiber,85.75,1,1,2,1,0,7.5,0
CUST-03947,Midwest,20,1,2,one-year,dsl,96.87,1,0,2,1,0,7.0,1
CUST-03948,Midwest,25,5,27,month-to-month,fiber,147.66,0,1,2,0,0,8.6,0
CUST-03949,West,74,3,70,one-year,dsl,87.08,0,1,2,0,0,8.8,0
CUST-03950,West,34,3,13,one-year,dsl,78.69,0,1,3,2,1,8.3,0
CUST-03951,South,28,3,28,month-to-month,dsl,67.88,1,0,1,1,0,8.8,0
CUST-03952,Northeast,76,4,16,month-to-month,none,91.81,1,0,2,3,1,5.4,0
CUST-03953,South,38,3,53,month-to-month,fiber,102.02,0,1,3,1,0,6.5,1
CUST-03954,Northeast,61,1,34,month-to-month,fiber,130.69,1,1,2,0,0,8.4,1
CUST-03955,Midwest,65,2,43,one-year,dsl,75.16,0,1,4,1,0,6.9,0
CUST-03956,Northeast,46,5,68,one-year,fiber,114.28,1,1,3,1,0,8.1,0
CUST-03957,Northeast,56,1,38,month-to-month,fiber,117.65,1,1,3,0,1,7.5,0
CUST-03958,Midwest,49,2,53,one-year,fiber,134.91,1,1,4,1,0,8.7,0
CUST-03959,South,45,1,8,month-to-month,none,84.83,1,1,2,2,1,7.6,0
CUST-03960,Northeast,23,4,16,one-year,fiber,98.05,0,0,1,0,0,7.9,0
CUST-03961,Northeast,24,5,69,month-to-month,fiber,121.61,0,0,2,1,0,5.7,0
CUST-03962,West,64,5,62,one-year,fiber,94.77,1,1,4,0,0,9.4,0
CUST-03963,West,69,1,48,one-year,dsl,95.04,0,1,4,1,0,7.1,0
CUST-03964,Midwest,22,5,28,month-to-month,fiber,89.41,0,1,1,2,0,6.7,0
CUST-03965,South,36,5,15,one-year,dsl,124.09,0,0,2,0,0,8.1,0
CUST-03966,Midwest,41,5,62,two-year,dsl,84.9,1,0,1,0,0,8.8,0
CUST-03967,Midwest,20,5,57,month-to-month,fiber,98.89,1,1,0,0,1,7.3,0
CUST-03968,Northeast,42,5,18,one-year,fiber,99.4,1,1,1,1,0,6.9,0
CUST-03969,West,75,1,43,two-year,dsl,90.16,0,1,0,0,0,8.3,0
CUST-03970,South,54,4,45,two-year,dsl,62.9,0,0,1,1,0,8.4,0
CUST-03971,South,72,5,35,month-to-month,fiber,82.47,0,1,0,1,0,7.2,0
CUST-03972,West,42,3,67,one-year,fiber,88.0,1,1,1,2,0,7.2,0
CUST-03973,Midwest,63,5,9,two-year,fiber,117.23,0,1,3,1,0,6.6,0
CUST-03974,Midwest,75,1,19,one-year,fiber,115.76,1,0,4,1,2,7.9,0
CUST-03975,West,50,3,7,month-to-month,fiber,127.33,1,1,4,1,1,7.8,0
CUST-03976,Midwest,65,5,50,month-to-month,fiber,111.6,1,0,2,2,1,6.7,0
CUST-03977,Midwest,29,3,47,one-year,fiber,115.39,1,1,2,1,1,6.8,0
CUST-03978,Midwest,75,3,72,month-to-month,dsl,68.42,1,0,4,0,1,7.9,0
CUST-03979,Northeast,77,2,40,month-to-month,dsl,105.11,1,1,2,0,0,8.2,0
CUST-03980,West,49,4,11,month-to-month,dsl,65.09,0,0,0,3,0,6.2,1
CUST-03981,West,24,5,33,one-year,dsl,114.85,1,1,4,2,0,6.4,0
CUST-03982,South,36,2,7,month-to-month,dsl,92.11,1,1,3,1,0,7.8,0
CUST-03983,Northeast,36,3,49,two-year,fiber,122.46,1,0,3,1,0,8.0,0
CUST-03984,West,76,3,49,one-year,dsl,63.58,0,0,0,0,0,8.6,0
CUST-03985,Midwest,21,4,62,two-year,fiber,87.96,1,1,2,4,0,6.1,0
CUST-03986,South,22,3,25,two-year,fiber,113.68,1,1,2,1,0,9.1,0
CUST-03987,West,68,4,23,month-to-month,none,47.95,1,1,4,2,0,7.0,0
CUST-03988,Midwest,73,5,6,one-year,dsl,65.02,1,1,1,3,0,8.1,1
CUST-03989,Northeast,33,2,30,month-to-month,fiber,107.95,1,0,1,0,0,8.3,0
CUST-03990,Midwest,23,2,35,two-year,dsl,79.44,0,1,3,2,1,5.8,1
CUST-03991,West,74,3,55,month-to-month,fiber,73.68,1,0,0,0,1,8.6,0
CUST-03992,South,66,3,55,one-year,fiber,137.8,0,1,3,0,0,7.9,0
CUST-03993,Midwest,61,3,11,two-year,fiber,112.49,1,1,0,2,0,7.0,0
CUST-03994,Northeast,64,1,21,month-to-month,fiber,91.28,1,1,1,0,0,9.0,0
CUST-03995,South,74,1,37,two-year,dsl,106.11,0,0,2,3,1,5.2,0
CUST-03996,South,57,3,25,month-to-month,fiber,101.91,0,0,0,4,0,4.1,1
CUST-03997,Northeast,24,4,2,month-to-month,fiber,93.4,1,1,0,0,1,7.7,0
CUST-03998,Northeast,64,3,61,month-to-month,none,71.52,1,0,2,2,0,7.3,1
CUST-03999,Midwest,23,4,53,month-to-month,dsl,101.07,1,1,3,3,0,7.2,0
CUST-04000,South,23,1,38,one-year,fiber,76.29,0,1,1,1,1,7.5,0
CUST-04001,South,47,5,23,two-year,fiber,101.25,1,0,1,0,0,6.4,0
CUST-04002,Northeast,40,4,61,month-to-month,fiber,99.91,0,1,3,1,3,5.7,1
CUST-04003,South,52,4,3,one-year,fiber,121.6,0,1,4,0,1,6.8,0
CUST-04004,South,38,5,33,two-year,dsl,92.21,1,1,2,1,2,5.7,0
CUST-04005,West,68,5,58,one-year,none,57.7,1,1,2,1,0,7.7,0
CUST-04006,South,76,5,69,month-to-month,fiber,111.21,1,0,4,1,1,7.8,0
CUST-04007,Midwest,75,3,19,two-year,fiber,69.51,0,1,0,1,3,7.8,0
CUST-04008,Northeast,46,4,47,month-to-month,fiber,111.45,0,1,4,1,1,7.5,0
CUST-04009,Northeast,49,3,14,one-year,dsl,75.97,1,1,2,0,0,7.9,0
CUST-04010,Midwest,20,1,9,one-year,fiber,87.16,0,1,1,2,0,8.1,0
CUST-04011,South,70,5,26,one-year,fiber,76.74,0,1,3,0,1,7.8,0
CUST-04012,South,33,4,64,month-to-month,none,88.74,0,1,4,1,0,7.4,0
CUST-04013,South,32,4,50,month-to-month,dsl,107.54,0,1,4,1,0,6.7,0
CUST-04014,Midwest,68,4,36,one-year,fiber,112.12,1,0,3,2,0,7.1,0
CUST-04015,South,76,2,21,month-to-month,fiber,124.5,0,1,2,2,0,6.4,0
CUST-04016,West,71,4,11,month-to-month,fiber,80.5,1,1,0,1,0,6.3,0
CUST-04017,Northeast,19,2,20,one-year,none,59.74,1,1,0,2,0,7.9,0
CUST-04018,West,73,4,11,one-year,fiber,130.86,1,1,4,2,1,7.3,0
CUST-04019,West,43,5,14,month-to-month,fiber,89.06,1,0,0,0,0,8.8,0
CUST-04020,Midwest,26,4,50,month-to-month,dsl,86.44,1,1,2,2,0,6.4,0
CUST-04021,Northeast,27,3,10,two-year,fiber,140.21,1,1,2,1,0,8.5,0
CUST-04022,South,59,4,4,month-to-month,fiber,104.23,0,1,3,2,0,5.3,1
CUST-04023,West,66,1,40,month-to-month,dsl,63.76,1,1,1,2,2,7.0,0
CUST-04024,Midwest,42,5,21,month-to-month,fiber,93.9,0,1,3,1,0,7.9,1
CUST-04025,Midwest,54,3,33,month-to-month,none,67.38,1,1,2,1,4,5.6,1
CUST-04026,South,62,3,11,two-year,dsl,103.79,1,1,4,1,1,8.7,0
CUST-04027,Midwest,43,2,16,month-to-month,fiber,95.74,0,1,0,0,0,9.3,1
CUST-04028,South,67,1,32,month-to-month,dsl,120.4,0,1,3,0,1,7.1,0
CUST-04029,South,35,2,50,month-to-month,dsl,102.48,0,1,3,0,0,9.2,0
CUST-04030,Northeast,33,5,30,month-to-month,dsl,70.45,0,1,4,1,0,5.8,0
CUST-04031,Midwest,46,1,40,month-to-month,dsl,104.56,1,1,2,0,0,8.0,0
CUST-04032,West,48,4,38,two-year,fiber,95.67,0,0,1,4,0,3.6,1
CUST-04033,South,36,5,20,one-year,fiber,98.3,1,1,2,1,0,8.7,0
CUST-04034,Northeast,37,4,21,month-to-month,dsl,122.74,1,0,4,2,0,5.6,0
CUST-04035,South,36,2,31,month-to-month,fiber,87.67,0,1,0,0,0,6.1,0
CUST-04036,South,45,2,3,month-to-month,fiber,113.36,0,0,3,4,1,5.6,1
CUST-04037,Midwest,59,2,50,month-to-month,fiber,79.97,0,0,1,1,1,8.0,0
CUST-04038,Northeast,35,1,45,one-year,fiber,90.92,1,1,3,2,3,6.2,0
CUST-04039,West,59,3,23,month-to-month,dsl,80.39,0,0,2,2,1,6.6,1
CUST-04040,Northeast,38,4,27,one-year,dsl,100.95,0,0,4,0,1,9.5,0
CUST-04041,South,29,3,24,two-year,dsl,78.86,1,1,0,3,0,5.9,0
CUST-04042,Northeast,34,1,47,month-to-month,fiber,66.45,1,0,0,1,0,6.7,0
CUST-04043,West,67,5,55,two-year,fiber,136.04,0,0,4,2,1,7.8,0
CUST-04044,South,35,3,8,month-to-month,dsl,70.84,1,0,1,1,0,7.8,0
CUST-04045,West,56,3,30,month-to-month,fiber,93.86,1,0,0,1,0,8.8,1
CUST-04046,Midwest,52,3,1,two-year,dsl,101.34,1,0,4,2,2,5.7,0
CUST-04047,West,59,4,33,month-to-month,dsl,100.05,0,1,2,0,1,6.0,0
CUST-04048,West,54,1,18,one-year,fiber,123.95,1,1,4,0,0,7.2,0
CUST-04049,West,77,2,25,one-year,fiber,135.37,0,1,2,4,0,6.6,0
CUST-04050,Midwest,73,3,33,month-to-month,dsl,78.91,1,1,3,0,1,8.9,0
CUST-04051,West,37,2,24,two-year,fiber,108.31,0,0,2,0,1,8.9,0
CUST-04052,West,41,1,29,month-to-month,dsl,92.05,1,1,2,1,0,8.0,0
CUST-04053,Midwest,39,5,56,two-year,dsl,109.09,1,1,2,1,0,9.0,0
CUST-04054,Midwest,57,2,59,month-to-month,fiber,109.08,1,0,1,1,1,6.8,1
CUST-04055,Midwest,47,2,1,month-to-month,dsl,100.79,1,0,3,0,0,6.3,1
CUST-04056,Northeast,75,5,28,month-to-month,fiber,89.58,0,1,2,0,0,6.4,1
CUST-04057,Midwest,60,2,61,two-year,fiber,78.36,0,0,0,1,0,6.3,0
CUST-04058,West,45,3,39,month-to-month,none,60.28,1,0,1,1,0,5.8,0
CUST-04059,West,37,3,15,two-year,dsl,82.7,0,1,2,1,0,6.4,1
CUST-04060,South,64,5,43,month-to-month,dsl,90.66,0,1,4,1,0,6.5,0
CUST-04061,South,67,5,11,month-to-month,dsl,73.11,1,0,2,3,0,7.0,0
CUST-04062,West,76,3,2,month-to-month,dsl,83.54,0,1,2,5,0,5.4,1
CUST-04063,West,50,1,46,month-to-month,fiber,89.87,0,0,0,1,0,8.7,0
CUST-04064,Northeast,65,5,38,two-year,fiber,81.94,1,0,1,1,0,6.8,0
CUST-04065,Midwest,70,4,55,month-to-month,fiber,87.06,1,1,1,1,0,7.9,0
CUST-04066,South,22,1,25,one-year,fiber,93.13,1,1,2,0,0,9.6,0
CUST-04067,Northeast,26,1,62,one-year,fiber,97.38,0,1,4,1,0,7.2,1
CUST-04068,South,29,2,31,month-to-month,dsl,92.55,1,1,4,1,1,6.9,0
CUST-04069,West,31,5,54,one-year,fiber,104.16,1,1,1,3,0,8.0,0
CUST-04070,South,35,2,8,two-year,dsl,55.64,0,1,3,1,0,7.3,0
CUST-04071,Midwest,18,5,7,one-year,dsl,141.72,1,1,4,2,0,8.6,0
CUST-04072,Midwest,59,1,57,month-to-month,none,72.32,1,1,1,2,0,5.7,0
CUST-04073,South,54,3,61,one-year,fiber,107.83,1,1,2,2,0,8.8,0
CUST-04074,West,58,5,68,one-year,none,67.9,0,0,2,1,1,8.5,0
CUST-04075,Northeast,65,4,24,month-to-month,dsl,83.56,1,1,0,2,1,5.9,1
CUST-04076,West,26,3,2,one-year,fiber,82.12,0,0,2,2,0,6.8,0
CUST-04077,Midwest,37,2,71,month-to-month,fiber,94.06,0,1,0,3,0,5.1,0
CUST-04078,West,44,3,44,one-year,fiber,77.13,0,1,1,0,0,7.8,0
CUST-04079,Northeast,33,2,18,two-year,dsl,53.73,1,1,0,2,0,5.9,0
CUST-04080,West,43,3,55,two-year,dsl,84.92,0,0,3,1,1,5.8,0
CUST-04081,South,45,1,66,one-year,fiber,142.82,1,1,4,0,2,6.8,0
CUST-04082,West,59,2,21,one-year,dsl,61.29,1,1,1,0,1,9.1,0
CUST-04083,South,31,4,56,one-year,fiber,84.74,0,1,0,0,1,6.3,0
CUST-04084,Midwest,33,5,57,month-to-month,fiber,78.43,1,1,2,1,0,8.8,0
CUST-04085,West,35,3,37,month-to-month,dsl,74.95,1,0,0,0,0,8.9,0
CUST-04086,West,32,4,46,month-to-month,none,95.64,0,1,2,2,2,7.4,0
CUST-04087,Northeast,67,3,20,month-to-month,dsl,99.39,1,1,2,0,0,8.4,0
CUST-04088,Northeast,53,1,67,two-year,fiber,82.95,1,0,2,2,0,8.8,0
CUST-04089,Northeast,66,5,71,two-year,fiber,110.62,1,1,2,0,1,6.9,0
CUST-04090,West,22,3,71,month-to-month,fiber,107.44,1,1,2,5,1,6.3,1
CUST-04091,South,60,1,54,month-to-month,fiber,102.26,1,1,0,2,2,9.2,0
CUST-04092,Midwest,58,1,4,one-year,fiber,110.75,1,1,3,0,0,8.2,0
CUST-04093,Midwest,65,2,27,month-to-month,none,63.17,0,0,3,0,1,7.6,0
CUST-04094,South,44,4,33,one-year,dsl,71.37,0,1,0,4,0,5.2,0
CUST-04095,South,62,2,70,two-year,fiber,91.92,1,1,2,1,1,7.7,0
CUST-04096,South,50,3,40,month-to-month,fiber,49.8,0,0,1,0,1,7.8,0
CUST-04097,Northeast,66,1,39,month-to-month,fiber,102.85,0,1,1,5,0,3.0,1
CUST-04098,West,66,5,11,month-to-month,fiber,102.98,0,1,3,0,2,7.9,1
CUST-04099,West,68,5,58,month-to-month,dsl,98.24,1,1,2,2,1,7.7,0
CUST-04100,Midwest,28,5,25,month-to-month,fiber,133.32,1,1,4,0,0,7.3,0
CUST-04101,South,61,4,7,month-to-month,dsl,83.64,0,1,2,2,2,5.9,1
CUST-04102,Northeast,30,1,72,month-to-month,fiber,66.45,0,1,0,1,0,8.1,1
CUST-04103,South,46,1,14,month-to-month,fiber,99.44,0,1,3,2,0,5.9,1
CUST-04104,South,72,1,2,month-to-month,none,64.92,0,1,0,2,1,7.2,1
CUST-04105,Northeast,25,3,6,one-year,fiber,119.99,1,1,1,3,0,7.1,0
CUST-04106,West,62,5,33,month-to-month,fiber,117.43,0,1,4,1,1,9.2,0
CUST-04107,South,36,4,8,two-year,dsl,93.99,1,1,4,0,0,8.3,0
CUST-04108,Midwest,33,3,61,month-to-month,fiber,80.25,0,1,0,2,0,6.3,0
CUST-04109,Midwest,21,4,37,month-to-month,fiber,123.07,0,1,4,3,0,6.4,1
CUST-04110,Northeast,61,3,24,month-to-month,fiber,145.3,1,1,4,1,1,7.4,1
CUST-04111,Midwest,67,4,1,one-year,fiber,111.61,0,0,4,1,1,8.9,0
CUST-04112,Midwest,45,3,35,month-to-month,dsl,94.34,0,0,4,1,1,8.5,0
CUST-04113,South,29,4,11,month-to-month,fiber,90.1,0,1,0,0,0,7.2,0
CUST-04114,Midwest,55,3,71,month-to-month,dsl,57.44,1,0,0,0,0,7.9,0
CUST-04115,West,76,4,21,two-year,dsl,71.42,0,1,3,0,0,7.6,0
CUST-04116,Northeast,65,4,35,month-to-month,fiber,70.17,1,0,0,1,0,6.8,0
CUST-04117,West,63,2,2,month-to-month,fiber,85.5,1,0,1,0,1,4.9,0
CUST-04118,South,20,5,10,two-year,fiber,126.88,1,1,4,5,0,7.2,0
CUST-04119,Northeast,71,3,15,month-to-month,fiber,139.85,1,1,4,0,0,7.5,0
CUST-04120,South,54,4,4,month-to-month,fiber,85.81,1,0,1,0,1,7.4,0
CUST-04121,West,56,3,53,one-year,dsl,91.44,1,1,2,3,1,9.0,0
CUST-04122,Midwest,38,2,69,month-to-month,fiber,106.27,1,0,2,0,0,7.5,0
CUST-04123,South,70,1,71,month-to-month,fiber,97.78,1,0,1,0,0,7.9,0
CUST-04124,West,48,2,20,month-to-month,dsl,104.31,1,1,1,1,0,7.8,0
CUST-04125,West,32,5,57,month-to-month,dsl,114.38,0,1,2,3,0,6.5,1
CUST-04126,West,39,5,37,two-year,fiber,123.17,1,1,3,0,0,7.9,0
CUST-04127,Midwest,31,1,4,one-year,fiber,125.02,0,1,4,1,0,8.7,0
CUST-04128,Midwest,74,3,7,one-year,none,63.44,1,1,4,2,0,7.5,0
CUST-04129,Midwest,66,2,40,month-to-month,fiber,105.61,0,1,0,0,0,8.0,0
CUST-04130,South,53,3,31,one-year,dsl,104.29,0,0,3,1,0,7.0,0
CUST-04131,Midwest,64,4,1,one-year,dsl,100.18,0,0,3,1,1,7.3,0
CUST-04132,Northeast,68,1,67,month-to-month,fiber,76.24,0,0,0,0,0,8.7,0
CUST-04133,Northeast,38,5,53,two-year,fiber,107.58,0,1,4,2,1,7.7,0
CUST-04134,Midwest,33,5,37,one-year,fiber,110.43,0,1,2,2,0,6.7,0
CUST-04135,South,72,5,72,one-year,fiber,124.33,1,0,3,0,0,7.8,0
CUST-04136,South,39,3,70,month-to-month,fiber,140.16,0,0,3,0,2,8.1,1
CUST-04137,West,20,4,71,month-to-month,dsl,66.21,1,0,1,0,0,8.4,0
CUST-04138,Midwest,65,5,19,one-year,dsl,78.4,1,1,1,2,0,8.1,0
CUST-04139,Northeast,31,1,64,one-year,none,31.51,0,1,1,1,0,6.8,0
CUST-04140,West,32,1,37,month-to-month,none,46.58,0,1,3,1,1,7.0,0
CUST-04141,West,60,5,53,month-to-month,dsl,103.87,1,1,3,1,0,8.3,0
CUST-04142,Northeast,77,2,62,one-year,fiber,93.39,0,0,3,0,0,7.6,0
CUST-04143,West,23,1,12,month-to-month,fiber,60.75,1,1,0,2,1,8.4,1
CUST-04144,South,57,2,33,month-to-month,dsl,56.07,1,1,0,2,0,8.5,0
CUST-04145,South,37,4,10,one-year,dsl,97.84,1,0,3,3,0,6.6,0
CUST-04146,Midwest,71,2,21,month-to-month,fiber,121.5,0,1,4,1,0,7.1,0
CUST-04147,West,71,2,30,month-to-month,dsl,58.68,1,1,1,0,0,8.4,0
CUST-04148,South,24,5,62,month-to-month,fiber,122.69,0,0,2,2,2,6.4,0
CUST-04149,Midwest,20,5,63,two-year,fiber,112.35,1,1,4,4,0,7.3,0
CUST-04150,Northeast,42,3,29,month-to-month,dsl,79.94,1,1,1,1,0,6.8,0
CUST-04151,Northeast,21,2,24,one-year,fiber,103.63,0,1,2,2,1,6.1,0
CUST-04152,Midwest,38,5,39,two-year,dsl,70.75,1,1,0,3,1,6.8,0
CUST-04153,Northeast,28,4,66,one-year,dsl,67.25,1,0,1,0,0,8.9,0
CUST-04154,Northeast,76,4,71,month-to-month,dsl,81.98,1,1,1,2,0,7.0,0
CUST-04155,Northeast,60,2,17,month-to-month,fiber,109.13,0,0,3,2,2,7.1,1
CUST-04156,South,26,2,14,month-to-month,dsl,80.98,1,0,1,4,0,7.1,1
CUST-04157,Northeast,55,1,51,one-year,fiber,116.33,0,0,2,1,1,8.1,0
CUST-04158,West,62,3,22,two-year,dsl,98.38,0,1,1,1,0,8.0,0
CUST-04159,South,66,1,15,one-year,fiber,78.59,1,1,0,1,2,7.2,0
CUST-04160,South,55,5,3,month-to-month,none,91.34,1,1,3,2,0,7.1,0
CUST-04161,Northeast,53,2,30,month-to-month,dsl,90.22,0,1,3,2,0,5.5,0
CUST-04162,Northeast,69,4,29,two-year,fiber,129.03,1,1,3,1,1,6.6,0
CUST-04163,South,33,1,41,month-to-month,fiber,86.52,0,1,2,2,2,7.4,1
CUST-04164,West,76,2,15,two-year,fiber,100.44,1,1,0,0,0,10.0,0
CUST-04165,Midwest,30,2,52,month-to-month,dsl,81.39,1,0,2,1,0,6.3,0
CUST-04166,Northeast,66,5,49,one-year,dsl,133.13,0,0,3,0,1,8.4,0
CUST-04167,Northeast,75,5,34,one-year,dsl,100.66,1,1,2,1,1,6.3,0
CUST-04168,South,33,3,14,month-to-month,none,100.88,1,1,3,1,0,9.0,0
CUST-04169,South,57,1,37,month-to-month,fiber,91.29,1,0,1,1,0,7.5,0
CUST-04170,West,68,5,49,two-year,dsl,105.5,1,1,2,1,0,10.0,1
CUST-04171,Northeast,35,2,27,month-to-month,fiber,109.04,1,1,1,1,0,7.0,1
CUST-04172,West,49,4,19,month-to-month,dsl,106.98,1,1,4,1,1,6.8,1
CUST-04173,South,66,2,37,month-to-month,fiber,106.87,0,0,0,2,0,7.1,0
CUST-04174,South,57,3,26,month-to-month,dsl,32.16,0,0,1,1,1,7.9,1
CUST-04175,Northeast,66,1,29,one-year,fiber,100.11,1,0,3,3,1,7.3,0
CUST-04176,Midwest,34,3,26,month-to-month,fiber,102.14,1,1,0,1,0,8.4,0
CUST-04177,Midwest,48,4,22,month-to-month,fiber,102.63,1,1,2,1,0,7.3,0
CUST-04178,South,66,5,52,two-year,none,75.71,0,0,0,0,2,8.6,0
CUST-04179,West,31,5,34,month-to-month,fiber,93.18,1,0,2,0,0,10.0,0
CUST-04180,West,44,5,34,month-to-month,fiber,91.73,0,1,1,0,1,8.3,0
CUST-04181,West,49,5,48,one-year,fiber,104.86,0,0,0,1,0,6.9,1
CUST-04182,Midwest,66,3,27,two-year,fiber,118.06,1,1,2,0,0,8.8,0
CUST-04183,Midwest,63,2,8,one-year,dsl,89.26,0,1,1,0,1,6.2,0
CUST-04184,Midwest,43,1,62,one-year,none,53.1,1,1,0,0,0,9.1,0
CUST-04185,Midwest,75,1,5,month-to-month,dsl,128.49,0,0,2,1,1,5.5,1
CUST-04186,Northeast,54,1,42,month-to-month,dsl,86.86,1,1,2,0,0,8.7,0
CUST-04187,Midwest,55,4,20,two-year,fiber,116.36,1,1,3,0,0,8.4,0
CUST-04188,Northeast,24,2,16,two-year,fiber,139.88,0,1,4,3,1,7.2,0
CUST-04189,Midwest,31,3,4,one-year,dsl,119.16,1,1,3,2,0,7.4,0
CUST-04190,Northeast,23,2,65,month-to-month,dsl,109.31,1,1,3,1,1,8.6,0
CUST-04191,Northeast,18,3,31,month-to-month,fiber,99.87,0,0,3,0,0,8.4,1
CUST-04192,Midwest,75,3,25,month-to-month,dsl,97.74,1,1,3,2,0,8.0,0
CUST-04193,West,34,3,54,two-year,fiber,118.24,1,1,3,1,1,7.3,0
CUST-04194,Midwest,61,1,3,one-year,fiber,142.67,0,1,3,3,1,5.9,1
CUST-04195,Northeast,49,5,41,month-to-month,fiber,145.23,1,1,2,0,0,6.8,0
CUST-04196,South,28,3,36,month-to-month,dsl,85.04,1,1,3,1,0,6.5,1
CUST-04197,South,66,4,40,month-to-month,dsl,116.52,0,0,4,2,0,6.8,1
CUST-04198,Northeast,53,5,9,month-to-month,dsl,83.46,0,0,2,1,1,7.1,0
CUST-04199,West,63,1,69,one-year,dsl,76.07,1,1,1,0,1,8.6,0
CUST-04200,South,64,2,18,one-year,dsl,70.56,1,1,2,4,0,5.6,0
CUST-04201,West,67,3,49,month-to-month,fiber,116.46,0,0,0,3,1,6.1,0
CUST-04202,Northeast,53,4,54,one-year,dsl,90.6,0,1,1,2,1,8.1,0
CUST-04203,South,27,3,25,two-year,fiber,126.46,0,1,4,2,0,7.5,0
CUST-04204,West,44,1,10,month-to-month,fiber,90.85,1,1,0,0,1,7.9,1
CUST-04205,South,62,4,22,month-to-month,fiber,129.77,0,0,4,1,0,7.6,0
CUST-04206,West,68,4,59,month-to-month,fiber,101.11,1,0,2,2,0,8.1,0
CUST-04207,West,49,1,66,month-to-month,dsl,75.78,0,1,1,1,0,7.5,0
CUST-04208,Midwest,21,5,68,month-to-month,fiber,77.11,1,1,2,3,0,6.0,0
CUST-04209,Northeast,77,5,17,one-year,fiber,101.24,1,0,4,1,0,7.4,0
CUST-04210,West,56,2,44,month-to-month,dsl,54.88,1,1,0,1,1,6.8,1
CUST-04211,South,51,4,11,month-to-month,dsl,91.89,0,1,2,1,1,6.5,0
CUST-04212,Midwest,46,5,52,two-year,fiber,85.1,1,1,1,2,1,7.8,0
CUST-04213,Midwest,43,3,30,month-to-month,fiber,116.74,1,1,2,0,0,9.6,0
CUST-04214,South,56,1,52,one-year,fiber,123.07,1,1,3,3,0,6.4,0
CUST-04215,Northeast,55,3,50,one-year,dsl,76.19,0,1,4,1,0,6.8,0
CUST-04216,Midwest,35,2,72,two-year,dsl,75.95,0,1,1,1,0,6.5,0
CUST-04217,Midwest,41,5,36,one-year,fiber,86.7,1,0,3,2,0,8.9,0
CUST-04218,Northeast,27,1,25,two-year,dsl,68.32,0,1,2,1,0,8.5,0
CUST-04219,Northeast,36,5,38,one-year,dsl,79.4,1,1,2,0,1,7.6,0
CUST-04220,Northeast,76,2,12,month-to-month,none,52.51,0,1,0,3,0,6.3,1
CUST-04221,South,33,2,9,month-to-month,fiber,155.15,0,1,4,0,0,9.1,1
CUST-04222,Midwest,69,2,38,month-to-month,dsl,85.45,1,1,0,1,1,7.2,0
CUST-04223,Midwest,44,1,60,month-to-month,dsl,71.02,0,0,0,3,0,7.0,0
CUST-04224,Northeast,72,4,39,month-to-month,fiber,124.46,0,1,3,2,1,6.4,1
CUST-04225,West,52,4,57,month-to-month,fiber,95.79,1,0,2,1,1,7.0,0
CUST-04226,West,64,2,13,month-to-month,fiber,79.6,1,0,0,1,0,5.2,0
CUST-04227,Northeast,41,1,33,month-to-month,fiber,121.11,1,1,3,1,0,7.2,1
CUST-04228,Northeast,21,5,45,month-to-month,dsl,65.21,0,1,1,4,0,5.2,1
CUST-04229,West,39,4,26,one-year,dsl,109.03,1,1,4,0,0,8.9,0
CUST-04230,South,55,2,2,one-year,fiber,112.69,1,1,4,3,0,7.0,0
CUST-04231,South,32,4,6,one-year,dsl,90.64,0,1,2,0,0,8.4,0
CUST-04232,South,40,2,67,month-to-month,fiber,131.45,1,1,2,0,2,8.5,0
CUST-04233,West,20,4,44,two-year,none,90.31,1,1,2,1,0,5.8,0
CUST-04234,Northeast,38,3,20,one-year,fiber,119.97,1,0,3,2,1,7.1,0
CUST-04235,West,23,1,19,month-to-month,dsl,81.45,0,1,4,1,0,6.2,1
CUST-04236,Northeast,32,4,3,two-year,none,86.94,1,1,3,0,1,7.1,0
CUST-04237,West,41,1,69,month-to-month,dsl,70.79,1,0,0,0,0,7.8,0
CUST-04238,South,28,5,8,one-year,dsl,78.78,1,0,0,0,1,8.2,0
CUST-04239,West,22,1,55,one-year,fiber,104.48,1,0,3,1,2,7.9,0
CUST-04240,Northeast,26,5,18,month-to-month,dsl,89.13,1,1,1,2,1,7.1,0
CUST-04241,South,57,2,25,one-year,dsl,74.16,1,1,2,2,1,6.4,0
CUST-04242,Northeast,25,3,20,month-to-month,fiber,112.23,1,1,2,2,0,6.8,0
CUST-04243,Midwest,20,5,60,month-to-month,none,53.53,1,0,2,2,2,7.8,0
CUST-04244,Northeast,60,5,3,month-to-month,fiber,70.1,1,1,1,1,2,8.5,0
CUST-04245,South,45,3,26,month-to-month,fiber,86.88,0,1,0,2,1,6.2,0
CUST-04246,Midwest,73,2,21,month-to-month,none,66.49,1,1,1,2,0,7.1,1
CUST-04247,South,41,4,20,one-year,fiber,103.93,0,1,3,2,0,6.3,1
CUST-04248,West,40,5,14,month-to-month,fiber,118.43,1,1,3,1,1,8.2,0
CUST-04249,Midwest,20,2,66,month-to-month,fiber,102.82,1,1,4,0,0,10.0,0
CUST-04250,West,24,2,28,one-year,dsl,56.4,1,1,0,2,0,6.9,0
CUST-04251,Midwest,68,5,31,month-to-month,dsl,80.46,0,1,0,0,0,8.9,0
CUST-04252,South,31,2,28,month-to-month,fiber,75.79,1,1,0,1,0,8.2,0
CUST-04253,South,22,3,71,one-year,dsl,89.86,0,1,2,1,0,7.5,0
CUST-04254,Midwest,62,2,25,two-year,dsl,63.49,1,0,2,4,2,5.1,0
CUST-04255,West,77,3,25,month-to-month,dsl,79.1,1,1,0,4,0,8.1,0
CUST-04256,West,38,3,24,month-to-month,dsl,103.6,1,1,2,2,1,7.4,0
CUST-04257,Northeast,41,3,24,one-year,none,70.04,0,1,0,4,0,6.9,0
CUST-04258,South,57,3,7,two-year,fiber,119.82,1,1,3,2,0,7.2,0
CUST-04259,Midwest,24,2,44,month-to-month,fiber,117.64,1,1,2,0,0,8.2,0
CUST-04260,West,30,1,2,month-to-month,dsl,81.51,1,1,0,1,0,6.5,0
CUST-04261,South,70,4,17,month-to-month,fiber,88.02,1,0,0,3,0,7.1,0
CUST-04262,West,63,2,15,one-year,fiber,111.59,1,1,3,1,1,7.3,0
CUST-04263,West,26,1,21,two-year,fiber,126.49,0,0,4,1,0,6.7,0
CUST-04264,Northeast,57,3,55,one-year,fiber,119.18,0,0,4,2,0,6.3,0
CUST-04265,South,75,5,44,month-to-month,none,95.04,1,1,2,5,1,7.3,0
CUST-04266,South,31,4,72,one-year,fiber,116.17,1,1,2,1,0,7.6,0
CUST-04267,West,30,3,26,two-year,dsl,84.4,0,1,4,0,1,8.3,0
CUST-04268,West,73,5,67,month-to-month,dsl,109.67,1,0,4,1,0,6.5,1
CUST-04269,Northeast,75,4,4,one-year,fiber,97.11,1,1,4,1,0,7.7,0
CUST-04270,Northeast,49,5,37,month-to-month,fiber,110.49,0,1,1,0,0,6.6,1
CUST-04271,South,46,5,58,month-to-month,fiber,117.86,1,1,2,1,0,7.9,0
CUST-04272,Northeast,31,3,39,one-year,fiber,80.09,1,0,0,0,1,7.4,0
CUST-04273,Midwest,21,1,68,month-to-month,fiber,67.97,1,1,0,1,0,8.3,0
CUST-04274,South,52,3,23,two-year,dsl,82.68,0,0,1,3,1,4.7,1
CUST-04275,South,27,5,3,month-to-month,fiber,99.67,1,1,4,1,1,6.7,0
CUST-04276,Northeast,42,4,56,month-to-month,fiber,87.93,1,0,2,1,0,8.6,0
CUST-04277,Northeast,74,2,5,month-to-month,fiber,102.21,1,0,2,0,1,9.2,0
CUST-04278,Northeast,73,5,56,month-to-month,fiber,127.8,1,1,4,0,1,7.9,0
CUST-04279,Northeast,45,5,53,month-to-month,fiber,81.34,1,1,2,0,1,7.5,0
CUST-04280,South,36,4,61,one-year,none,51.81,0,1,1,0,1,8.1,0
CUST-04281,Northeast,76,1,35,month-to-month,fiber,146.75,1,1,3,0,0,9.9,0
CUST-04282,West,71,4,65,month-to-month,dsl,109.56,1,1,1,3,0,6.2,0
CUST-04283,South,54,5,13,one-year,dsl,94.24,0,1,1,0,0,8.2,0
CUST-04284,Northeast,62,3,32,month-to-month,dsl,108.08,0,1,4,1,0,6.4,0
CUST-04285,Midwest,44,4,9,one-year,dsl,104.47,1,1,2,2,0,6.7,0
CUST-04286,West,58,5,56,month-to-month,fiber,87.36,1,1,1,4,0,6.3,0
CUST-04287,South,51,4,52,month-to-month,dsl,63.41,0,0,4,1,1,7.9,0
CUST-04288,West,29,4,59,one-year,fiber,93.18,0,1,3,1,0,7.9,0
CUST-04289,South,22,3,56,one-year,dsl,89.48,1,1,3,0,1,8.9,0
CUST-04290,South,23,1,23,two-year,fiber,101.33,0,1,1,2,0,6.2,0
CUST-04291,South,65,2,5,month-to-month,dsl,96.63,1,1,3,0,2,6.6,0
CUST-04292,West,69,3,67,month-to-month,dsl,126.84,1,1,4,1,0,8.3,0
CUST-04293,Midwest,48,4,36,one-year,dsl,75.11,1,1,0,0,0,8.0,0
CUST-04294,Midwest,52,2,7,one-year,fiber,89.39,1,1,0,1,0,6.8,0
CUST-04295,South,73,2,67,one-year,dsl,97.97,1,1,2,0,0,8.6,0
CUST-04296,Northeast,75,2,72,one-year,dsl,106.27,1,0,3,1,0,8.0,0
CUST-04297,West,60,2,33,one-year,fiber,85.0,1,1,0,2,2,6.7,0
CUST-04298,Northeast,48,4,56,month-to-month,fiber,93.17,1,1,2,0,1,9.3,1
CUST-04299,Midwest,44,1,3,one-year,fiber,103.5,1,0,0,3,0,8.5,0
CUST-04300,Midwest,53,4,7,month-to-month,fiber,92.49,1,0,4,1,1,8.2,1
CUST-04301,Midwest,62,1,20,month-to-month,dsl,71.36,1,1,3,2,1,7.1,0
CUST-04302,West,77,5,48,one-year,fiber,118.51,1,1,4,3,0,8.0,0
CUST-04303,Northeast,57,4,10,month-to-month,dsl,73.03,0,1,1,0,0,8.0,0
CUST-04304,Northeast,60,5,3,month-to-month,dsl,93.81,1,0,3,2,0,6.8,0
CUST-04305,South,19,2,49,two-year,dsl,83.45,0,0,1,3,1,5.8,0
CUST-04306,Midwest,39,3,56,one-year,dsl,78.92,1,1,0,1,1,6.9,0
CUST-04307,Northeast,34,3,54,month-to-month,dsl,72.58,1,0,2,1,0,8.4,0
CUST-04308,West,67,1,58,two-year,fiber,107.58,0,1,2,2,0,5.7,0
CUST-04309,Midwest,33,4,58,month-to-month,fiber,92.16,1,1,2,1,0,7.0,0
CUST-04310,West,35,1,44,one-year,dsl,135.32,0,0,4,1,0,7.3,0
CUST-04311,South,57,5,38,month-to-month,none,65.03,1,1,1,0,0,6.8,0
CUST-04312,West,49,5,62,month-to-month,fiber,119.64,1,0,3,1,0,7.2,0
CUST-04313,South,42,2,26,month-to-month,none,75.01,1,1,0,3,0,6.5,0
CUST-04314,Northeast,32,2,8,month-to-month,none,91.79,1,1,4,0,0,9.0,0
CUST-04315,West,71,1,55,month-to-month,fiber,87.69,1,1,2,1,3,6.3,0
CUST-04316,Northeast,77,2,20,month-to-month,dsl,103.71,1,1,3,2,0,7.1,0
CUST-04317,Midwest,21,2,71,one-year,dsl,57.29,1,0,1,1,0,6.6,0
CUST-04318,Northeast,74,4,30,month-to-month,fiber,82.03,0,1,1,1,1,6.0,1
CUST-04319,Midwest,67,4,62,month-to-month,fiber,123.21,1,0,4,0,1,6.1,0
CUST-04320,South,70,1,4,two-year,fiber,90.19,1,1,0,0,2,8.8,0
CUST-04321,Northeast,44,1,48,one-year,dsl,70.04,0,0,2,2,0,6.8,0
CUST-04322,West,42,4,33,two-year,fiber,88.22,1,1,1,1,0,8.1,0
CUST-04323,South,54,3,34,month-to-month,dsl,68.78,1,0,1,2,0,7.5,1
CUST-04324,Midwest,61,5,20,month-to-month,dsl,136.66,1,1,3,1,0,8.3,0
CUST-04325,Northeast,74,4,70,one-year,dsl,115.13,0,0,3,1,0,9.5,0
CUST-04326,West,33,4,29,one-year,fiber,89.86,1,0,2,1,0,7.9,0
CUST-04327,Midwest,75,5,62,month-to-month,fiber,103.72,1,0,3,2,1,6.1,1
CUST-04328,South,41,3,31,two-year,fiber,95.58,0,0,0,1,1,8.0,0
CUST-04329,West,57,4,4,one-year,fiber,76.75,1,1,1,1,1,9.8,0
CUST-04330,South,66,1,64,one-year,fiber,110.7,1,1,3,4,0,5.8,1
CUST-04331,South,57,1,14,month-to-month,fiber,102.75,0,0,3,0,1,6.9,1
CUST-04332,South,21,2,20,one-year,fiber,85.38,1,1,0,0,1,5.9,0
CUST-04333,Midwest,70,2,62,month-to-month,dsl,118.94,0,1,4,3,0,4.3,0
CUST-04334,South,20,2,65,two-year,fiber,92.87,1,0,2,0,1,9.5,0
CUST-04335,Midwest,50,4,67,month-to-month,fiber,95.74,1,1,1,0,1,7.7,0
CUST-04336,West,57,2,31,month-to-month,dsl,95.8,1,1,2,1,1,6.3,1
CUST-04337,Midwest,33,4,55,month-to-month,dsl,100.52,1,1,1,0,0,8.1,0
CUST-04338,Midwest,64,1,24,one-year,none,77.25,0,1,2,0,0,10.0,0
CUST-04339,Midwest,53,2,54,two-year,dsl,105.86,0,1,0,1,0,7.7,0
CUST-04340,West,41,3,37,two-year,fiber,86.58,1,1,0,2,0,9.1,1
CUST-04341,Midwest,27,5,4,one-year,none,85.67,0,1,4,3,0,5.7,1
CUST-04342,West,58,2,31,two-year,dsl,107.25,0,1,3,0,1,9.3,0
CUST-04343,Midwest,24,3,34,one-year,dsl,112.43,0,1,1,0,0,7.7,0
CUST-04344,Northeast,72,3,19,month-to-month,dsl,91.13,1,1,4,3,2,5.3,1
CUST-04345,West,24,1,27,one-year,fiber,136.51,1,1,3,2,1,6.3,0
CUST-04346,Northeast,23,2,37,month-to-month,fiber,124.25,0,1,3,0,1,7.3,0
CUST-04347,Midwest,30,2,4,month-to-month,dsl,80.84,0,0,3,1,0,8.2,0
CUST-04348,Midwest,67,3,11,month-to-month,fiber,119.57,0,0,4,2,0,6.3,0
CUST-04349,Midwest,68,1,56,month-to-month,fiber,113.92,0,0,4,0,0,8.8,0
CUST-04350,South,52,4,26,two-year,fiber,81.92,0,0,1,3,0,5.9,0
CUST-04351,South,65,3,44,two-year,fiber,113.89,1,1,3,2,0,7.3,0
CUST-04352,Northeast,43,1,41,month-to-month,fiber,97.49,1,1,0,1,1,6.8,0
CUST-04353,Northeast,77,2,40,one-year,fiber,111.02,0,0,2,1,1,9.0,0
CUST-04354,Northeast,21,3,30,month-to-month,none,57.45,1,1,0,2,1,7.2,0
CUST-04355,West,54,2,35,month-to-month,fiber,82.9,1,0,0,1,0,7.8,0
CUST-04356,West,41,4,60,month-to-month,fiber,151.3,0,1,3,0,0,7.6,0
CUST-04357,Northeast,39,4,70,month-to-month,fiber,92.19,0,1,1,0,0,7.3,0
CUST-04358,West,65,4,19,month-to-month,dsl,87.56,1,0,0,1,0,6.6,1
CUST-04359,Midwest,64,4,49,month-to-month,dsl,118.62,0,1,4,3,0,7.4,0
CUST-04360,South,50,5,70,month-to-month,dsl,122.95,1,1,4,1,0,6.1,0
CUST-04361,Northeast,70,3,1,month-to-month,none,55.82,1,1,1,0,0,7.8,0
CUST-04362,Midwest,28,4,57,two-year,none,74.49,1,1,2,1,1,8.4,0
CUST-04363,Northeast,22,2,36,month-to-month,dsl,71.07,0,1,1,3,0,4.7,0
CUST-04364,Northeast,31,4,70,month-to-month,dsl,84.56,0,0,4,4,0,5.8,0
CUST-04365,Northeast,23,3,42,month-to-month,fiber,109.4,1,1,3,1,0,6.8,0
CUST-04366,Northeast,68,5,61,month-to-month,dsl,81.11,1,0,2,0,0,8.1,0
CUST-04367,Northeast,48,1,12,month-to-month,fiber,94.08,0,1,4,3,0,6.0,0
CUST-04368,South,43,5,11,month-to-month,dsl,86.61,1,1,3,0,0,6.1,0
CUST-04369,West,47,2,67,one-year,fiber,76.75,0,0,0,0,1,8.5,0
CUST-04370,South,23,5,38,one-year,fiber,114.44,1,1,2,4,0,5.4,0
CUST-04371,Northeast,56,2,41,one-year,fiber,101.87,1,1,4,2,0,6.9,0
CUST-04372,West,76,4,13,one-year,dsl,76.95,1,1,2,1,0,7.9,0
CUST-04373,South,26,2,17,month-to-month,dsl,61.83,1,1,0,2,0,7.3,0
CUST-04374,Northeast,33,5,59,month-to-month,fiber,129.39,1,1,3,2,1,7.2,0
CUST-04375,Midwest,64,4,22,month-to-month,fiber,92.38,1,0,2,2,0,7.7,0
CUST-04376,Midwest,65,2,43,month-to-month,fiber,127.98,0,1,1,0,0,5.6,0
CUST-04377,South,34,1,23,month-to-month,dsl,105.75,1,1,4,0,1,8.3,0
CUST-04378,West,18,5,19,month-to-month,fiber,125.73,0,0,4,0,1,7.6,1
CUST-04379,Midwest,61,5,12,one-year,fiber,119.35,0,1,2,1,0,7.2,0
CUST-04380,Northeast,33,1,67,month-to-month,dsl,83.68,1,1,3,2,0,7.2,0
CUST-04381,South,66,2,68,month-to-month,dsl,73.83,0,1,1,1,1,7.9,0
CUST-04382,Midwest,38,2,9,one-year,dsl,99.15,0,0,3,1,0,6.9,0
CUST-04383,Midwest,76,2,26,month-to-month,dsl,113.0,1,1,4,0,0,9.4,0
CUST-04384,South,69,1,41,one-year,none,47.67,0,1,1,4,2,6.5,0
CUST-04385,South,22,4,28,two-year,fiber,126.11,1,0,4,1,0,8.2,0
CUST-04386,Northeast,62,4,52,two-year,fiber,87.4,0,0,0,3,0,5.4,0
CUST-04387,Midwest,61,4,19,month-to-month,none,68.26,1,1,2,2,1,8.7,0
CUST-04388,Northeast,36,3,5,month-to-month,fiber,91.75,1,1,0,1,0,7.8,0
CUST-04389,South,73,5,25,one-year,dsl,40.06,0,1,2,2,0,7.2,0
CUST-04390,West,65,4,44,one-year,fiber,124.53,1,1,3,1,1,7.8,0
CUST-04391,West,33,1,14,one-year,fiber,125.98,0,0,4,0,0,8.7,0
CUST-04392,South,66,3,59,month-to-month,fiber,81.57,0,1,0,3,1,6.8,0
CUST-04393,Northeast,60,1,1,month-to-month,dsl,76.42,0,1,4,1,0,7.3,0
CUST-04394,Northeast,48,3,5,month-to-month,dsl,97.39,0,0,4,1,0,6.2,0
CUST-04395,West,71,2,37,month-to-month,fiber,100.9,0,1,0,2,1,7.4,0
CUST-04396,South,48,5,37,month-to-month,fiber,113.8,1,1,4,2,1,6.0,1
CUST-04397,Northeast,34,5,22,two-year,fiber,118.53,1,0,4,2,0,6.4,1
CUST-04398,West,48,3,19,month-to-month,fiber,79.78,1,1,0,2,0,6.9,0
CUST-04399,South,47,4,6,one-year,fiber,92.49,1,1,0,0,0,8.0,0
CUST-04400,Midwest,28,4,48,two-year,none,63.3,1,1,3,3,1,6.9,0
CUST-04401,Northeast,52,3,28,month-to-month,fiber,99.41,0,0,2,1,0,7.8,1
CUST-04402,West,66,5,9,month-to-month,fiber,122.92,0,0,1,0,1,7.2,1
CUST-04403,South,70,4,29,one-year,fiber,91.42,1,1,2,1,0,8.0,1
CUST-04404,West,60,2,68,month-to-month,fiber,91.9,1,1,1,1,1,6.9,1
CUST-04405,South,47,2,19,month-to-month,fiber,131.98,0,0,4,0,2,8.0,1
CUST-04406,Northeast,68,3,65,one-year,dsl,91.05,0,1,1,1,1,7.8,0
CUST-04407,South,73,5,19,one-year,dsl,77.75,1,0,0,3,0,7.4,0
CUST-04408,Northeast,66,1,14,one-year,dsl,103.72,1,1,4,0,0,8.2,0
CUST-04409,Midwest,65,3,19,two-year,fiber,126.59,1,1,4,2,2,7.1,0
CUST-04410,South,65,3,24,month-to-month,dsl,106.24,1,0,4,0,0,8.6,0
CUST-04411,Northeast,47,5,9,one-year,none,104.28,1,1,4,2,0,8.0,0
CUST-04412,South,64,4,43,one-year,dsl,69.12,0,1,0,0,0,8.8,0
CUST-04413,Midwest,40,2,25,one-year,none,64.76,1,1,3,2,1,7.0,0
CUST-04414,Midwest,74,1,52,one-year,fiber,76.76,1,1,1,1,0,6.9,0
CUST-04415,Northeast,71,1,36,one-year,none,60.21,1,0,2,2,0,7.8,0
CUST-04416,Midwest,54,1,32,two-year,dsl,74.29,1,0,2,2,0,7.8,0
CUST-04417,South,61,3,34,month-to-month,dsl,86.88,0,1,4,2,2,5.3,1
CUST-04418,South,67,4,12,one-year,dsl,69.64,0,1,2,1,0,8.4,0
CUST-04419,West,52,4,52,month-to-month,none,68.76,0,0,1,2,0,6.9,0
CUST-04420,West,66,4,8,one-year,fiber,64.6,0,1,0,2,2,6.5,0
CUST-04421,Northeast,62,3,52,one-year,dsl,89.38,0,0,2,2,0,7.3,1
CUST-04422,South,34,3,72,one-year,dsl,111.94,1,0,4,2,1,7.9,0
CUST-04423,South,27,5,56,month-to-month,dsl,129.63,1,1,3,2,1,8.2,0
CUST-04424,Midwest,51,2,33,month-to-month,dsl,92.29,1,1,4,2,1,6.7,0
CUST-04425,Midwest,18,3,23,month-to-month,fiber,88.93,1,1,0,1,0,7.3,0
CUST-04426,South,61,2,63,month-to-month,fiber,88.7,1,0,2,0,0,8.6,0
CUST-04427,Midwest,59,2,19,month-to-month,fiber,93.03,1,1,3,1,0,6.3,1
CUST-04428,Midwest,24,1,35,two-year,dsl,106.38,0,0,4,4,0,6.8,0
CUST-04429,West,36,4,56,month-to-month,dsl,67.45,0,1,1,1,0,6.1,1
CUST-04430,West,49,3,67,two-year,dsl,76.21,0,1,3,0,3,6.2,0
CUST-04431,South,61,2,67,month-to-month,dsl,86.45,1,1,1,0,0,9.5,0
CUST-04432,Northeast,18,4,7,one-year,dsl,67.83,0,1,2,2,1,5.0,0
CUST-04433,West,51,1,65,one-year,fiber,116.53,0,1,3,3,1,7.5,0
CUST-04434,South,32,5,9,one-year,dsl,114.36,1,0,4,1,0,9.3,0
CUST-04435,West,41,1,43,one-year,none,64.0,1,0,2,2,1,7.4,0
CUST-04436,Midwest,47,3,67,one-year,dsl,104.33,1,1,2,1,0,8.4,0
CUST-04437,Midwest,29,2,48,two-year,none,98.81,1,0,4,1,0,6.5,0
CUST-04438,West,36,1,69,one-year,none,82.64,1,0,2,3,0,6.4,0
CUST-04439,West,42,1,25,month-to-month,fiber,60.76,1,0,1,3,1,6.5,1
CUST-04440,Midwest,64,2,23,month-to-month,dsl,57.26,0,1,1,0,1,7.9,0
CUST-04441,Midwest,35,4,24,one-year,dsl,118.13,1,1,3,0,0,8.8,0
CUST-04442,Northeast,56,4,26,month-to-month,fiber,129.31,1,1,3,0,0,8.4,0
CUST-04443,Northeast,39,5,50,month-to-month,fiber,129.63,0,1,2,1,0,7.3,0
CUST-04444,Midwest,34,4,33,one-year,fiber,124.76,1,1,0,2,0,6.3,0
CUST-04445,South,24,3,54,month-to-month,fiber,111.91,1,0,0,0,1,8.2,1
CUST-04446,Midwest,19,4,30,one-year,dsl,89.37,1,1,1,1,0,6.9,0
CUST-04447,Midwest,38,5,23,one-year,fiber,98.2,1,1,0,2,1,6.8,1
CUST-04448,Northeast,33,3,14,one-year,fiber,95.56,0,1,2,0,0,9.5,0
CUST-04449,Northeast,63,3,40,one-year,dsl,88.86,0,1,2,3,1,4.9,0
CUST-04450,Midwest,49,1,65,two-year,fiber,108.37,0,1,1,0,0,8.1,0
CUST-04451,West,21,1,62,one-year,dsl,112.11,1,0,4,1,0,8.7,0
CUST-04452,Midwest,63,5,19,two-year,fiber,95.65,1,0,1,2,0,7.9,0
CUST-04453,Midwest,41,5,35,month-to-month,fiber,79.28,1,1,4,2,0,7.3,0
CUST-04454,South,54,2,51,one-year,none,33.73,1,0,0,0,1,7.6,0
CUST-04455,Northeast,25,5,45,one-year,dsl,108.08,1,0,3,0,1,9.4,0
CUST-04456,Northeast,21,1,5,month-to-month,dsl,101.39,0,1,4,0,0,6.7,1
CUST-04457,West,24,5,43,month-to-month,dsl,103.32,0,1,4,3,0,6.8,1
CUST-04458,West,45,3,3,one-year,fiber,82.91,1,1,2,2,0,7.5,0
CUST-04459,South,71,3,9,month-to-month,dsl,97.68,1,0,1,0,0,7.4,0
CUST-04460,Northeast,75,4,48,two-year,fiber,84.2,0,1,1,1,1,7.0,0
CUST-04461,West,66,2,8,month-to-month,fiber,125.73,1,0,2,0,0,9.7,0
CUST-04462,South,72,3,25,month-to-month,fiber,98.13,1,1,4,1,0,6.5,1
CUST-04463,Northeast,64,2,43,one-year,dsl,83.29,0,0,1,1,1,5.8,0
CUST-04464,Midwest,62,4,48,month-to-month,fiber,105.78,1,0,4,2,0,6.4,0
CUST-04465,Northeast,43,3,33,month-to-month,fiber,116.2,1,1,4,0,0,8.5,0
CUST-04466,Northeast,35,3,7,one-year,fiber,102.46,1,0,0,2,1,8.4,0
CUST-04467,Midwest,55,4,58,month-to-month,dsl,117.74,0,1,4,1,0,7.3,0
CUST-04468,Northeast,19,5,69,month-to-month,fiber,90.42,0,0,2,1,1,5.6,0
CUST-04469,West,28,5,64,one-year,fiber,101.31,0,1,3,0,0,8.3,0
CUST-04470,West,45,4,54,one-year,fiber,80.09,1,0,1,2,1,7.9,0
CUST-04471,West,55,1,29,one-year,dsl,54.47,1,1,1,0,2,8.2,0
CUST-04472,Midwest,40,4,64,month-to-month,fiber,101.22,1,0,2,2,0,7.4,0
CUST-04473,Midwest,64,4,36,month-to-month,none,37.53,1,0,0,0,0,6.4,0
CUST-04474,South,58,1,10,two-year,fiber,88.36,0,0,3,2,0,5.9,0
CUST-04475,Northeast,33,1,62,one-year,fiber,102.36,1,1,3,1,0,7.8,0
CUST-04476,Northeast,22,3,24,month-to-month,fiber,84.87,0,1,0,0,1,8.6,0
CUST-04477,Northeast,34,2,68,one-year,fiber,93.52,0,0,1,1,0,6.9,0
CUST-04478,Northeast,73,4,27,month-to-month,fiber,96.63,1,0,2,1,0,7.7,0
CUST-04479,Midwest,31,4,63,one-year,fiber,100.28,1,0,3,0,0,8.6,0
CUST-04480,Midwest,62,2,39,one-year,none,58.54,1,0,1,2,0,6.4,0
CUST-04481,Midwest,59,1,34,two-year,fiber,133.55,1,1,4,0,1,7.5,0
CUST-04482,South,76,2,22,two-year,fiber,87.94,0,1,2,0,0,8.2,0
CUST-04483,Northeast,73,5,61,month-to-month,fiber,87.18,0,1,2,1,0,7.0,0
CUST-04484,Northeast,69,5,5,one-year,fiber,78.73,0,1,0,1,0,8.4,0
CUST-04485,West,36,3,34,month-to-month,fiber,103.02,1,0,3,4,0,5.5,0
CUST-04486,West,43,5,27,one-year,fiber,103.4,1,0,4,1,0,8.7,0
CUST-04487,Northeast,47,3,40,one-year,fiber,89.39,0,0,1,4,0,5.7,0
CUST-04488,Midwest,57,5,19,month-to-month,fiber,92.84,1,0,2,1,0,7.6,0
CUST-04489,West,26,1,48,month-to-month,none,60.28,1,1,0,1,0,8.3,0
CUST-04490,West,68,3,28,month-to-month,dsl,87.29,1,0,1,0,1,7.8,0
CUST-04491,Northeast,56,1,14,month-to-month,none,49.86,0,0,0,0,0,7.5,0
CUST-04492,Midwest,30,1,15,month-to-month,fiber,120.93,0,0,3,2,0,6.7,1
CUST-04493,West,20,1,51,two-year,dsl,104.05,1,1,4,0,0,9.3,0
CUST-04494,West,18,1,19,month-to-month,fiber,76.32,1,0,0,1,0,7.8,0
CUST-04495,Midwest,39,5,23,one-year,fiber,101.74,0,1,3,0,0,6.3,0
CUST-04496,South,36,4,46,two-year,dsl,82.33,0,1,2,3,1,5.7,0
CUST-04497,Midwest,27,3,24,one-year,fiber,85.92,1,0,3,3,0,6.2,0
CUST-04498,Northeast,44,5,28,month-to-month,fiber,79.78,1,1,2,0,0,8.6,0
CUST-04499,Northeast,19,3,18,two-year,dsl,115.74,0,1,4,1,0,5.9,0
CUST-04500,Northeast,55,3,25,one-year,dsl,77.58,1,1,0,0,0,8.7,0
CUST-04501,Midwest,44,3,50,one-year,fiber,89.32,1,1,0,0,1,8.8,0
CUST-04502,Northeast,33,3,39,two-year,fiber,103.97,0,0,1,1,2,7.7,0
CUST-04503,Northeast,45,3,72,one-year,fiber,155.55,0,0,3,1,0,7.6,0
CUST-04504,West,44,5,56,month-to-month,none,38.89,1,0,0,4,0,4.4,1
CUST-04505,South,68,5,2,two-year,fiber,88.82,1,1,0,0,0,8.2,0
CUST-04506,Midwest,56,1,28,month-to-month,fiber,116.48,0,1,3,0,2,8.7,1
CUST-04507,South,32,4,21,one-year,fiber,77.64,1,1,2,1,1,7.1,0
CUST-04508,Northeast,67,1,43,month-to-month,none,60.06,1,1,3,2,2,8.5,0
CUST-04509,Midwest,37,4,20,month-to-month,dsl,94.37,1,1,1,3,0,7.2,0
CUST-04510,Northeast,31,5,70,month-to-month,fiber,92.67,0,1,0,1,0,7.2,0
CUST-04511,Midwest,61,4,22,month-to-month,none,60.12,0,1,2,0,1,7.8,0
CUST-04512,Midwest,65,3,38,two-year,fiber,58.41,0,1,0,2,0,7.4,0
CUST-04513,Midwest,18,5,9,month-to-month,none,70.86,1,1,2,0,0,7.6,1
CUST-04514,South,74,4,66,one-year,fiber,97.68,1,0,4,0,2,7.6,0
CUST-04515,South,55,4,66,month-to-month,fiber,78.5,1,0,0,1,1,9.1,0
CUST-04516,West,42,5,58,two-year,fiber,76.8,0,1,1,0,0,9.5,0
CUST-04517,South,63,3,26,month-to-month,none,78.6,1,0,4,1,0,7.2,1
CUST-04518,West,51,5,5,month-to-month,none,61.93,1,0,1,1,1,6.6,1
CUST-04519,Midwest,75,5,52,month-to-month,dsl,73.14,1,1,1,1,0,6.1,1
CUST-04520,West,18,3,31,one-year,fiber,131.84,0,1,3,2,0,9.0,0
CUST-04521,Midwest,50,4,72,two-year,fiber,94.26,1,0,0,1,1,8.6,0
CUST-04522,Northeast,60,4,51,two-year,fiber,93.76,0,0,0,2,0,8.2,0
CUST-04523,South,20,5,39,month-to-month,fiber,123.11,0,1,4,0,0,7.4,0
CUST-04524,Midwest,70,4,72,month-to-month,fiber,95.0,1,1,4,2,0,6.5,1
CUST-04525,Midwest,38,4,58,month-to-month,dsl,100.59,0,1,4,0,0,7.0,0
CUST-04526,Midwest,19,5,34,month-to-month,dsl,80.42,0,0,0,0,0,5.0,0
CUST-04527,West,41,1,2,one-year,none,65.27,1,1,2,1,0,7.1,0
CUST-04528,West,68,1,7,month-to-month,fiber,126.11,0,0,4,4,0,5.9,1
CUST-04529,Northeast,75,2,32,one-year,fiber,124.58,1,1,4,1,0,8.1,1
CUST-04530,Northeast,26,4,41,two-year,fiber,100.49,1,1,1,1,0,7.3,0
CUST-04531,Northeast,41,3,3,month-to-month,fiber,130.52,1,1,2,0,0,8.7,0
CUST-04532,Midwest,68,5,10,month-to-month,dsl,79.69,0,1,0,3,0,5.6,0
CUST-04533,South,19,1,51,month-to-month,dsl,66.8,1,1,0,2,0,7.7,0
CUST-04534,Midwest,50,2,55,month-to-month,fiber,100.38,1,1,1,1,0,8.2,0
CUST-04535,West,50,1,3,month-to-month,fiber,106.9,0,1,1,2,0,7.5,1
CUST-04536,South,40,4,37,one-year,dsl,84.2,1,1,4,1,0,8.0,0
CUST-04537,Midwest,37,2,6,month-to-month,fiber,66.26,1,1,0,4,0,5.2,0
CUST-04538,South,74,2,53,one-year,dsl,89.94,0,1,2,0,1,6.9,0
CUST-04539,West,39,4,61,two-year,dsl,92.99,0,1,2,2,1,4.9,0
CUST-04540,Northeast,54,1,63,two-year,dsl,95.36,1,1,0,1,0,8.6,0
CUST-04541,Midwest,63,5,44,one-year,fiber,103.65,1,1,2,2,0,5.8,0
CUST-04542,West,20,1,46,month-to-month,dsl,124.31,1,0,4,1,0,7.4,0
CUST-04543,Midwest,67,2,67,month-to-month,none,68.98,0,0,0,1,0,7.5,0
CUST-04544,Northeast,63,3,45,month-to-month,fiber,83.32,0,0,0,1,0,6.3,1
CUST-04545,West,29,1,33,two-year,fiber,92.71,1,1,0,1,1,7.5,0
CUST-04546,South,28,1,55,two-year,dsl,66.29,1,0,0,0,1,8.5,0
CUST-04547,Midwest,52,5,43,month-to-month,dsl,78.88,0,0,4,1,0,7.1,0
CUST-04548,South,73,3,61,month-to-month,fiber,74.14,1,0,0,1,1,7.7,0
CUST-04549,South,71,1,38,month-to-month,dsl,72.04,0,1,1,1,0,6.9,0
CUST-04550,South,27,2,63,month-to-month,dsl,119.81,0,1,4,2,0,6.5,0
CUST-04551,West,54,2,4,two-year,fiber,104.14,1,1,4,3,1,5.8,0
CUST-04552,Midwest,47,1,3,month-to-month,fiber,69.89,0,0,0,3,0,6.1,1
CUST-04553,West,59,3,8,month-to-month,fiber,109.47,1,1,1,0,2,7.6,1
CUST-04554,South,49,2,41,month-to-month,fiber,82.03,0,0,0,2,0,5.9,0
CUST-04555,South,52,4,52,month-to-month,none,59.17,1,1,0,2,1,7.1,0
CUST-04556,Midwest,51,4,16,month-to-month,dsl,105.21,0,0,4,1,1,4.8,0
CUST-04557,Midwest,19,3,12,two-year,fiber,127.89,1,1,1,2,0,8.3,0
CUST-04558,Northeast,49,2,62,month-to-month,none,88.59,1,1,3,2,0,5.7,1
CUST-04559,South,26,4,55,one-year,fiber,86.94,0,1,0,0,0,9.1,0
CUST-04560,South,44,4,47,month-to-month,fiber,104.96,1,1,1,0,0,8.7,0
CUST-04561,Northeast,50,2,36,month-to-month,fiber,100.85,1,0,1,1,2,8.0,0
CUST-04562,Midwest,60,5,31,month-to-month,dsl,111.84,0,0,2,0,1,6.6,0
CUST-04563,Northeast,68,2,2,month-to-month,dsl,97.91,1,1,4,1,0,7.4,0
CUST-04564,West,27,4,14,month-to-month,dsl,86.43,1,0,1,0,0,8.4,0
CUST-04565,Midwest,53,2,65,month-to-month,fiber,109.59,1,1,3,1,0,7.9,0
CUST-04566,Northeast,65,4,25,one-year,fiber,112.82,0,1,2,1,1,8.2,1
CUST-04567,Midwest,37,5,51,one-year,fiber,143.42,0,1,3,1,1,8.0,0
CUST-04568,South,20,4,51,two-year,none,63.59,0,1,1,1,0,8.1,0
CUST-04569,South,73,2,23,month-to-month,fiber,115.73,0,0,2,1,0,7.7,0
CUST-04570,South,68,3,15,one-year,dsl,95.86,0,0,3,0,0,8.8,0
CUST-04571,South,60,2,50,one-year,dsl,62.96,1,1,2,3,0,6.8,0
CUST-04572,Northeast,62,3,7,month-to-month,fiber,122.89,0,0,3,1,0,8.3,0
CUST-04573,South,36,4,36,month-to-month,fiber,105.83,0,1,0,2,0,6.7,1
CUST-04574,South,65,1,64,month-to-month,fiber,107.62,0,1,1,2,0,5.2,1
CUST-04575,West,77,2,52,one-year,dsl,61.14,0,1,0,2,0,8.2,0
CUST-04576,West,35,5,56,month-to-month,none,41.26,1,1,0,0,1,8.3,0
CUST-04577,West,46,5,6,month-to-month,fiber,99.86,0,1,0,0,0,7.7,0
CUST-04578,South,68,5,15,two-year,none,53.26,1,1,1,2,1,7.2,0
CUST-04579,South,31,4,20,month-to-month,fiber,79.38,1,1,1,2,2,7.9,0
CUST-04580,South,59,4,22,two-year,fiber,108.2,0,1,3,2,0,7.2,0
CUST-04581,Midwest,19,3,14,one-year,none,79.83,1,1,2,0,1,9.6,0
CUST-04582,West,76,4,70,two-year,dsl,90.93,0,0,3,2,0,7.5,0
CUST-04583,Northeast,22,2,12,one-year,fiber,115.58,1,1,4,1,0,7.6,0
CUST-04584,Midwest,19,3,51,month-to-month,dsl,86.36,1,0,3,0,0,6.9,0
CUST-04585,South,42,3,43,one-year,none,69.39,1,1,2,3,0,6.9,0
CUST-04586,South,65,1,44,one-year,dsl,100.47,0,1,4,0,1,9.1,0
CUST-04587,Midwest,30,2,16,one-year,dsl,51.63,1,0,1,1,0,7.4,0
CUST-04588,Midwest,55,2,23,month-to-month,fiber,130.36,0,0,4,0,0,8.2,1
CUST-04589,West,38,4,44,month-to-month,fiber,131.14,1,0,0,2,0,8.4,0
CUST-04590,Midwest,77,2,22,month-to-month,dsl,104.22,1,1,4,1,2,5.5,1
CUST-04591,Midwest,46,2,50,month-to-month,fiber,115.73,0,1,1,1,1,7.4,0
CUST-04592,West,44,4,3,one-year,fiber,110.43,1,1,3,4,0,6.7,1
CUST-04593,Midwest,19,3,6,two-year,fiber,84.2,1,1,1,2,0,7.7,0
CUST-04594,Northeast,34,4,53,one-year,fiber,132.26,0,1,1,2,0,5.6,0
CUST-04595,Northeast,19,2,45,one-year,fiber,86.98,1,1,1,3,0,6.1,0
CUST-04596,Midwest,70,2,4,month-to-month,fiber,132.53,1,1,3,2,2,4.6,1
CUST-04597,Northeast,46,3,65,month-to-month,fiber,90.55,0,0,0,3,0,5.0,0
CUST-04598,Midwest,37,2,1,month-to-month,fiber,103.14,1,1,0,3,3,6.5,1
CUST-04599,West,32,5,69,month-to-month,dsl,104.35,1,1,4,1,1,7.0,0
CUST-04600,West,60,5,53,month-to-month,dsl,50.43,1,0,0,4,0,6.6,0
CUST-04601,Northeast,56,5,72,month-to-month,fiber,96.99,0,1,3,2,0,7.4,1
CUST-04602,Midwest,37,4,69,month-to-month,fiber,139.81,1,0,1,0,0,7.1,0
CUST-04603,West,35,1,23,one-year,fiber,93.21,1,1,1,0,2,8.1,0
CUST-04604,Northeast,74,5,55,month-to-month,dsl,115.18,1,1,1,5,0,3.9,0
CUST-04605,West,21,2,16,month-to-month,dsl,68.28,0,0,1,1,0,7.5,0
CUST-04606,West,49,2,34,month-to-month,dsl,107.76,1,1,3,1,0,7.9,1
CUST-04607,Northeast,75,3,18,one-year,dsl,91.9,1,1,4,0,1,8.0,0
CUST-04608,South,37,3,35,one-year,fiber,92.38,0,0,1,0,1,6.4,0
CUST-04609,Northeast,21,5,63,month-to-month,fiber,112.83,1,1,0,0,1,6.5,0
CUST-04610,South,67,3,32,month-to-month,fiber,80.03,1,1,0,3,1,8.5,0
CUST-04611,West,72,3,7,two-year,fiber,97.51,1,1,3,1,0,8.5,0
CUST-04612,South,21,1,24,one-year,fiber,129.49,1,1,4,1,0,7.6,0
CUST-04613,West,40,4,57,one-year,dsl,77.54,0,0,0,4,0,6.9,0
CUST-04614,West,23,2,38,month-to-month,fiber,135.26,1,0,2,1,0,8.9,0
CUST-04615,Northeast,71,4,41,one-year,dsl,80.25,0,1,1,1,1,8.5,0
CUST-04616,Midwest,68,3,32,two-year,fiber,97.89,1,0,1,4,0,6.1,0
CUST-04617,South,66,4,22,month-to-month,fiber,124.93,0,1,4,0,0,7.5,1
CUST-04618,West,37,4,44,one-year,dsl,63.92,0,1,1,1,1,8.1,0
CUST-04619,Midwest,60,3,46,month-to-month,fiber,75.88,1,1,1,2,0,6.8,0
CUST-04620,Midwest,28,3,65,one-year,fiber,69.07,1,1,0,1,0,9.0,0
CUST-04621,Midwest,26,4,45,month-to-month,fiber,71.27,0,1,4,1,0,7.4,0
CUST-04622,Northeast,53,1,72,month-to-month,dsl,97.49,0,1,4,1,0,8.0,1
CUST-04623,Midwest,76,5,60,two-year,fiber,99.56,1,1,4,2,1,8.0,0
CUST-04624,West,33,3,6,two-year,none,58.62,1,0,1,1,0,6.7,0
CUST-04625,West,46,5,29,month-to-month,none,73.62,0,1,0,0,1,7.7,0
CUST-04626,Northeast,77,3,28,two-year,dsl,93.07,1,0,4,1,0,8.9,0
CUST-04627,West,43,1,1,month-to-month,fiber,123.2,0,0,3,3,0,5.5,1
CUST-04628,South,67,4,14,month-to-month,dsl,59.2,1,0,1,2,0,6.5,0
CUST-04629,West,59,3,55,two-year,fiber,75.0,0,1,0,4,0,7.1,0
CUST-04630,West,71,5,26,month-to-month,dsl,119.88,0,1,3,3,0,7.6,1
CUST-04631,West,38,5,11,month-to-month,fiber,114.59,1,1,4,1,0,4.4,0
CUST-04632,West,68,2,21,one-year,fiber,111.18,0,1,0,0,1,9.0,0
CUST-04633,Midwest,67,4,20,month-to-month,fiber,152.15,1,1,2,3,1,4.1,1
CUST-04634,West,71,3,13,month-to-month,dsl,82.82,0,0,2,2,0,6.7,0
CUST-04635,West,72,3,8,month-to-month,dsl,74.69,0,0,2,3,0,5.0,1
CUST-04636,Northeast,38,3,56,one-year,fiber,62.42,1,0,1,0,0,8.0,0
CUST-04637,Midwest,67,4,60,month-to-month,fiber,97.09,1,1,1,1,0,7.6,0
CUST-04638,Midwest,58,4,36,month-to-month,dsl,83.46,0,0,1,2,0,7.2,0
CUST-04639,South,23,5,45,one-year,dsl,114.06,1,1,4,0,1,9.5,0
CUST-04640,Midwest,72,5,67,month-to-month,dsl,120.55,0,0,4,2,0,5.5,1
CUST-04641,Midwest,61,2,61,month-to-month,fiber,81.29,1,1,0,3,1,7.2,0
CUST-04642,South,59,3,3,one-year,dsl,127.47,0,1,3,2,2,6.4,0
CUST-04643,Midwest,22,5,69,one-year,dsl,88.09,1,1,2,1,0,7.7,0
CUST-04644,South,77,5,5,month-to-month,fiber,101.2,0,0,1,1,3,8.1,0
CUST-04645,South,76,3,2,two-year,fiber,93.56,1,1,0,1,0,8.7,0
CUST-04646,South,69,1,30,one-year,fiber,104.55,1,0,3,2,0,5.8,0
CUST-04647,South,38,2,54,month-to-month,fiber,87.0,1,1,1,2,0,6.9,0
CUST-04648,South,22,5,6,one-year,dsl,74.45,0,0,0,0,0,7.5,0
CUST-04649,Northeast,62,4,22,one-year,fiber,103.6,0,1,4,0,1,7.6,1
CUST-04650,Midwest,48,4,19,one-year,dsl,94.94,0,1,4,0,1,7.8,0
CUST-04651,South,33,4,29,one-year,fiber,111.01,1,1,2,0,1,8.6,0
CUST-04652,Northeast,34,1,71,one-year,none,69.56,0,1,2,2,2,5.5,0
CUST-04653,Midwest,58,3,24,two-year,dsl,67.39,1,0,2,1,1,7.5,0
CUST-04654,West,70,4,16,one-year,dsl,27.28,0,1,0,3,0,6.2,0
CUST-04655,South,52,1,9,one-year,dsl,90.98,1,0,0,1,0,8.2,0
CUST-04656,West,74,3,15,one-year,fiber,113.81,1,0,1,1,2,7.4,0
CUST-04657,Midwest,51,2,10,two-year,dsl,47.19,1,0,1,2,0,8.2,0
CUST-04658,South,51,5,42,two-year,dsl,81.65,1,0,0,2,0,7.6,1
CUST-04659,West,39,2,31,month-to-month,fiber,101.78,1,0,0,0,0,8.6,1
CUST-04660,West,21,2,36,month-to-month,none,71.67,1,1,4,1,0,7.8,0
CUST-04661,West,33,5,60,one-year,fiber,127.86,1,0,4,1,0,6.9,0
CUST-04662,West,38,4,42,month-to-month,dsl,100.66,1,1,1,0,0,7.8,0
CUST-04663,Midwest,55,5,12,one-year,fiber,126.94,1,0,3,2,2,6.2,0
CUST-04664,West,29,3,28,one-year,dsl,95.24,0,1,0,0,0,8.9,0
CUST-04665,West,48,1,23,two-year,fiber,134.9,1,0,4,1,0,8.7,0
CUST-04666,West,49,2,60,month-to-month,fiber,102.44,1,0,4,0,0,8.0,0
CUST-04667,West,48,1,23,one-year,fiber,89.08,0,1,0,2,0,7.2,0
CUST-04668,South,77,5,10,month-to-month,none,74.99,0,1,1,0,0,6.4,0
CUST-04669,West,29,1,53,month-to-month,fiber,109.65,1,1,1,0,0,7.7,1
CUST-04670,West,38,4,31,month-to-month,dsl,68.08,0,1,0,1,1,4.8,0
CUST-04671,West,40,3,7,month-to-month,fiber,92.13,1,1,1,1,1,8.0,1
CUST-04672,Northeast,62,3,50,month-to-month,dsl,69.23,1,1,3,2,1,8.8,0
CUST-04673,Northeast,57,5,16,one-year,fiber,114.59,0,1,3,2,1,6.4,0
CUST-04674,West,67,5,63,one-year,dsl,76.73,0,0,0,2,0,7.3,0
CUST-04675,Midwest,49,2,60,month-to-month,none,58.42,0,0,1,2,1,6.9,0
CUST-04676,Midwest,67,5,27,month-to-month,fiber,128.07,0,0,4,2,0,5.7,1
CUST-04677,Midwest,19,5,41,month-to-month,fiber,111.57,1,1,4,1,0,7.4,0
CUST-04678,Midwest,26,5,41,two-year,none,53.9,1,0,2,2,1,7.5,0
CUST-04679,Northeast,54,1,48,two-year,fiber,134.07,1,0,3,1,0,8.1,0
CUST-04680,South,32,1,5,month-to-month,fiber,61.94,0,1,1,3,1,6.0,1
CUST-04681,Midwest,35,1,24,month-to-month,fiber,122.89,1,1,4,3,0,6.2,1
CUST-04682,Northeast,31,5,13,month-to-month,dsl,85.0,0,1,2,2,0,6.0,1
CUST-04683,West,26,5,51,one-year,none,64.68,1,1,3,2,0,8.0,0
CUST-04684,Northeast,35,2,5,month-to-month,dsl,83.45,0,0,1,2,0,8.3,0
CUST-04685,South,72,3,38,month-to-month,dsl,58.04,1,1,0,1,0,5.7,0
CUST-04686,Northeast,20,3,53,month-to-month,fiber,132.35,1,0,2,1,0,5.6,0
CUST-04687,Northeast,77,2,69,month-to-month,fiber,121.52,0,0,2,0,0,6.8,0
CUST-04688,South,50,5,21,month-to-month,fiber,109.38,1,1,2,1,0,7.2,0
CUST-04689,West,64,5,1,month-to-month,fiber,84.86,0,0,4,1,0,7.1,0
CUST-04690,South,62,2,53,one-year,fiber,97.66,0,1,3,1,1,7.5,0
CUST-04691,South,21,3,1,month-to-month,dsl,67.57,1,1,1,3,2,6.0,1
CUST-04692,West,33,1,5,month-to-month,fiber,128.75,1,0,2,1,0,7.4,1
CUST-04693,South,70,1,72,one-year,fiber,94.85,0,0,0,2,1,8.0,0
CUST-04694,West,56,5,63,month-to-month,fiber,113.48,0,0,3,4,1,4.6,0
CUST-04695,West,40,5,51,one-year,fiber,96.44,0,0,0,0,1,8.8,0
CUST-04696,Midwest,50,1,61,two-year,fiber,108.24,1,1,0,2,1,8.9,0
CUST-04697,Midwest,43,3,6,month-to-month,fiber,121.1,1,1,2,0,0,6.8,1
CUST-04698,West,23,1,7,two-year,fiber,123.39,0,0,4,1,0,5.9,0
CUST-04699,Midwest,74,3,22,one-year,dsl,78.45,0,0,1,2,2,6.8,0
CUST-04700,Midwest,32,2,2,one-year,dsl,73.69,1,1,0,1,0,8.5,0
CUST-04701,West,69,3,64,month-to-month,dsl,70.87,1,1,0,2,0,7.0,1
CUST-04702,West,32,4,5,month-to-month,dsl,107.47,0,1,4,0,0,5.9,0
CUST-04703,South,54,1,40,month-to-month,dsl,84.38,1,0,3,1,0,6.0,1
CUST-04704,Midwest,47,3,62,two-year,none,101.48,0,1,2,1,0,7.2,0
CUST-04705,South,71,2,53,one-year,fiber,124.64,0,0,4,0,0,8.6,0
CUST-04706,Midwest,55,2,17,month-to-month,dsl,82.66,1,1,0,0,0,7.8,0
CUST-04707,Northeast,53,5,34,month-to-month,fiber,90.44,1,1,3,2,0,7.2,1
CUST-04708,South,36,5,40,month-to-month,fiber,87.51,0,1,1,1,0,7.5,0
CUST-04709,West,69,4,56,month-to-month,fiber,103.26,1,0,1,3,1,7.0,1
CUST-04710,West,25,4,31,one-year,fiber,107.5,1,1,4,2,0,6.3,1
CUST-04711,South,48,2,21,month-to-month,dsl,70.04,1,0,4,1,2,7.1,1
CUST-04712,West,34,4,58,one-year,fiber,98.5,1,1,4,0,0,9.7,0
CUST-04713,South,45,3,64,one-year,dsl,78.99,1,0,0,2,0,6.6,0
CUST-04714,Northeast,20,2,36,one-year,dsl,109.24,1,1,3,2,0,6.8,0
CUST-04715,West,59,4,3,one-year,fiber,93.76,0,0,1,3,1,6.4,0
CUST-04716,Northeast,62,5,37,month-to-month,fiber,88.47,1,1,1,1,0,6.6,0
CUST-04717,West,59,2,65,one-year,fiber,101.0,0,1,0,1,0,6.6,0
CUST-04718,West,59,2,72,one-year,fiber,105.29,1,1,2,2,0,7.0,0
CUST-04719,Northeast,20,3,29,month-to-month,none,99.15,0,0,4,0,0,7.6,0
CUST-04720,West,58,5,11,month-to-month,dsl,78.04,1,0,1,0,0,8.8,0
CUST-04721,Midwest,37,4,42,month-to-month,dsl,85.0,1,0,2,2,0,6.2,1
CUST-04722,Midwest,55,2,60,month-to-month,fiber,117.91,0,1,3,0,0,7.9,0
CUST-04723,South,56,4,69,month-to-month,dsl,105.62,0,0,3,5,0,6.2,0
CUST-04724,Northeast,35,5,4,month-to-month,dsl,76.63,0,0,1,0,0,8.9,0
CUST-04725,Northeast,26,2,21,one-year,fiber,79.36,1,0,0,2,1,7.0,0
CUST-04726,South,24,5,35,month-to-month,fiber,97.17,0,0,4,2,0,6.9,0
CUST-04727,West,44,5,8,month-to-month,fiber,79.2,0,0,2,2,0,5.9,0
CUST-04728,Northeast,53,2,64,month-to-month,fiber,99.37,1,1,3,1,0,7.8,0
CUST-04729,Northeast,18,4,9,month-to-month,dsl,93.5,1,0,2,2,0,8.4,0
CUST-04730,West,61,2,48,two-year,dsl,50.4,1,1,1,2,0,8.5,0
CUST-04731,South,32,4,67,month-to-month,fiber,68.13,0,1,1,0,1,7.6,0
CUST-04732,Northeast,66,1,50,month-to-month,none,86.32,1,1,3,2,0,7.3,0
CUST-04733,West,59,4,55,month-to-month,fiber,129.62,1,1,4,3,0,5.8,1
CUST-04734,South,61,2,19,month-to-month,fiber,108.38,1,1,1,0,1,7.0,0
CUST-04735,Northeast,30,3,60,one-year,none,32.71,1,1,0,2,1,6.8,0
CUST-04736,Midwest,57,3,31,one-year,none,81.66,0,0,0,1,0,7.9,0
CUST-04737,Northeast,58,5,5,month-to-month,dsl,99.12,1,1,2,0,1,8.5,1
CUST-04738,Midwest,67,1,27,one-year,fiber,92.87,1,0,1,1,0,7.8,1
CUST-04739,Midwest,52,3,26,month-to-month,none,85.46,0,1,4,3,2,6.1,1
CUST-04740,West,63,1,38,two-year,dsl,88.2,0,0,1,1,0,5.4,0
CUST-04741,South,45,4,20,one-year,dsl,89.9,0,1,2,0,0,8.4,0
CUST-04742,South,74,3,34,month-to-month,fiber,94.93,1,1,1,2,0,6.4,1
CUST-04743,Midwest,60,1,31,one-year,fiber,121.75,0,0,2,0,1,6.8,0
CUST-04744,Northeast,18,1,24,one-year,dsl,91.58,1,0,3,1,0,8.3,0
CUST-04745,South,65,1,51,month-to-month,dsl,93.03,1,1,3,2,0,8.3,0
CUST-04746,Northeast,26,4,22,two-year,dsl,86.45,0,0,3,3,0,6.5,0
CUST-04747,Midwest,21,5,56,two-year,dsl,72.18,0,0,2,2,1,7.6,0
CUST-04748,Midwest,52,2,19,month-to-month,dsl,78.5,0,0,2,0,0,7.5,0
CUST-04749,Northeast,47,2,63,one-year,dsl,97.44,0,1,1,0,0,10.0,0
CUST-04750,Northeast,42,1,27,one-year,fiber,102.92,1,1,4,1,1,6.2,0
CUST-04751,South,42,1,3,month-to-month,fiber,125.14,1,1,3,1,1,7.2,1
CUST-04752,Midwest,38,1,11,month-to-month,fiber,108.05,1,1,4,2,1,7.4,1
CUST-04753,West,73,5,59,two-year,dsl,100.42,1,1,3,2,0,7.3,0
CUST-04754,South,62,2,63,one-year,fiber,112.92,0,1,0,1,1,8.6,0
CUST-04755,West,65,4,16,month-to-month,fiber,109.56,1,1,1,2,0,5.1,1
CUST-04756,South,50,1,44,month-to-month,none,44.81,1,1,2,3,1,6.1,0
CUST-04757,Midwest,62,1,42,month-to-month,dsl,89.51,1,1,1,3,1,6.0,1
CUST-04758,South,49,2,10,two-year,fiber,97.32,0,0,4,0,2,7.6,0
CUST-04759,Midwest,72,1,33,one-year,fiber,88.02,0,0,2,4,0,4.6,1
CUST-04760,West,20,2,50,month-to-month,dsl,81.07,1,0,1,1,0,7.3,0
CUST-04761,South,65,2,70,two-year,fiber,88.24,1,1,2,0,0,8.1,0
CUST-04762,Midwest,45,3,62,one-year,fiber,110.49,0,1,1,1,0,7.9,0
CUST-04763,South,37,1,8,month-to-month,fiber,103.49,0,1,0,1,0,8.3,0
CUST-04764,Midwest,54,3,18,month-to-month,fiber,127.15,1,1,4,3,0,6.6,0
CUST-04765,Midwest,72,2,32,one-year,dsl,102.71,1,1,4,3,2,6.7,0
CUST-04766,South,34,4,11,month-to-month,fiber,111.89,1,1,3,1,0,8.7,1
CUST-04767,Midwest,46,3,42,month-to-month,fiber,105.81,0,1,1,0,1,8.7,1
CUST-04768,South,32,5,1,one-year,fiber,112.97,0,0,4,0,1,5.8,1
CUST-04769,Northeast,67,4,9,two-year,fiber,85.2,1,1,1,1,0,8.6,0
CUST-04770,South,51,4,4,month-to-month,fiber,106.18,1,1,4,2,0,7.7,1
CUST-04771,South,35,5,22,two-year,dsl,82.07,0,0,4,3,0,6.3,0
CUST-04772,West,72,1,55,two-year,fiber,101.21,1,0,0,1,0,7.5,0
CUST-04773,Midwest,31,5,13,month-to-month,fiber,92.86,1,0,1,0,0,7.1,0
CUST-04774,South,24,3,72,month-to-month,fiber,115.66,1,0,3,2,0,5.3,0
CUST-04775,West,33,4,20,one-year,dsl,88.56,0,0,1,0,0,9.0,0
CUST-04776,Northeast,36,4,4,one-year,fiber,99.13,1,1,4,2,0,8.0,0
CUST-04777,Midwest,33,2,25,month-to-month,none,72.36,1,0,3,3,0,6.4,0
CUST-04778,West,21,3,54,one-year,dsl,88.97,0,1,1,1,0,8.3,0
CUST-04779,Midwest,77,2,8,one-year,dsl,93.44,0,0,3,1,0,8.6,0
CUST-04780,Midwest,37,1,6,one-year,dsl,68.16,0,1,0,0,1,6.3,1
CUST-04781,Midwest,75,5,62,one-year,fiber,104.72,0,1,1,0,0,8.4,0
CUST-04782,Northeast,59,4,43,month-to-month,none,71.9,1,1,0,1,2,6.8,0
CUST-04783,Northeast,66,1,25,month-to-month,none,61.19,1,1,0,0,2,8.0,0
CUST-04784,Northeast,37,1,55,month-to-month,fiber,102.63,0,1,3,1,0,7.5,0
CUST-04785,West,57,1,61,two-year,dsl,76.54,1,1,0,0,0,9.1,0
CUST-04786,South,41,2,26,two-year,fiber,96.28,0,1,3,3,1,4.9,0
CUST-04787,West,39,2,41,one-year,dsl,79.17,1,1,0,1,1,8.8,0
CUST-04788,Midwest,74,4,1,month-to-month,dsl,106.84,1,0,4,3,2,5.5,1
CUST-04789,West,69,3,23,one-year,none,81.0,0,0,4,1,0,7.5,0
CUST-04790,West,38,5,43,month-to-month,fiber,91.98,1,1,1,2,1,5.2,0
CUST-04791,Midwest,18,3,15,month-to-month,dsl,76.0,1,0,2,1,2,7.0,1
CUST-04792,Northeast,50,5,72,month-to-month,dsl,114.38,0,1,3,1,1,7.0,0
CUST-04793,West,75,1,70,one-year,fiber,91.17,1,0,2,2,0,7.3,0
CUST-04794,South,74,5,19,month-to-month,dsl,63.42,0,1,0,1,0,6.6,0
CUST-04795,Northeast,46,2,29,one-year,dsl,92.87,0,0,4,1,1,6.3,0
CUST-04796,South,48,2,14,two-year,dsl,109.39,1,1,4,1,0,8.5,0
CUST-04797,West,69,3,37,one-year,none,92.81,1,1,2,1,0,6.3,0
CUST-04798,South,28,3,9,month-to-month,fiber,111.84,0,1,2,1,1,7.8,0
CUST-04799,Midwest,34,2,29,two-year,fiber,99.17,0,0,0,1,0,9.2,0
CUST-04800,West,26,1,40,one-year,fiber,136.07,0,0,3,0,0,10.0,0
CUST-04801,Midwest,53,3,45,month-to-month,fiber,101.32,0,1,2,3,0,5.2,1
CUST-04802,Northeast,71,3,43,one-year,fiber,76.57,0,0,1,2,1,7.4,0
CUST-04803,Northeast,36,1,16,two-year,dsl,70.19,1,0,1,1,2,6.9,0
CUST-04804,West,71,4,58,month-to-month,fiber,73.55,1,1,0,1,0,8.7,0
CUST-04805,Northeast,48,1,50,month-to-month,dsl,97.44,1,1,3,4,1,6.0,1
CUST-04806,South,33,1,55,month-to-month,fiber,81.92,1,0,0,1,1,7.0,0
CUST-04807,Northeast,75,2,34,month-to-month,fiber,111.15,0,0,2,1,0,6.5,0
CUST-04808,West,55,2,65,one-year,dsl,102.37,1,1,4,2,1,6.8,0
CUST-04809,Midwest,50,2,29,month-to-month,dsl,62.32,1,1,0,1,0,6.9,0
CUST-04810,Midwest,27,5,59,month-to-month,fiber,101.5,1,1,0,1,0,7.5,0
CUST-04811,Northeast,51,3,15,month-to-month,none,79.67,1,1,3,3,1,6.2,0
CUST-04812,Midwest,31,1,18,month-to-month,fiber,108.23,0,1,4,0,1,7.1,0
CUST-04813,Midwest,43,3,38,month-to-month,fiber,69.97,0,1,0,2,0,6.2,0
CUST-04814,West,73,2,41,one-year,fiber,96.76,1,1,1,2,0,7.9,1
CUST-04815,Midwest,77,5,54,month-to-month,dsl,78.06,1,1,3,3,0,7.1,0
CUST-04816,Midwest,42,5,22,month-to-month,fiber,123.72,1,0,2,3,0,5.7,0
CUST-04817,Midwest,37,3,63,two-year,dsl,106.89,1,1,2,2,0,7.3,0
CUST-04818,West,30,2,24,two-year,dsl,65.08,0,1,1,2,0,6.3,0
CUST-04819,Northeast,30,1,39,month-to-month,fiber,117.17,0,0,2,0,0,10.0,0
CUST-04820,Midwest,49,5,68,month-to-month,dsl,92.09,1,1,0,1,0,6.7,0
CUST-04821,West,76,1,39,month-to-month,fiber,103.72,0,1,4,0,0,8.1,0
CUST-04822,Midwest,69,2,50,month-to-month,fiber,108.96,1,0,2,1,0,8.0,0
CUST-04823,West,35,3,66,month-to-month,fiber,91.14,1,1,1,0,0,7.5,0
CUST-04824,Northeast,67,2,71,two-year,fiber,114.44,0,0,1,2,1,6.1,0
CUST-04825,West,46,4,36,one-year,fiber,87.93,0,1,1,1,1,7.1,0
CUST-04826,Midwest,57,1,31,month-to-month,fiber,115.28,1,1,2,1,1,6.5,1
CUST-04827,Northeast,33,5,15,two-year,dsl,70.76,1,1,0,2,0,7.5,0
CUST-04828,West,66,1,39,month-to-month,fiber,102.34,1,1,3,1,0,6.8,1
CUST-04829,West,45,2,67,month-to-month,fiber,100.91,0,1,0,0,2,7.5,0
CUST-04830,Midwest,64,3,36,month-to-month,dsl,103.62,0,1,1,1,0,5.4,1
CUST-04831,West,32,5,26,month-to-month,fiber,82.99,0,1,4,2,0,6.0,0
CUST-04832,West,75,4,8,two-year,dsl,39.83,0,0,2,0,1,7.6,0
CUST-04833,South,43,5,29,month-to-month,dsl,106.33,0,1,4,3,0,7.1,1
CUST-04834,West,57,3,18,one-year,fiber,94.72,1,1,3,2,1,5.4,0
CUST-04835,South,50,5,71,month-to-month,fiber,105.55,0,1,3,2,0,7.7,0
CUST-04836,Northeast,53,3,38,two-year,fiber,93.39,1,1,0,2,2,7.4,0
CUST-04837,Northeast,33,1,10,one-year,fiber,153.9,1,1,2,2,2,5.2,1
CUST-04838,Midwest,72,2,5,month-to-month,fiber,80.81,1,0,1,2,2,7.0,1
CUST-04839,Northeast,30,2,62,month-to-month,dsl,86.46,1,0,0,0,0,7.3,0
CUST-04840,West,39,4,68,two-year,dsl,61.86,0,1,0,3,0,7.1,0
CUST-04841,West,43,2,55,month-to-month,fiber,67.12,1,0,0,1,0,8.1,0
CUST-04842,Northeast,47,2,9,month-to-month,none,64.71,0,1,0,0,0,8.6,1
CUST-04843,Northeast,31,4,8,two-year,fiber,81.72,0,0,2,1,0,7.1,0
CUST-04844,Northeast,69,1,15,month-to-month,none,35.66,1,1,0,2,0,7.6,0
CUST-04845,Midwest,54,5,55,month-to-month,dsl,90.6,0,0,4,1,0,8.7,0
CUST-04846,Northeast,76,5,56,month-to-month,fiber,90.23,0,1,2,3,0,5.9,1
CUST-04847,Midwest,39,5,61,month-to-month,fiber,98.4,1,1,4,0,1,7.7,0
CUST-04848,West,43,5,7,month-to-month,fiber,94.5,1,1,0,0,0,8.7,0
CUST-04849,Midwest,52,1,12,month-to-month,none,37.45,0,1,0,2,0,4.2,1
CUST-04850,West,53,2,65,month-to-month,fiber,134.8,0,1,4,1,1,6.2,1
CUST-04851,South,28,5,67,month-to-month,dsl,62.42,0,0,1,0,0,8.8,0
CUST-04852,West,68,2,53,month-to-month,fiber,104.68,1,1,3,2,0,7.1,0
CUST-04853,West,77,4,8,two-year,fiber,47.88,1,0,0,5,0,5.5,0
CUST-04854,South,49,3,5,one-year,dsl,84.24,0,1,0,2,1,6.0,0
CUST-04855,South,40,2,5,month-to-month,fiber,137.72,1,1,2,0,0,8.1,0
CUST-04856,Midwest,42,3,50,month-to-month,fiber,127.06,1,0,2,0,0,7.6,0
CUST-04857,West,21,3,61,one-year,none,69.35,1,1,0,2,1,5.5,0
CUST-04858,Northeast,21,5,46,month-to-month,fiber,78.88,1,0,0,2,0,8.2,0
CUST-04859,South,40,3,19,month-to-month,none,86.47,1,1,1,1,0,6.9,0
CUST-04860,West,30,3,55,one-year,none,60.41,1,1,0,0,0,8.2,0
CUST-04861,Northeast,35,4,5,month-to-month,fiber,114.73,1,1,4,2,0,5.4,1
CUST-04862,West,37,1,60,one-year,dsl,94.22,0,1,4,1,0,7.2,0
CUST-04863,Northeast,28,2,65,two-year,fiber,119.25,0,0,0,3,1,7.2,0
CUST-04864,Midwest,42,3,52,one-year,dsl,87.99,0,1,2,1,0,8.5,0
CUST-04865,South,20,4,64,month-to-month,none,78.0,1,1,1,1,0,7.6,0
CUST-04866,Northeast,64,1,43,month-to-month,none,51.57,0,0,0,1,1,6.5,0
CUST-04867,Northeast,59,2,34,month-to-month,none,79.19,1,1,3,0,0,8.1,0
CUST-04868,West,28,3,24,one-year,fiber,114.89,0,0,4,5,1,5.7,0
CUST-04869,South,27,1,67,two-year,dsl,120.71,1,1,3,1,2,6.1,0
CUST-04870,West,22,3,51,two-year,fiber,119.88,0,1,4,1,0,7.9,0
CUST-04871,Midwest,29,5,14,month-to-month,none,59.84,1,0,3,1,0,8.2,1
CUST-04872,West,53,5,69,two-year,fiber,108.95,1,0,2,2,1,7.0,0
CUST-04873,South,22,4,5,month-to-month,fiber,112.51,1,1,4,1,0,7.5,1
CUST-04874,Midwest,18,2,43,one-year,fiber,116.2,1,0,3,2,0,6.7,0
CUST-04875,Northeast,52,4,14,month-to-month,fiber,110.28,1,0,3,2,0,7.3,0
CUST-04876,South,73,4,48,month-to-month,fiber,115.03,1,1,3,2,0,8.4,0
CUST-04877,Midwest,46,1,30,month-to-month,fiber,97.39,1,1,0,0,0,9.4,0
CUST-04878,South,33,1,32,two-year,dsl,129.22,1,1,3,2,0,6.8,1
CUST-04879,Northeast,67,5,49,month-to-month,dsl,69.03,1,1,3,0,1,7.5,0
CUST-04880,South,68,5,55,month-to-month,fiber,97.22,1,1,2,2,0,8.2,0
CUST-04881,West,68,3,28,month-to-month,dsl,79.41,1,1,2,4,0,6.4,0
CUST-04882,West,40,2,72,month-to-month,fiber,103.41,1,0,4,0,1,8.4,0
CUST-04883,South,20,1,36,two-year,dsl,41.64,1,1,0,1,0,6.3,0
CUST-04884,Northeast,77,2,12,month-to-month,fiber,114.65,1,1,2,0,1,8.7,1
CUST-04885,Northeast,71,1,1,month-to-month,dsl,97.62,0,1,3,1,0,7.0,0
CUST-04886,Midwest,48,1,15,one-year,fiber,95.33,0,0,1,1,0,7.9,0
CUST-04887,Midwest,65,5,50,month-to-month,fiber,116.1,1,1,1,2,2,5.9,1
CUST-04888,West,75,4,39,month-to-month,dsl,69.03,1,1,0,1,0,9.0,0
CUST-04889,Midwest,21,4,25,month-to-month,dsl,84.17,1,0,1,4,0,5.0,0
CUST-04890,South,46,1,35,month-to-month,dsl,55.67,1,1,1,0,0,9.9,0
CUST-04891,Northeast,69,2,61,month-to-month,fiber,110.59,1,0,4,1,0,7.6,0
CUST-04892,Midwest,60,4,42,month-to-month,fiber,106.26,0,1,0,2,1,6.3,1
CUST-04893,South,24,3,5,month-to-month,dsl,96.55,1,1,3,0,0,7.3,0
CUST-04894,West,21,2,4,one-year,fiber,112.47,0,0,0,1,1,6.9,0
CUST-04895,Midwest,37,3,35,two-year,fiber,90.1,1,1,3,1,0,7.7,0
CUST-04896,Midwest,44,4,30,two-year,fiber,107.45,1,0,2,1,0,8.0,0
CUST-04897,Midwest,25,5,62,month-to-month,fiber,126.59,0,1,2,2,1,7.0,1
CUST-04898,Midwest,34,5,42,month-to-month,fiber,122.12,1,1,4,4,0,5.7,1
CUST-04899,Midwest,48,4,55,two-year,fiber,143.69,1,1,3,3,0,7.3,0
CUST-04900,West,65,2,43,one-year,dsl,68.74,0,0,0,1,1,8.5,0
CUST-04901,Northeast,52,5,25,month-to-month,dsl,86.19,1,1,1,0,1,8.8,1
CUST-04902,Northeast,49,4,48,month-to-month,dsl,38.76,1,1,1,1,1,7.9,0
CUST-04903,South,62,4,45,month-to-month,dsl,100.28,1,1,3,0,0,8.6,0
CUST-04904,Midwest,56,2,52,month-to-month,fiber,128.04,0,1,4,1,0,6.3,0
CUST-04905,South,31,3,14,month-to-month,none,98.8,0,1,3,2,2,6.4,1
CUST-04906,West,33,3,47,month-to-month,dsl,74.8,1,1,2,1,0,6.6,1
CUST-04907,West,24,4,21,two-year,dsl,87.24,0,1,3,2,0,8.0,1
CUST-04908,Northeast,25,1,57,one-year,fiber,94.22,0,1,3,0,0,8.5,0
CUST-04909,Midwest,67,3,58,one-year,dsl,43.65,1,0,0,2,0,8.4,0
CUST-04910,Northeast,58,2,45,month-to-month,dsl,89.54,1,1,2,0,1,8.9,0
CUST-04911,West,56,1,69,one-year,dsl,113.51,1,1,3,1,0,8.3,0
CUST-04912,Northeast,44,4,39,one-year,dsl,111.04,1,1,3,3,0,6.2,0
CUST-04913,Northeast,23,3,2,month-to-month,none,79.77,0,1,1,0,1,5.6,0
CUST-04914,Midwest,43,2,44,one-year,none,90.02,0,1,0,2,1,7.3,0
CUST-04915,South,27,4,56,one-year,dsl,75.11,1,0,1,1,0,7.7,0
CUST-04916,South,75,1,8,two-year,none,83.05,1,1,1,3,0,7.5,0
CUST-04917,South,42,5,8,month-to-month,none,75.1,0,1,4,2,1,7.1,0
CUST-04918,South,25,2,20,two-year,fiber,61.21,1,0,3,1,0,8.4,0
CUST-04919,Midwest,34,1,61,month-to-month,dsl,86.42,0,0,4,1,1,7.3,0
CUST-04920,Midwest,56,4,38,month-to-month,fiber,84.14,1,0,0,0,0,6.6,1
CUST-04921,West,45,5,71,month-to-month,fiber,120.2,1,1,3,1,0,8.7,0
CUST-04922,Midwest,21,5,63,month-to-month,fiber,88.95,1,1,0,1,0,6.4,0
CUST-04923,West,39,4,40,month-to-month,fiber,107.57,0,0,2,0,1,7.0,1
CUST-04924,Midwest,59,5,49,month-to-month,fiber,123.41,0,1,1,1,0,7.0,0
CUST-04925,Northeast,49,2,24,one-year,fiber,127.74,1,1,4,3,0,6.8,0
CUST-04926,West,51,4,7,month-to-month,fiber,103.45,1,1,3,1,1,7.0,1
CUST-04927,South,57,1,29,two-year,dsl,52.0,1,1,2,0,0,7.9,0
CUST-04928,South,61,5,43,month-to-month,none,58.48,0,1,2,1,2,7.5,1
CUST-04929,West,43,5,14,one-year,none,107.73,1,1,3,1,0,6.7,0
CUST-04930,West,63,4,16,two-year,fiber,109.33,0,1,3,2,1,6.5,0
CUST-04931,West,72,5,2,two-year,fiber,109.58,0,1,2,1,1,5.5,0
CUST-04932,Midwest,25,3,53,one-year,dsl,100.1,0,1,3,0,0,7.3,0
CUST-04933,South,61,2,65,one-year,fiber,122.17,0,1,3,4,0,4.6,1
CUST-04934,South,34,3,60,month-to-month,none,63.83,0,1,0,2,0,7.4,0
CUST-04935,South,24,1,28,month-to-month,dsl,79.38,0,1,1,1,0,7.5,1
CUST-04936,South,33,5,43,month-to-month,fiber,155.87,1,0,4,2,0,6.3,0
CUST-04937,South,73,3,70,month-to-month,fiber,84.96,1,0,1,5,1,2.2,0
CUST-04938,Midwest,54,1,43,month-to-month,fiber,124.13,1,0,4,4,0,4.5,1
CUST-04939,South,45,4,22,month-to-month,dsl,94.36,0,0,2,2,0,5.8,1
CUST-04940,Midwest,33,3,25,two-year,fiber,109.48,1,1,1,2,0,7.0,0
CUST-04941,Northeast,49,5,53,two-year,dsl,74.68,0,0,1,3,0,7.2,1
CUST-04942,West,48,4,33,one-year,dsl,65.06,0,1,2,0,0,6.9,0
CUST-04943,South,42,2,61,one-year,fiber,77.33,1,1,0,1,0,6.7,0
CUST-04944,Midwest,44,1,63,month-to-month,fiber,86.06,1,1,1,2,1,5.2,1
CUST-04945,West,61,3,3,month-to-month,fiber,118.54,1,1,3,2,1,6.8,0
CUST-04946,West,53,5,53,one-year,fiber,138.3,0,0,4,0,0,6.2,0
CUST-04947,South,19,4,27,one-year,dsl,114.14,0,0,4,2,0,5.5,1
CUST-04948,South,39,5,38,month-to-month,dsl,84.61,0,1,1,0,0,8.3,0
CUST-04949,Midwest,21,5,20,month-to-month,dsl,117.01,1,0,3,1,3,8.2,0
CUST-04950,Midwest,73,3,27,month-to-month,fiber,60.85,0,1,1,0,1,7.7,0
CUST-04951,West,37,5,24,month-to-month,fiber,86.03,0,0,4,1,0,7.0,0
CUST-04952,South,75,5,4,month-to-month,dsl,81.61,0,1,4,2,0,8.7,0
CUST-04953,Midwest,32,1,57,month-to-month,dsl,101.36,1,0,2,1,3,6.3,0
CUST-04954,Northeast,39,1,11,one-year,dsl,63.75,0,1,3,0,1,7.5,0
CUST-04955,Midwest,42,2,28,two-year,dsl,96.26,0,0,4,1,0,7.2,0
CUST-04956,Midwest,72,5,14,month-to-month,dsl,60.17,1,1,0,2,1,8.1,0
CUST-04957,Midwest,23,5,12,one-year,fiber,91.29,1,0,1,2,0,7.8,0
CUST-04958,Northeast,65,1,27,one-year,fiber,108.21,1,0,3,1,0,8.4,0
CUST-04959,South,57,5,67,month-to-month,dsl,78.06,1,0,0,4,0,6.2,1
CUST-04960,Northeast,31,1,68,one-year,fiber,108.74,0,1,3,1,2,6.7,0
CUST-04961,South,68,4,28,month-to-month,dsl,85.73,1,1,1,1,0,7.3,0
CUST-04962,South,51,3,37,one-year,fiber,120.65,0,1,1,0,0,7.3,0
CUST-04963,South,48,4,71,month-to-month,fiber,139.82,1,1,4,1,0,7.2,0
CUST-04964,West,40,4,17,two-year,fiber,98.45,0,1,2,1,0,7.9,0
CUST-04965,Midwest,43,5,69,two-year,dsl,84.26,1,0,3,2,0,7.2,0
CUST-04966,West,66,4,8,month-to-month,dsl,99.28,1,1,3,2,0,7.7,0
CUST-04967,Northeast,76,3,17,month-to-month,fiber,120.63,0,1,2,1,0,7.5,0
CUST-04968,West,71,3,25,month-to-month,fiber,98.59,0,0,2,0,0,8.0,0
CUST-04969,Midwest,38,5,3,one-year,fiber,141.29,1,0,4,0,1,7.4,0
CUST-04970,Northeast,55,4,59,one-year,fiber,133.04,0,1,4,1,0,6.5,0
CUST-04971,West,77,4,62,month-to-month,dsl,82.57,1,0,0,2,1,5.7,0
CUST-04972,Northeast,55,4,28,one-year,fiber,124.93,0,0,2,1,1,8.4,0
CUST-04973,West,18,2,61,month-to-month,fiber,94.8,1,1,3,2,0,5.4,0
CUST-04974,Northeast,61,5,56,month-to-month,fiber,104.26,1,0,3,2,0,7.2,0
CUST-04975,Midwest,52,4,58,month-to-month,dsl,86.77,1,1,2,1,2,7.2,0
CUST-04976,Midwest,47,1,58,month-to-month,dsl,110.48,1,1,3,2,1,6.1,0
CUST-04977,Northeast,20,4,42,month-to-month,dsl,103.93,1,1,2,0,0,8.1,0
CUST-04978,West,46,5,8,month-to-month,dsl,70.45,1,1,0,2,0,7.2,0
CUST-04979,West,65,4,67,month-to-month,none,80.95,1,1,1,0,0,7.1,0
CUST-04980,South,51,5,44,two-year,fiber,84.61,1,1,0,1,0,7.2,0
CUST-04981,Northeast,34,4,65,month-to-month,dsl,80.5,0,1,3,0,0,7.7,0
CUST-04982,Midwest,67,5,70,two-year,dsl,81.75,0,1,4,2,0,7.0,0
CUST-04983,West,44,3,14,one-year,fiber,104.3,0,1,1,1,0,6.4,0
CUST-04984,Northeast,56,2,29,one-year,dsl,85.01,1,1,3,0,0,8.5,0
CUST-04985,Northeast,18,3,14,month-to-month,dsl,118.74,1,1,4,0,0,8.1,0
CUST-04986,Midwest,26,5,4,one-year,dsl,83.76,0,0,1,2,0,7.9,0
CUST-04987,South,30,4,70,month-to-month,fiber,123.45,1,0,4,1,0,7.5,0
CUST-04988,West,26,1,67,month-to-month,fiber,96.47,0,1,0,0,0,7.4,0
CUST-04989,Midwest,43,2,68,month-to-month,none,72.37,1,1,3,0,0,8.7,0
CUST-04990,Midwest,42,1,64,month-to-month,fiber,59.83,1,1,0,2,0,7.9,0
CUST-04991,South,22,5,47,two-year,fiber,96.6,1,1,3,0,0,7.1,0
CUST-04992,Midwest,57,2,38,two-year,fiber,100.43,1,0,0,2,0,6.8,0
CUST-04993,South,46,1,72,one-year,fiber,123.01,1,1,4,3,0,4.8,0
CUST-04994,South,41,5,40,month-to-month,dsl,55.31,0,1,1,0,0,6.9,0
CUST-04995,Northeast,32,5,47,two-year,dsl,106.89,1,1,1,1,0,9.2,0
CUST-04996,South,40,5,16,one-year,none,112.66,0,1,2,1,0,6.6,0
CUST-04997,West,27,2,54,month-to-month,fiber,138.03,1,1,4,3,1,6.5,0
CUST-04998,South,71,3,60,month-to-month,fiber,93.18,1,1,0,1,0,7.8,1
CUST-04999,Northeast,48,3,49,one-year,fiber,97.41,0,1,1,0,1,7.3,0
CUST-05000,West,70,4,36,month-to-month,fiber,109.82,0,0,3,1,0,6.8,0
